x_ref,y_ref,z_ref,x,y,z,eta,e1,e2,e3,u,v,w,p,q,r,sec,nanosec,angle2,angle3,control_mode,std_test,x2,y2,z2,time
0.0,0.0,5.0,-1.7159279699241734,0.9109642942603768,4.953495498932813,-0.9764164067604755,-0.0007844402411222005,-0.00024968835746790307,0.2158942401227817,0.09110543281460863,0.015005069728488099,0.0009558988528783555,-0.0015349719774349069,-0.002495761896170734,-0.011617428481258685,21793,23000000,7.79,0,2,3,-0.0015895263841466038,-0.197941176852855,4.984443046485096,5.650520324707031e-05
0.0,0.0,5.0,-1.694246623166153,0.9034409356039032,4.953816984093499,-0.9761696111286988,-0.0005934881946560223,-3.879650347337715e-05,0.217008148638337,0.13367994979797038,0.00900563752127756,0.002257571216635458,-0.0012875219681518502,-0.0023661121531404206,-0.011308291504974477,21793,271000000,7.62,0,2,3,-0.0015895263841466038,-0.197941176852855,4.984443046485096,0.6492760181427002
0.0,0.0,5.0,-1.6647680952626023,0.8914448576052408,4.954427185983647,-0.9758749139346967,-0.0004129309149860881,0.00020569740569324416,0.21832988693622563,0.148836821298796,0.007084543841567932,0.0030609527621046147,-0.0006661320469447674,-0.00246572687956359,-0.013203645357862115,21793,467000000,7.49,0,2,3,0.006800351599149649,-0.18022015529126634,4.986387395848355,1.3394052982330322
0.0,0.0,5.0,-1.637387226729299,0.8807989222745279,4.955033894525108,-0.9755279869803619,-0.00032388941745360657,0.00042807365642589417,0.21987464261854317,0.11588431706414175,0.011924327055625942,0.002228652766711599,0.0006626091931138944,-0.001476935494792997,-0.015200274629023625,21793,691000000,7.34,0,2,3,0.006800351599149649,-0.18022015529126634,4.986387395848355,1.9582242965698242
0.0,0.0,5.0,-1.6234252345764482,0.8768536461112735,4.955270091836435,-0.9752495914484054,-0.0004135541582584561,0.00045811581586049916,0.22110597794400677,0.06707395073270928,0.018036901504362712,0.0006935024360709428,0.0011778738098655595,0.0007318688403756823,-0.016166360001079738,21793,909000000,7.17,0,2,3,0.006800351599149649,-0.18022015529126634,4.986387395848355,2.5713913440704346
0.0,0.0,5.0,-1.6152593599138498,0.877196011945122,4.955255850444285,-0.9749277692219656,-0.0005355907573160284,0.00035938366986912123,0.22252062552896096,0.016509847386681698,0.024168576661604938,-0.0008339546509146232,0.0010035944228548033,0.0018152711504626495,-0.0159633196744835,21794,69000000,7.04,0,2,3,0.009922961247794104,-0.16473003540125658,4.987584186357227,3.1630706787109375
0.0,0.0,5.0,-1.615107212782094,0.8838392039208975,4.95487517689167,-0.9745287542199215,-0.0006979553880647913,0.00016151670984030216,0.22426144111103108,-0.03760795685858446,0.03015026107889184,-0.002608043936341449,0.0007720441601577477,0.0022038066390450695,-0.01668833428993821,21794,251000000,6.89,0,2,3,0.009922961247794104,-0.16473003540125658,4.987584186357227,3.8541817665100098
0.011880000000000134,0.0,5.0,-1.6231358702021454,0.8949005743947208,4.9541929824618745,-0.9741326208303269,-0.0008025305365449351,-3.2805054067888033e-05,0.22597564449029678,-0.0797280112578747,0.03367262616979418,-0.0042233274072458775,0.000528366786056722,0.0020534148688966525,-0.018237412405142095,21794,473000000,6.71,0,2,3,0.009922961247794104,-0.16473003540125658,4.987584186357227,4.541718244552612
0.026595000000000202,0.0,5.0,-1.6413932821462935,0.9133774939070797,4.952982496138755,-0.9736116994042294,-0.000933356422602377,-0.00024209175053161813,0.22820895911550138,-0.1196910556811868,0.03655354633244943,-0.005871047812813764,0.0007522437329043896,0.0019114216911475523,-0.019733953740797006,21794,673000000,6.53,0,2,3,0.04081698904519462,-0.1678281399565576,4.988710353569142,5.19888162612915
0.04704000000000026,0.0,5.0,-1.6709569780412186,0.9403865382567997,4.951211504863298,-0.9729347839068342,-0.0010519441582460048,-0.0004845083274573374,0.23107696754399754,-0.11631516813712503,0.0340687219070098,-0.005677378557744334,-0.0004753260071765908,0.001309142191985302,-0.017597273290448356,21794,913000000,6.28,0,2,3,0.04081698904519462,-0.1678281399565576,4.988710353569142,5.9488654136657715
0.1047600000000004,0.0,5.0,-1.6890649313550243,0.959463945637519,4.949915082563945,-0.9724118470108214,-0.0009663803181866744,-0.0005812327492473003,0.23326793193787715,-0.04226444808930892,0.024484824928024593,-0.003202614188234461,-0.0012982422276763828,-0.0009709091614240606,-0.012519019219325855,21795,207000000,5.95,0,2,3,0.10252134179143679,-0.19228913907886347,4.989848336658905,6.459434270858765
0.14185500000000045,0.0,5.0,-1.6877022818357081,0.964192069572543,4.9494436178505365,-0.9721029997050997,-0.0007784494058261484,-0.00040192922599050656,0.2345527455259605,0.030131448171883245,0.016584706029091033,-0.0009138948277568565,-0.0010682820061447273,-0.0022514212105306797,-0.009900552959152265,21795,498000000,5.69,0,2,3,0.10252134179143679,-0.19228913907886347,4.989848336658905,6.9904937744140625
0.18432000000000054,0.0,5.0,-1.6625345932435591,0.9560313124897851,4.9496388614492375,-0.9717428291390839,-0.0005212585142301343,-4.800305376345156e-05,0.2360415217753804,0.11732860892081438,0.009413238393698727,0.00188567767973188,-0.0009516512193386006,-0.002494083378223877,-0.008632802746433299,21795,743000000,5.52,0,2,3,0.15954588233664255,-0.21387673838666926,4.990844763584921,7.476361036300659
0.2320650000000006,0.0,5.0,-1.6153659072498143,0.9343163448717284,4.950658816124855,-0.9713968584716075,-0.00030493300214747557,0.00030879120679648894,0.2374614811192462,0.18167411057849867,0.005578952791074594,0.0038823829280480475,-0.0005137992786785617,-0.002235751912849082,-0.008702343075128738,21796,85000000,5.3,0,2,3,0.15954588233664255,-0.21387673838666926,4.990844763584921,7.967534780502319
0.28500000000000064,0.0,5.0,-1.5485928169310204,0.9013386394926517,4.952409850039999,-0.971017321910199,-0.00015707731830399505,0.0006390648115516962,0.23900821632995745,0.22641659997978786,0.004231425699123168,0.00534000178673274,-0.0001902214776805522,-0.0017674145965429489,-0.009041903467732482,21796,429000000,5.1,0,2,3,0.20005066796355264,-0.2203454006408774,4.991421761161385,8.484065771102905
0.3430350000000007,0.0,5.0,-1.450260252216355,0.8521841794354816,4.9552225634349565,-0.9705195685964909,-6.267953879408552e-05,0.0009540757394611423,0.24102044058967298,0.23921133691644186,0.007200525014207285,0.005678498673391171,2.8311057320706823e-05,-0.0011555177934496896,-0.008786533635429805,21796,793000000,4.87,0,2,3,0.20005066796355264,-0.2203454006408774,4.991421761161385,9.107309579849243
0.4060800000000008,0.0,5.0,-1.3642591143600251,0.8121980931866932,4.957556960329931,-0.9700794215450677,-0.0001441743098226589,0.0010525241343593166,0.242785475886639,0.16612319347869817,0.01821570754069307,0.0033284185205349212,0.0007802512982379994,0.0007483254250928439,-0.0075299942182027735,21797,239000000,4.58,0,2,3,0.22424421672138856,-0.20965784017405054,4.991337038972571,9.734985589981079
0.4740450000000009,0.0,5.0,-1.3218683160822917,0.7991990721284261,4.958328682127877,-0.9697597016226771,-0.00036525583036985516,0.0008733590996520054,0.24405987982615646,0.07404736747170629,0.029155949815346305,0.00046328932972010135,0.0012387591482365679,0.00230422217555315,-0.007254428601299878,21797,687000000,4.34,0,2,3,0.23392129877124443,-0.19990978666998221,4.99113366508282,10.24295163154602
0.5468400000000009,0.0,5.0,-1.3069706443942628,0.8042340494906717,4.958048298290418,-0.9694424452151027,-0.0006453617875601985,0.0005045594075702206,0.24531749701831268,-0.005013492952197182,0.037824116505794765,-0.0022069375061684457,0.0009317719388945989,0.002486270341250929,-0.00834569273138186,21798,45000000,4.18,0,2,3,0.24652925844568577,-0.1935659349807156,4.990922200693499,10.76144289970398
0.624375000000001,0.0,5.0,-1.3113504217829908,0.8225971079716148,4.956888202435714,-0.9690444851285649,-0.0008843534664425487,0.00017299150434580058,0.2468845354306341,-0.06478527152020797,0.044373506305697266,-0.004630362200116431,0.0008899415036012215,0.0020264023760319105,-0.011455343064881163,21798,385000000,4.03,0,2,3,0.24652925844568577,-0.1935659349807156,4.990922200693499,11.271186828613281
0.7933050000000011,0.0,5.0,-1.3316121701502008,0.8531363261180142,4.954832907766829,-0.9684463176269547,-0.0011135456467536399,-0.00010124335678809917,0.24921974167522687,-0.111293804252933,0.0501831134661499,-0.007050410445351314,0.0008526533463282249,0.0016407859675382497,-0.015627024913555942,21798,723000000,3.83,0,2,3,0.3444003683095377,-0.22381389097783522,4.990013812068952,11.752470016479492
0.8845200000000012,0.0,5.0,-1.3591790698878938,0.8887639331093451,4.952264522308162,-0.9677590108903058,-0.0013153950888133037,-0.0003202539229410911,0.251874302011543,-0.1161260918031303,0.053419129464694314,-0.007658524550968345,0.0008037059444632177,0.001598087226284406,-0.014933381226001075,21799,77000000,3.52,0,2,3,0.4355285613086796,-0.26157333398426497,4.9891766690322665,12.252328395843506
0.9801150000000013,0.0,5.0,-1.3775316165465192,0.9199557644659401,4.950018586026279,-0.9672339067203306,-0.0014068905892563955,-0.00043981789093562205,0.2538826439708304,-0.043324031899333336,0.05240475085708424,-0.005676886017922724,-0.0003201818714160254,-0.001102718636047939,-0.006393073726940202,21799,428000000,3.19,0,2,3,0.4355285613086796,-0.26157333398426497,4.9891766690322665,12.729923486709595
1.0800000000000012,0.0,5.0,-1.3635026318082588,0.9318672307996474,4.9486237108729885,-0.967159146030435,-0.0012653117216483495,-0.00010919849744463683,0.254168395579811,0.07536368774291813,0.04971434523400578,-0.0028509014460081747,-0.0003022693618959238,-0.0024978596911751083,0.0022293443407761515,21799,765000000,2.93,0,2,3,0.5889821859618247,-0.3166946515810906,4.987798053316962,13.206600189208984
1.1840850000000014,0.0,5.0,-1.3210229800128472,0.9259655651039458,4.948117005059317,-0.9673484733171773,-0.0011391626432284065,0.0002718735781239657,0.25344735067496,0.1680055279459119,0.048945557591582076,-0.0006091535768535993,6.490855426477538e-05,-0.0027062811341238557,0.00680374705552822,21800,96000000,2.85,0,2,3,0.5889821859618247,-0.3166946515810906,4.987798053316962,13.703761100769043
1.2922800000000014,0.0,5.0,-1.2415337467617156,0.9028115634548277,4.948382705456112,-0.9677699823016384,-0.0010467320764756636,0.0007625835010225595,0.2518324525835596,0.24786573693130148,0.04958492417657927,0.0014182018372000864,0.0003192656180317499,-0.002563606471994717,0.010791218119265977,21800,428000000,2.89,0,2,3,0.6886020638609123,-0.33466058661673936,4.986789762481569,14.250958442687988
1.4044950000000016,0.0,5.0,-1.151976535319587,0.8725376645706696,4.949280539357393,-0.9682781078222094,-0.001003981186732026,0.0011496069873308532,0.2498703190412852,0.2936699227154159,0.05078940004002776,0.002733154086266646,0.0003599984808033696,-0.0020566390730891726,0.012809432973881485,21800,799000000,3.03,0,2,3,0.7321089774111887,-0.3340103043453153,4.986370818369605,14.735322713851929
1.5206400000000015,0.0,5.0,-1.0451145884447282,0.8349799042108182,4.950715475783337,-0.9688903807297193,-0.0009895778935846296,0.0014723473935361426,0.24748390464465397,0.32300466451727033,0.05243878865737206,0.003487562187878236,0.0003929865727059223,-0.0015969230958035041,0.014874903627060121,21801,156000000,3.19,0,2,3,0.7321089774111887,-0.3340103043453153,4.986370818369605,15.231565237045288
1.6406250000000018,0.0,5.0,-0.9126545453524334,0.788904049663561,4.952615840393521,-0.9697094342244796,-0.0010057880977396667,0.0017667638750387526,0.24425290195154714,0.32757941572049487,0.05611874482419996,0.003232617155420918,0.0004089037247467786,-0.0011745829738174507,0.01669113953539636,21801,505000000,3.48,0,2,3,0.7321089774111887,-0.3340103043453153,4.986370818369605,15.810087203979492
1.7643600000000017,0.0,5.0,-0.7762606043681458,0.7480930087695518,4.954294422478385,-0.9706041508454831,-0.0011070318864658348,0.0018872470128792232,0.24067155033496002,0.2578908915045884,0.06921533623327092,0.0014715951742623847,0.00060878332988068,0.0005466536094900221,0.014496856510959333,21801,921000000,3.83,0,2,3,0.7321089774111887,-0.3340103043453153,4.986370818369605,16.48294472694397
1.8917550000000016,0.0,5.0,-0.6863096312917307,0.7356893376235745,4.954830410054224,-0.9712381594694499,-0.0013738272122579447,0.0016790070829052958,0.23810025435601984,0.16641278510989932,0.0859492111480871,-0.0006278960730780294,0.0014686334338875895,0.002684553987819527,0.011489570624689804,21802,390000000,4.26,0,2,3,0.8893082470389622,-0.2944569508689546,4.985675360511449,17.04205584526062
2.0227200000000014,0.0,5.0,-0.6356818628003735,0.742714043202884,4.954557051569808,-0.9715870063496399,-0.001666928645590103,0.0012792412590394802,0.23667334869654466,0.09838888554969116,0.09714737535254014,-0.002229106642455429,0.0008334288111200294,0.0028045990347891347,0.004662230639951304,21802,778000000,4.62,0,2,3,0.8893082470389622,-0.2944569508689546,4.985675360511449,17.537576913833618
2.1571650000000018,0.0,5.0,-0.6045770110403036,0.758319552204054,4.953895323190985,-0.9716431541912278,-0.0018761898221872195,0.0009614394054824171,0.2364426705553438,0.05222443535439801,0.10401279785558844,-0.0034546584468229226,0.0012350004340078158,0.002259277539451432,-3.8099366506116894e-05,21803,98000000,4.88,0,2,3,0.8893082470389622,-0.2944569508689546,4.985675360511449,18.04764151573181
2.2950000000000026,0.0,5.0,-0.5781390065152102,0.7862649580868635,4.95262887004247,-0.9715607446853071,-0.002156858073679654,0.0006986646353493792,0.23677960050964797,0.014611562714483875,0.1136173804050171,-0.004975609245043705,0.0013300700288709777,0.0016089830296550645,-0.005406968739407603,21803,386000000,4.98,0,2,3,0.8893082470389622,-0.2944569508689546,4.985675360511449,18.643072605133057
2.4361350000000024,0.0,5.0,-0.5631588403209272,0.8129000557767365,4.951324944885151,-0.9713289005477201,-0.0023619533408321194,0.0005617593526403367,0.23772730714750173,-0.004441418425915988,0.1211822720964761,-0.006084254837754996,0.0014588019666916807,0.0012058676816195657,-0.010097526319441386,21803,727000000,5.0,0,2,3,0.8893082470389622,-0.2944569508689546,4.985675360511449,19.073434829711914
2.5804800000000023,0.0,5.0,-0.5487226375827201,0.8480282973755561,4.9495218253238304,-0.9708539259415827,-0.0026029572649327523,0.00047585452380408014,0.23965736512730995,-0.01674837051440343,0.13081264573089438,-0.007148588009374468,0.001549093212815933,0.0007531016649409139,-0.016548253006476443,21803,997000000,4.88,0,2,3,0.8893082470389622,-0.2944569508689546,4.985675360511449,19.52375817298889
2.727945000000002,0.0,5.0,-0.5377433929045101,0.8788507314835978,4.947893162442996,-0.970315335299744,-0.0027931565483852276,0.00045272550041845295,0.24182668049299805,-0.021324995839827176,0.13871876403838454,-0.007884155149936957,0.001782168885711144,0.000510085004634675,-0.02044256416411372,21804,287000000,4.79,0,2,3,0.8893082470389622,-0.2944569508689546,4.985675360511449,20.034680604934692
2.878440000000002,0.0,5.0,-0.5239766198432118,0.9172072519608685,4.9457973108944895,-0.969552429018115,-0.0030387107857210594,0.0004661704742779068,0.24486452643639883,-0.020286573313251986,0.14898793308462124,-0.00877833444877275,0.0016951249335761531,0.00029746245786554937,-0.02373019542574184,21804,525000000,4.62,0,2,3,0.8893082470389622,-0.2944569508689546,4.985675360511449,20.523570775985718
3.0318750000000025,0.0,5.0,-0.5126878280668827,0.9458772693987637,4.9441702464003505,-0.9689543452890477,-0.003197501422229349,0.0004897960988463344,0.2472185527623459,-0.017209459212769562,0.15629527133355114,-0.009391694056403367,0.0016498659988428699,0.00018014056735182749,-0.024574332201154903,21804,797000000,4.39,0,2,3,1.3653144305831233,-0.2919933858002331,4.98459914615164,21.050237894058228
3.188160000000002,0.0,5.0,-0.4963741890385656,0.9809959849500408,4.942106207278677,-0.9682630210111076,-0.003367521241027754,0.0005513119196128729,0.24991013984690857,0.011264114547167433,0.16168570639322047,-0.00955144796919078,0.00024770169204657577,-0.001001675752831943,-0.013862955074728234,21805,5000000,4.24,0,2,3,1.3653144305831233,-0.2919933858002331,4.98459914615164,21.58155345916748
3.347205000000003,0.0,5.0,-0.45237612582998216,1.0096012715329865,4.939900191191829,-0.9686075928151114,-0.003251565513146988,0.0009418117350735167,0.24857166261117708,0.14690753950247668,0.147867377802304,-0.007313486027100392,-0.0002375041276536649,-0.003662296694528777,0.029146081033104565,21805,237000000,4.1,0,2,3,1.4739172487324603,-0.2939321678041563,4.983915841222602,22.06760025024414
3.5089200000000025,0.0,5.0,-0.3771740643462586,1.0171956558654063,4.938355920629242,-0.9701341019166454,-0.0030787956784707037,0.0014619179721958604,0.2425452702309338,0.2616887356683474,0.13613828336064207,-0.005338278495554552,-0.00024075065425677167,-0.0037617966654579504,0.049661577577353455,21805,540000000,4.41,0,2,3,1.4739172487324603,-0.2939321678041563,4.983915841222602,22.55095338821411
3.6732150000000026,0.0,5.0,-0.3125279602049053,1.013127657040746,4.937688921254496,-0.9714063823319949,-0.002973595932413669,0.0017863185243106763,0.23739757192950844,0.32397521536277024,0.12933019243803995,-0.0042035066174466226,-0.0002665094257281453,-0.0034004967119471985,0.055161955242510885,21805,842000000,5.2,0,2,3,1.6189791577106203,-0.2880036990594703,4.982539533602569,23.113276958465576
3.8400000000000025,0.0,5.0,-0.24663993006698462,1.0048669712846083,4.9373070596046436,-0.9725622367643175,-0.0028949130727177023,0.0020659275786041468,0.23261566379229237,0.3657388296281843,0.12375688853498176,-0.0034176151398844163,-0.0001981665732841975,-0.0033159328040710534,0.054478421589010395,21806,54000000,5.84,0,2,3,1.6189791577106203,-0.2880036990594703,4.982539533602569,23.673564672470093
4.009185000000003,0.0,5.0,-0.1670549999157833,0.9920279821586511,4.937085224663122,-0.9737680471466688,-0.002824803969297251,0.002365751018012208,0.227513107448381,0.39998574125874203,0.1180928350854207,-0.0027722885520649557,-5.735963277686551e-05,-0.0031508682695857715,0.05072842177469283,21806,222000000,6.43,0,2,3,1.6189791577106203,-0.2880036990594703,4.982539533602569,24.237848043441772
4.180680000000002,0.0,5.0,-0.05638621772110249,0.9714945207680592,4.937013725309516,-0.9752145530585971,-0.0027494564613475426,0.0027198601132555423,0.2212275262096749,0.4286119935673202,0.11346760276201315,-0.0026538790659616537,8.38768571043147e-05,-0.0027728346822186722,0.04935006836603861,21806,429000000,7.05,0,2,3,1.76548474449012,-0.2770301465758498,4.980884759726258,24.757808685302734
4.354395000000002,0.0,5.0,0.049319019700117074,0.9518217738580369,4.9369188060245035,-0.9765118500673948,-0.0027083539909999203,0.00301274003027922,0.2154256133660129,0.43864219288616413,0.11320815249368119,-0.0033520764188871557,8.765242114350258e-05,-0.002485650611561141,0.04888347029918805,21806,678000000,7.79,0,2,3,1.8351058488244676,-0.2713342214456052,4.980047737599489,25.38356924057007
4.708125000000003,0.0,5.0,0.17576639061555835,0.9289343172971388,4.936727155392053,-0.9779349690316204,-0.002666206786332247,0.0033078405038899955,0.20886633495538925,0.44393455696594974,0.1140700535911996,-0.0042602047910591315,-9.239978808750493e-05,-0.002050968851108337,0.0486041735712206,21806,919000000,8.47,0,2,3,1.9022792264012858,-0.2658843987223898,4.979201068124127,26.040048360824585
4.887960000000002,0.0,5.0,0.3184186601473509,0.9075401016514685,4.936071754640672,-0.9795795115556325,-0.002656403944817692,0.003571469204537661,0.20100788209976117,0.42449417927353705,0.12259496165732835,-0.006383955135293261,0.0005224001995429717,-0.0015057591554068495,0.05219428276177496,21807,207000000,9.22,0,2,3,1.9022792264012858,-0.2658843987223898,4.979201068124127,26.643696546554565
5.069655000000004,0.0,5.0,0.4387901024051553,0.8959742401406597,4.934938531166557,-0.9810590234176604,-0.0027796509641665494,0.0037370228195218024,0.19365304224759766,0.39552044676487297,0.135355653886871,-0.008442239128256292,0.0021039800230937544,-0.0003106039827116547,0.054832840396557,21807,522000000,10.13,0,2,3,1.9022792264012858,-0.2658843987223898,4.979201068124127,27.23867177963257
5.253120000000004,0.0,5.0,0.5584145159068751,0.8949614581817785,4.93305536306507,-0.9825423160606772,-0.0031612778370672463,0.003732568343049901,0.18597492144405298,0.34754416164068824,0.15634542103334334,-0.011086423938477766,0.0032055142355602584,0.0004423522057095397,0.037735920705017634,21807,814000000,11.0,0,2,3,1.9022792264012858,-0.2658843987223898,4.979201068124127,27.793874740600586
5.6250000000000036,0.0,5.0,0.6670428862140629,0.9075650496169255,4.9301798967899595,-0.9830300748977836,-0.0036494441603701494,0.0038066365124880845,0.18336865305236844,0.29839886142579497,0.18448905474772598,-0.014792325378295465,0.0035477084793456015,-0.0011736672036022355,-0.016476893142680638,21808,111000000,11.96,0,2,3,2.2784667709373587,-0.23783688552680834,4.974104130125698,28.376160621643066
5.813235000000003,0.0,5.0,0.7725735284694376,0.9350588438899446,4.925987460548869,-0.9820901937034581,-0.0040792475430647315,0.0041464856273440084,0.18832158088739814,0.26355421162256903,0.2095871050822769,-0.01770205234253606,0.002082173705275636,-0.0002750446853383437,-0.006137612399470527,21808,406000000,12.4,0,2,3,2.3863286638734884,-0.23055987440758624,4.9725200507849525,28.944310188293457
6.002880000000004,0.0,5.0,0.8559752805139554,0.9613770145345291,4.922294513088378,-0.9824844679760424,-0.004315529006082105,0.004134510827325774,0.18624863010355075,0.26022181119425103,0.21354256966824772,-0.018197111890972673,0.0014013772442922345,0.0005940084520261735,0.03606861828302499,21808,723000000,12.05,0,2,3,2.5063681726406726,-0.22271130794573568,4.970724732233894,29.4818754196167
6.193845000000003,0.0,5.0,0.9332626113969077,0.9863995206138682,4.918834835599813,-0.9835934728654508,-0.004480574524599561,0.004073521437806517,0.1802975624114379,0.26666550919152976,0.21249142662059134,-0.018302905738393552,0.0006236835304207489,0.00018632282774433406,0.060430281519074924,21808,982000000,12.48,0,2,3,2.6074342253185363,-0.21623540382152906,4.9691901938437955,30.042057514190674
6.386040000000003,0.0,5.0,1.0194699694373557,1.0129808057267422,4.915120375592377,-0.9851339370216625,-0.004551178122721833,0.004082601990575924,0.1716791928769485,0.286437598047897,0.20827106350756158,-0.018150718784684418,-0.00019861940216969742,-0.0008523440897079126,0.07133419276215136,21809,226000000,13.31,0,2,3,2.6074342253185363,-0.21623540382152906,4.9691901938437955,30.620416164398193
6.579375000000004,0.0,5.0,1.1037928647800752,1.0357409743570647,4.911772525866962,-0.9866017606588158,-0.004549222592679959,0.004183176622424952,0.16302997108529566,0.31053549000031044,0.20358186221472213,-0.018086178103135012,0.0008124263615627569,-0.0011956431990256533,0.07396060827886686,21809,490000000,14.45,0,2,3,2.8101035148824005,-0.20363481706248604,4.966095270434366,31.19219398498535
6.773760000000003,0.0,5.0,1.191443826631007,1.0584190279025678,4.908408848333973,-0.9880066847782012,-0.0046530115969464735,0.004264400575762491,0.15428206378058462,0.32762713034307744,0.20234946052060376,-0.01840693079523336,-0.000842856212557308,-0.0011118892075501208,0.07273265800904483,21809,732000000,15.57,0,2,3,2.8101035148824005,-0.20363481706248604,4.966095270434366,31.817933082580566
7.165320000000004,0.0,5.0,1.3017360645532665,1.081767585967592,4.904604198849062,-0.9894852830389325,-0.004538318130535645,0.0044402102650965185,0.14449416199525644,0.36808270384480246,0.19206175652649699,-0.018126476328664983,-0.00018499544580663496,-0.0018378510617367283,0.0707909042830579,21809,961000000,16.71,0,2,3,3.014813930463536,-0.1915974477770962,4.962946131218064,32.42466402053833
7.362315000000003,0.0,5.0,1.4279695864417246,1.1046226363237686,4.9006149542855235,-0.9909669604086218,-0.004480328888182689,0.004654557293785869,0.13395053239143756,0.40724221629273016,0.1821467977358921,-0.017995889552664207,-0.001087539169475349,-0.0022532326283908333,0.06854379898868501,21810,242000000,17.98,0,2,3,3.014813930463536,-0.1915974477770962,4.962946131218064,33.03703284263611
7.560000000000004,0.0,5.0,1.5579520194099015,1.1206225372054723,4.897155212219426,-0.9921820810937858,-0.004362652869019256,0.0049311110483657005,0.1246249146847338,0.45072829120958335,0.1700888476520281,-0.01784507275493054,-0.00029410881268177036,-0.002212726531070075,0.06834445157437585,21810,538000000,19.36,0,2,3,3.2764821036783385,-0.17719616577445696,4.9590120880378965,33.60743308067322
7.758285000000004,0.0,5.0,1.7048891265863166,1.1365921798304823,4.893442649493626,-0.9934039539080421,-0.004269381964486795,0.0051704850484765585,0.11447105669938112,0.4819381364980441,0.1602331590408282,-0.01805111277349171,-0.0019616253212006995,-0.002055979894066695,0.06040516709617805,21810,835000000,20.6,0,2,3,3.2764821036783385,-0.17719616577445696,4.9590120880378965,34.19524931907654
7.957080000000003,0.0,5.0,1.883653310959669,1.1490942598404068,4.889562302851774,-0.9944144083076649,-0.004106670490155768,0.005429173499970916,0.10532636841128196,0.5134170822979729,0.14867338247360024,-0.01804002218066304,0.0001584891492711904,-0.001422794446170883,0.055907632486196235,21811,119000000,21.97,0,2,3,3.2764821036783385,-0.17719616577445696,4.9590120880378965,34.880762577056885
8.355840000000004,0.0,5.0,2.0435153141347127,1.1627283754633013,4.885892051223301,-0.9952119216315785,-0.004245894139996496,0.005583104634689871,0.09748862686473125,0.5062120762868452,0.1591374136213931,-0.020228090783861362,0.0023317498516917112,-0.0009853146138993907,0.0317827540129656,21811,467000000,23.24,0,2,3,3.2764821036783385,-0.17719616577445696,4.9590120880378965,35.47826433181763
8.555625000000004,0.0,5.0,2.1683472387733764,1.1800157095739219,4.88227592088869,-0.9953290083061777,-0.004518726181756416,0.005748978321359425,0.09626367739804942,0.4863934357358059,0.18304485594817305,-0.023960185846061383,0.0018035627476820082,-0.003231903519917978,-0.03880841613863595,21811,762000000,26.86,0,2,3,3.2764821036783385,-0.17719616577445696,4.9590120880378965,35.95584845542908
8.755560000000003,0.0,5.0,2.2993897166484225,1.2077771449837287,4.877059520913993,-0.993788671358829,-0.004683451245564481,0.006659805416122148,0.11098553489127816,0.4589539612606199,0.2299975375710884,-0.030855039857289802,0.0020007463717774954,-0.007840680791559862,-0.16292087675537914,21812,13000000,29.83,0,2,3,3.7656649821726234,-0.20097790733851548,4.968659634658592,36.58096933364868
8.955555000000006,0.0,5.0,2.428883474676778,1.2433752498461645,4.870467912318165,-0.9908953294666805,-0.004816764055461969,0.007835241283035112,0.13431996805832558,0.4445164691171047,0.2693540925718498,-0.03632181912826364,0.005895095773666981,-0.005522317951545119,-0.14049479650566354,21812,275000000,31.43,0,2,3,3.786124117560091,-0.23504863714613783,4.968719527340302,37.225285053253174
9.155520000000006,0.0,5.0,2.5608861358701245,1.2784004844934111,4.863428579588412,-0.9898159671024083,-0.005331147775038118,0.008283693925822913,0.14201165637886198,0.45608164760079806,0.2681747428964651,-0.03760637010394109,0.005528631572815357,-0.0012519427286861173,-0.009176356434181798,21812,527000000,31.22,0,2,3,3.786124117560091,-0.23504863714613783,4.968719527340302,37.87019181251526
9.555000000000007,0.0,5.0,2.685337056295389,1.308806556566503,4.856762980633005,-0.9900040620178184,-0.005910863648650488,0.008520087050647999,0.14065712564884725,0.4654814373932152,0.26651460619250694,-0.03919483810931323,0.005655786344505032,-0.0022248699451665743,0.002688863230559946,21812,781000000,33.71,0,2,3,3.786124117560091,-0.23504863714613783,4.968719527340302,38.444666385650635
9.754335000000006,0.0,5.0,2.811085509994903,1.3402896877381387,4.849711711581317,-0.9894734420806,-0.006501210771127839,0.009058521030011696,0.14428438887290485,0.46487691209993065,0.280709362871166,-0.042483639351701005,0.004717997035186272,-0.005314219606589177,-0.06550366597366519,21813,28000000,37.36,0,2,3,3.8020377573237014,-0.20006263380559228,4.962770244750052,38.970189571380615
9.953280000000005,0.0,5.0,2.9277097874996367,1.3722069618914565,4.84250769365814,-0.9877585291113928,-0.0068850744710034426,0.010031395432254151,0.15551544946695217,0.460843946182161,0.30805578946810336,-0.04796783478451013,0.008613824047642993,-0.008525472640030785,-0.13074331654934213,21813,259000000,40.67,0,2,3,3.804410003677508,-0.20202016454460697,4.963335870775917,39.454105854034424
10.151745000000005,0.0,5.0,3.046456538061742,1.4073259198051258,4.834351495119761,-0.9849828285623665,-0.007617677287633966,0.011300205119132212,0.17211363628221482,0.45634667135708795,0.3392157775863833,-0.05449880901666011,0.010502687018743018,-0.008971603620011592,-0.16640747635392472,21813,496000000,42.98,0,2,3,3.8077791936338654,-0.2047674201780361,4.9639982397657985,39.89820861816406
10.349640000000004,0.0,5.0,3.191028088534906,1.4515267618509775,4.823488309486253,-0.9808410900663523,-0.0085934371261071,0.01291268282198866,0.1941910695633241,0.4572301119025897,0.3746312420607015,-0.06244643582347385,0.013602936633105855,-0.009098014288611012,-0.17457735229982063,21813,705000000,44.88,0,2,3,3.8077791936338654,-0.2047674201780361,4.9639982397657985,40.45442605018616
10.546875000000004,0.0,5.0,3.306388993868203,1.4863688716461694,4.814257821410239,-0.9773212317089667,-0.009506582074359605,0.01422540997887431,0.2110698288696523,0.4603390088107514,0.39871781602552336,-0.06856583174563939,0.014537076367560076,-0.008817063644528389,-0.1707720832200721,21813,965000000,47.04,0,2,3,3.8077791936338654,-0.2047674201780361,4.9639982397657985,40.94356942176819
10.743360000000003,0.0,5.0,3.4379312673812965,1.5246234776561944,4.8032713559778015,-0.9732637234696064,-0.011042214882219273,0.015843474030529044,0.22887721249442167,0.4668085443828516,0.4239728077161645,-0.07622501821998377,0.03176882673869841,-0.009552662231726572,-0.16284888406516984,21814,164000000,48.87,0,2,3,3.8188783828025077,-0.21446676228079398,4.954873377453482,41.38681387901306
10.939005000000002,0.0,5.0,3.6000571646369512,1.568984329577137,4.788883731941596,-0.9682561147838846,-0.014970442294584125,0.018609346261527316,0.2488165474256887,0.4753383060079952,0.45159414667781494,-0.08902590811206275,0.03927222787751816,-0.011372785229468718,-0.15598232712363824,21814,378000000,51.13,0,2,3,3.8188783828025077,-0.21446676228079398,4.954873377453482,41.900670289993286
11.133720000000002,0.0,5.0,3.7562210277217285,1.6086601901138502,4.774352102240642,-0.9634155435966105,-0.018642734545463734,0.021400275571902504,0.2665050975320387,0.48316395439741155,0.4760471670862361,-0.10052263597364655,0.039962015944183804,-0.01146044560300652,-0.15235509927151725,21814,638000000,54.06,0,2,3,3.823075461079284,-0.2215690431836758,4.9608671759282785,42.44450807571411
11.327415000000002,0.0,5.0,3.8911576851163385,1.6406164324035595,4.761366891134968,-0.9591801422525399,-0.021689924539122257,0.023878760636363027,0.2809498294577799,0.4891980830172719,0.49625065592091955,-0.11057402507656286,0.03821103055088315,-0.011541479943844024,-0.1505542517406866,21814,887000000,56.82,0,2,3,3.826918797658141,-0.22310347372527883,4.970243169212636,42.9531729221344
11.520000000000007,0.0,5.0,4.1162228396348235,1.6894280110166486,4.738606815069451,-0.9518637075259184,-0.027044602048635437,0.028330889736828388,0.30400893487159825,0.49893432377531954,0.5294050284395614,-0.13065622897128917,0.043491763790370896,-0.012668842191487784,-0.15400732663692906,21815,95000000,59.13,0,2,3,3.826918797658141,-0.22310347372527883,4.970243169212636,43.68450665473938
11.711385000000007,0.0,5.0,4.321849718048747,1.7275998045379322,4.716628321051809,-0.9449187744037228,-0.031085844011886955,0.03234389691994427,0.32421605822887084,0.5077295153193073,0.5424918135134491,-0.1448502571929622,0.031783234953763895,-0.01150064417743124,-0.15522859612246975,21815,413000000,62.79,0,2,3,3.826918797658141,-0.22310347372527883,4.970243169212636,44.34306740760803
12.090195000000008,0.0,5.0,4.545703335099786,1.7562785708837525,4.692451614340547,-0.9369600363192736,-0.03362289206824568,0.035868096338930434,0.3459607942160119,0.5193173015368283,0.5264619940496635,-0.14940793879084396,0.021097412900417112,-0.008788769901002524,-0.14990657655289397,21815,689000000,65.95,0,2,3,3.826918797658141,-0.22310347372527883,4.970243169212636,45.02735638618469
12.277440000000006,0.0,5.0,4.7995395495741455,1.7670571250650828,4.666219091555781,-0.9285814560242285,-0.03502018856932298,0.039013544467562715,0.3674071437364415,0.5402090316244964,0.5009966652749178,-0.14692290452370813,0.014435620232688962,-0.00888174672581954,-0.10951840231427923,21815,989000000,69.07,0,2,3,3.826918797658141,-0.22310347372527883,4.970243169212636,45.74821186065674
12.463125000000007,0.0,5.0,5.054118845894581,1.7569236659808962,4.642338829400751,-0.9226403529819069,-0.03548565349664477,0.0416570887373945,0.3817593933399191,0.5655608458564251,0.478403034572929,-0.14204161668832244,0.007655557737962226,-0.008721190079086227,-0.08036050785449333,21816,327000000,72.52,0,2,3,3.8255910451457145,-0.22874553909899703,4.965529772820393,46.50820827484131
12.829455000000008,0.0,5.0,5.308466054980364,1.7284402736195794,4.620992211474904,-0.9174726531251904,-0.03520078295046021,0.043639254035253316,0.39382794613174044,0.5867834311794707,0.45618097849763545,-0.13610002430674828,0.002910780403908575,-0.0060435222167143365,-0.08131783761200495,21816,658000000,76.45,0,2,3,3.8241521403615315,-0.22634036502212748,4.971346935441344,47.26514530181885
13.009920000000006,0.0,5.0,5.545894881433482,1.6869388806891081,4.6029616431438045,-0.9120689914297565,-0.03454686495001847,0.04490179332780359,0.4061040481827026,0.5998446097483832,0.4393550612910532,-0.13041776516805006,0.0006656227697021677,-0.003728513911482878,-0.08594586470280774,21816,998000000,80.33,0,2,3,3.82222346572276,-0.2253882216025179,4.969720983450951,47.9413321018219
13.365000000000007,0.0,5.0,5.766063350829525,1.6369961397912158,4.58763389311566,-0.9067643835943349,-0.03376924644101331,0.045758922605943345,0.41778476712481427,0.6075390991322196,0.4279613559777711,-0.12555207002520868,-0.00040825236453656544,-0.002995734917021764,-0.08281905247713439,21817,320000000,83.59,0,2,3,3.82222346572276,-0.2253882216025179,4.969720983450951,48.623698711395264
13.539435000000006,0.0,5.0,5.983725076573456,1.5783311274376965,4.5735844953256795,-0.9017237439479765,-0.03291046850225254,0.04649377718113322,0.42854348594610225,0.6122260489952028,0.4198471168668167,-0.12152045064018453,-0.0009579657387348561,-0.0032355276744056027,-0.07419957910315134,21817,634000000,86.34,0,2,3,3.82222346572276,-0.2253882216025179,4.969720983450951,49.33443307876587
13.881645000000006,0.0,5.0,6.256017132907742,1.4941292755457223,4.557284695711513,-0.8961016923355076,-0.03178730669211207,0.0473973566754159,0.4401645314048875,0.615500057615092,0.41285842883978957,-0.11754228155500313,-0.0014997726452747884,-0.0037049617276352365,-0.06278710352489725,21817,919000000,88.93,0,2,3,3.8132177015999025,-0.22019178882999021,4.962959223048241,50.00169658660889
14.049240000000006,0.0,5.0,6.510843704277205,1.406414446806208,4.543145512637419,-0.8912994372197106,-0.030757909012900354,0.04816235157755935,0.4497995688476152,0.6170624198285244,0.4089304732840965,-0.11451109244370175,-0.0013424661347016809,-0.0032874248518055538,-0.056781322200549766,21818,302000000,92.07,0,2,3,3.8096235127113327,-0.21767017722333964,4.960977373109542,50.60848259925842
14.214375000000006,0.0,5.0,6.777065034094007,1.3072766648556782,4.529371677439591,-0.886620853250387,-0.02979573123876173,0.04887579629768266,0.4589409913243432,0.6171220224289142,0.40727422254160184,-0.11213586808892868,-0.0009933878914125671,-0.0029120618592060055,-0.05117852306284476,21818,661000000,94.54,0,2,3,3.8055361066841757,-0.23512423951745748,4.960874846143709,51.39344334602356
14.536905000000008,0.0,5.0,6.999344060731426,1.2197199634589606,4.518474167862441,-0.8829688892097673,-0.029087775978557773,0.049430021562400256,0.46591470780029187,0.6162117513835206,0.40742489615308874,-0.11066172026089685,-0.0004985538282653579,-0.002830433868439286,-0.046727037261007354,21819,40000000,94.2,0,2,3,3.8055361066841757,-0.23512423951745748,4.960874846143709,52.125964641571045
14.694120000000009,0.0,5.0,7.234006818797,1.1236106825075372,4.507519888116929,-0.8794484944778449,-0.028434696606456637,0.05002926210369605,0.4725027899630967,0.6143437797457075,0.40875555569198224,-0.10940302195202105,-0.00013477145586193728,-0.002848343820005539,-0.04051452815474477,21819,373000000,93.93,0,2,3,3.9250682889992414,-0.5391482938472351,4.980258185989512,52.844961166381836
15.0,0.0,5.0,7.453781090011706,1.0316904709242745,4.497690602193092,-0.8757586835511441,-0.02817188790628098,0.050797369749542194,0.47924179715785564,0.6037601325523597,0.42012945455448725,-0.10975867360586411,0.008138315752148628,-0.0023054230950947385,-0.07877852476667613,21819,706000000,94.07,0,2,3,4.013870564793975,-0.6436213347411253,4.989467747359577,53.53066039085388
15.0,0.0,5.0,7.633027459986041,0.9603119590402601,4.489819120112754,-0.8695585394517733,-0.028510899260580196,0.05194944196910065,0.49026149203149805,0.5826285039006658,0.4455910142979345,-0.11194002724511312,0.011982888827333227,-0.001224304332936299,-0.1092667480406817,21820,25000000,94.4,0,2,3,4.013870564793975,-0.6436213347411253,4.989467747359577,54.265658140182495
15.0,0.0,5.0,7.799451262498019,0.8976228155818411,4.482696556444686,-0.8627592689118265,-0.0289838253790069,0.05315915855314253,0.5019765787714118,0.562121430876459,0.46990082236618436,-0.11387327383708412,0.011966184774792055,-0.0011645180165942293,-0.1115216567995958,21820,294000000,94.01,0,2,3,4.151140094797519,-0.7728685751780915,5.0016021603817356,55.00512909889221
15.0,0.0,5.0,7.9805758061829115,0.8319318451399716,4.475248153438248,-0.8560034690043822,-0.02939866448419941,0.0545119098954024,0.5132467547472311,0.5439382262142712,0.4905496545173106,-0.1153152049882146,0.01233502207469428,-0.0026671534214983694,-0.0962529746175278,21820,532000000,93.46,0,2,3,4.151140094797519,-0.7728685751780915,5.0016021603817356,55.68071126937866
15.0,0.0,5.0,8.17634598297508,0.7636045092310412,4.46767984611299,-0.8491787888140038,-0.029865572048606376,0.05610050781804503,0.5242672651016352,0.524442206992682,0.509780613651938,-0.11646379387239161,0.011467861713754246,-0.003021533984792768,-0.08844225303619169,21820,789000000,93.04,0,2,3,4.151140094797519,-0.7728685751780915,5.0016021603817356,56.40289282798767
15.0,0.0,5.0,8.372300997286626,0.696617205826715,4.460599029380871,-0.8429435592823284,-0.03022544368493389,0.057564208824617116,0.5340589295956808,0.5101003589828539,0.522451746611957,-0.11722776888889808,0.009816723468247801,-0.00274251706287032,-0.0788406323408708,21821,59000000,92.7,0,2,3,4.151140094797519,-0.7728685751780915,5.0016021603817356,57.08332657814026
15.0,0.0,5.0,8.567975757034304,0.6296444425997386,4.4539802830097415,-0.8372610800979977,-0.030476065078122533,0.058856417815439904,0.5427716050904124,0.4999583509518214,0.5309793690233293,-0.11753580140507518,0.008573753530072281,-0.0025916666572811664,-0.06949495218577795,21821,341000000,92.49,0,2,3,4.151140094797519,-0.7728685751780915,5.0016021603817356,57.779335260391235
15.0,0.0,5.0,8.763197872963712,0.5617362179805716,4.447875425439871,-0.832280773177478,-0.030630358892976918,0.06002070707557191,0.5502435919075619,0.4935137889597548,0.5364675339083665,-0.1174207724156399,0.007331217375394772,-0.0027726109237846686,-0.05946466153545771,21821,631000000,92.39,0,2,3,4.151140094797519,-0.7728685751780915,5.0016021603817356,58.52157211303711
15.0,0.0,5.0,8.985550707326565,0.4823452182902973,4.44151697059959,-0.8274426699446865,-0.030686365158493937,0.0612304263728919,0.5573578830826397,0.48908512093328876,0.5400199030946138,-0.11700796588135982,0.005638911716232542,-0.003086612173319736,-0.0489953912619967,21821,911000000,92.42,0,2,3,4.413147367552763,-1.0143808887076575,5.022166239544011,59.417640209198
15.0,0.0,5.0,9.261942036222624,0.38120512203181434,4.434548458582172,-0.8206424793798173,-0.030938382353937307,0.0626738127344972,0.5671514178171371,0.47205234984466654,0.5467124232968094,-0.11578285410033289,0.009942735869117314,0.0015696501350248582,-0.08966972818598151,21822,225000000,92.62,0,2,3,4.450488388090806,-1.0550732905157592,5.025042358403632,60.13269829750061
15.0,0.0,5.0,9.50809140666684,0.2924606817362383,4.429240552735291,-0.81001475824141,-0.03153417984050147,0.06373126160548465,0.5820824797458432,0.44451549725845485,0.5578173530513608,-0.11407103943825625,0.00880538364071981,0.004589115269482136,-0.10783839898067527,21822,625000000,92.67,0,2,3,4.450488388090806,-1.0550732905157592,5.025042358403632,60.882225036621094
15.0,0.0,5.0,9.737386501617115,0.20919390506244726,4.425040339184074,-0.7994053985954933,-0.03179420433952265,0.06439807995202106,0.5964838845813775,0.42251932826816113,0.562474158146301,-0.11189703615449845,0.00475526207992516,0.003005015491908125,-0.09420980495633557,21822,980000000,91.75,0,2,3,4.450488388090806,-1.0550732905157592,5.025042358403632,61.74008512496948
15.0,0.0,5.0,10.00138514927599,0.10932561377397093,4.420789818425314,-0.7891462044923846,-0.031414000430641256,0.06504590400502959,0.6099429964221045,0.40604020842323807,0.5590683420070112,-0.1092481310561988,0.0019174084968653915,0.0005062313846337929,-0.07595364731969312,21823,330000000,90.75,0,2,3,4.450488388090806,-1.0550732905157592,5.025042358403632,62.47004461288452
15.0,0.0,5.0,10.220655836147936,0.021663617622193557,4.417600356908875,-0.7815253289374703,-0.030797316007853865,0.0655202925012903,0.6196585969922762,0.3969942030539456,0.5540926250869201,-0.10725837303593164,0.0006850625425158796,0.0001546668613627844,-0.06972894989303313,21823,719000000,89.96,0,2,3,4.586338350975446,-1.2403524824765242,5.0353551805668895,63.240708351135254
15.0,0.0,5.0,10.435180539840168,-0.06834091253169881,4.414708438698381,-0.7733692744139083,-0.030259827581481727,0.06588018313532447,0.6297968797138486,0.38044946153457126,0.5488441797987988,-0.10444519330348097,0.0031273895046979305,0.00458841450381442,-0.09885353210847825,21824,64000000,89.47,0,2,3,4.609715044593376,-1.281948664813693,5.037206947991779,63.94212603569031
15.0,0.0,5.0,10.67982481500735,-0.17238573948762176,4.411958398240119,-0.75856342083381,-0.03006111155432513,0.06584426469982993,0.6475665208696054,0.34583870315720594,0.5458899360168016,-0.0995289605302325,0.001876960141089512,0.008435280506091658,-0.12505534250522032,21824,401000000,88.87,0,2,3,4.630739224667383,-1.3234294686941448,5.038939255242358,64.7636992931366
15.0,0.0,5.0,10.869235428576086,-0.25473675230674725,4.410274886961472,-0.7451183009580529,-0.029703650333244267,0.06552901526650241,0.6630402392709414,0.320267030651593,0.5420633001398059,-0.09539437348175135,-0.0005872357291991648,0.00794721281636157,-0.1273064932320267,21824,804000000,87.2,0,2,3,4.630739224667383,-1.3234294686941448,5.038939255242358,65.6163215637207
15.0,0.0,5.0,11.041159541821754,-0.33195309637926196,4.409037578765983,-0.732428747833211,-0.02903577053498784,0.06513045122347813,0.6770990161714461,0.2991328588766906,0.5353526772245453,-0.09149203606530494,-0.0026597651640258846,0.00623909909336362,-0.12189002009108663,21825,122000000,85.59,0,2,3,4.630739224667383,-1.3234294686941448,5.038939255242358,66.39625358581543
15.0,0.0,5.0,11.207304191567179,-0.40987010086791315,4.407971372675555,-0.7201666406915977,-0.028086785578283372,0.06472203839265372,0.6902044623567415,0.2820255277073586,0.5268470679939441,-0.0879543478618656,-0.0035942671729571884,0.005097666189612937,-0.11911762849194929,21825,422000000,84.06,0,2,3,4.681222567884162,-1.4465803811799138,5.043453613684939,67.17455101013184
15.0,0.0,5.0,11.367666662647368,-0.4885559179659466,4.407113534362687,-0.7072268334664668,-0.027093720328718447,0.06423991307754447,0.7035405957807502,0.25884449364487705,0.5163771208576429,-0.08253737520014572,-0.0036554562939272728,0.0088750988652464,-0.13949204294476658,21825,733000000,82.62,0,2,3,4.681222567884162,-1.4465803811799138,5.043453613684939,67.89376997947693
15.0,0.0,5.0,11.50077379327901,-0.553744893016936,4.407171293204475,-0.6929463138676212,-0.026521570521405507,0.06335652598797556,0.7177102221712389,0.22522836755187337,0.5049299629614886,-0.07457474916091451,-0.005103985813548206,0.013160994512873003,-0.16385547205572948,21826,32000000,81.1,0,2,3,4.681222567884162,-1.4465803811799138,5.043453613684939,68.47490453720093
15.0,0.0,5.0,11.628261256281212,-0.6156600966395555,4.408091003926801,-0.6768280706753329,-0.02590744432630583,0.062139673724816505,0.7330560879112589,0.19012378093474433,0.49232905854648745,-0.0657973985849277,-0.008084253477136372,0.015604753934894688,-0.179866241523996,21826,291000000,79.28,0,2,3,4.712582433924612,-1.545633818619836,5.046130278343843,69.05533909797668
15.0,0.0,5.0,11.740545328179627,-0.6678692075866299,4.410297430261454,-0.6599727674302995,-0.025247626362171195,0.0602885215945415,0.7484409113466557,0.139887805603447,0.47451854084676137,-0.0503586968966415,-0.022723599977325648,0.023151382447395008,-0.18855182570405304,21826,538000000,77.19,0,2,3,4.720886581978282,-1.5737822290423449,5.046693667721339,69.64650678634644
15.0,0.0,5.0,11.85472898188745,-0.7106051044104694,4.416783734887955,-0.6422751307356434,-0.024468647554594825,0.05582704962004195,0.7640466492669689,0.059090430730185196,0.44214293965936424,-0.019334638058239133,-0.03082080584135838,0.030607190637965687,-0.16302512085530907,21826,778000000,74.95,0,2,3,4.720886581978282,-1.5737822290423449,5.046693667721339,70.26318168640137
15.0,0.0,5.0,11.953569812226865,-0.7358638253485831,4.427303781725113,-0.6285647509538536,-0.023800805974780445,0.0511321254020881,0.7757095985258501,-0.0032277005884557087,0.41194342552786,0.007297784730265181,-0.032184977681026794,0.027011745078198146,-0.13779761211480945,21827,48000000,72.56,0,2,3,4.720886581978282,-1.5737822290423449,5.046693667721339,70.81192946434021
15.0,0.0,5.0,12.039504912295536,-0.748545558887138,4.440585810862839,-0.6173023977215016,-0.02301780694478845,0.04707568378397493,0.7849788597962423,-0.05185279341097397,0.38525060793783716,0.02946909189580227,-0.03172649594489485,0.022162827190186363,-0.12925435876240954,21827,292000000,70.7,0,2,3,4.811388495498292,-1.6369507668951992,5.046404327192359,71.37292170524597
15.0,0.0,5.0,12.121635270325664,-0.7524659348052809,4.45723233844162,-0.605613237776099,-0.022024559037638263,0.04332590759907369,0.7942734987145574,-0.09485902191536495,0.3593245535427891,0.05032577136622274,-0.03154755540890619,0.01877615177363623,-0.1400594337610528,21827,497000000,69.13,0,2,3,4.811388495498292,-1.6369507668951992,5.046404327192359,71.92591857910156
15.0,0.0,5.0,12.200432295893547,-0.7489450274705514,4.477077160527246,-0.5927328099914158,-0.020840914056341406,0.03987875112692989,0.8041412546745332,-0.13128595009581773,0.3345382874650233,0.06893361452391508,-0.030636375231551938,0.015237840580084594,-0.15173249557847157,21827,724000000,67.44,0,2,3,4.811388495498292,-1.6369507668951992,5.046404327192359,72.4803454875946
15.0,0.0,5.0,12.2831219407194,-0.7384247203279898,4.501843920803675,-0.5775310171576196,-0.01936542273781331,0.036473665796160785,0.8153236022135388,-0.16331336368634072,0.3089300224315714,0.08546647838715808,-0.02810147125273943,0.011547499525477178,-0.16001961921574548,21827,951000000,65.55,0,2,3,5.240731002904831,-1.6304012295496382,5.038421587646118,73.03756976127625
15.0,0.0,5.0,12.362890785996246,-0.7226435799994768,4.529134459071174,-0.561592322947025,-0.017859067087797033,0.03361468949640975,0.8265380627531786,-0.1885127645963291,0.2850735801636789,0.09801233642339922,-0.024713250968488865,0.008034033271542285,-0.16304777964251116,21828,178000000,63.3,0,2,3,5.4423520767813365,-1.618488697031413,5.034578376748744,73.58108139038086
15.0,0.0,5.0,12.433834284207478,-0.7047421806758661,4.555743238544275,-0.5466868261137092,-0.016493444228956537,0.03144937919077815,0.8365837776335971,-0.20670633181919645,0.26500055389290444,0.10647879077321368,-0.02185391895181965,0.00531974606019503,-0.1628933532629162,21828,423000000,60.94,0,2,3,5.650894452888805,-1.6034424842938755,5.030597401786308,74.13619613647461
15.0,0.0,5.0,12.502982537708768,-0.6844324965752979,4.583350094511584,-0.5317542366918673,-0.015149752190259425,0.02960137214979267,0.8462456354603389,-0.2209201366244938,0.2461753597477284,0.11218833176446139,-0.019720486125152092,0.003470101523816993,-0.16025257791625336,21828,643000000,58.73,0,2,3,5.843818569778795,-1.5884637490693438,5.026851364267134,74.66184091567993
15.0,0.0,5.0,12.57657244890057,-0.6602822633859622,4.614009189734998,-0.5156330137919085,-0.013752170608081211,0.027852891447415776,0.8562462784324718,-0.2328139204419414,0.2270564255184461,0.11554751879572607,-0.017467084944655653,0.0021749877760157688,-0.15588442474836484,21828,873000000,56.51,0,2,3,5.843818569778795,-1.5884637490693438,5.026851364267134,75.21446371078491
15.0,0.0,5.0,12.636609064604686,-0.6390439606866877,4.639606646990598,-0.5024374621977791,-0.012674942626998451,0.02659810370970223,0.8641113836124977,-0.2403848129210011,0.2127514661940258,0.11663109303353558,-0.014989160445111338,0.0013384040130404173,-0.15189628466032445,21829,104000000,54.1,0,2,3,6.245182411045884,-1.5571966715253323,5.01814156550538,75.75367832183838
15.0,0.0,5.0,12.707287698840515,-0.6126989988705154,4.670022717621141,-0.4869541683160072,-0.011453310852603532,0.02522228559621985,0.8729881419237502,-0.2470790729047465,0.19666147551983343,0.11604478591812346,-0.015082548088685144,0.0008333073708399752,-0.14593349333154038,21829,316000000,52.12,0,2,3,6.245182411045884,-1.5571966715253323,5.01814156550538,76.30055022239685
15.0,0.0,5.0,12.77086285559602,-0.588091990470978,4.697288844427844,-0.47318468826326854,-0.010398463107562619,0.024011153632177856,0.8805745779089046,-0.25124998240050167,0.18340076568944422,0.1140203588582183,-0.014063766593608307,0.00063064664459489,-0.14032352482900023,21829,538000000,49.8,0,2,3,6.245182411045884,-1.5571966715253323,5.01814156550538,76.85187196731567
15.0,0.0,5.0,12.833408624142598,-0.5633419113022179,4.723740399543474,-0.4598291098324472,-0.009440225058326788,0.02286981946780135,0.8876626855168901,-0.2540687268924412,0.17150077859186777,0.11100543277955674,-0.013362349181988975,0.0006087930614739889,-0.13497234613168985,21829,765000000,47.73,0,2,3,6.81184843244096,-1.5127305981304489,5.000739223576987,77.39989876747131
15.0,0.0,5.0,12.900531427118421,-0.5364579459609881,4.751425916578202,-0.4457678545540001,-0.00847269565074924,0.021621416415314967,0.8948473320220209,-0.25550404671964533,0.1595691065979139,0.10641437460560814,-0.01318855038334732,0.0007295805687590473,-0.12863964075222611,21829,987000000,45.71,0,2,3,6.81184843244096,-1.5127305981304489,5.000739223576987,77.95682835578918
15.0,0.0,5.0,12.966556698383826,-0.5099705656046192,4.777698955576069,-0.43223963029685897,-0.007600636421320674,0.02038349390467785,0.9014963369326929,-0.25564489456675693,0.14904219485429132,0.10112596372477407,-0.012962507207703311,0.0008976619938039221,-0.12262239615665749,21830,217000000,43.59,0,2,3,7.203094091716702,-1.4793816047906596,4.983781847936031,78.52906942367554
15.0,0.0,5.0,13.026151687788147,-0.48620868259097033,4.800456706031147,-0.42032113727004494,-0.0068849804156516,0.01926861521977613,0.9071446737297223,-0.25495743621166944,0.14041616948103297,0.09597164518981778,-0.012100170806661481,0.0010027139978774358,-0.11760707639041357,21830,468000000,41.55,0,2,3,7.406225717029965,-1.4607958325354216,4.973499905192202,79.09120464324951
15.0,0.0,5.0,13.090168830450736,-0.46096885945068167,4.823759204491657,-0.4078227389290588,-0.0061630884091900635,0.01801792554088638,0.9128625221318183,-0.2533268857860045,0.13158584584480165,0.08967450052208056,-0.012935973336425377,0.0012053569776071527,-0.11164703464601189,21830,683000000,39.76,0,2,3,7.406225717029965,-1.4607958325354216,4.973499905192202,79.65652894973755
15.0,0.0,5.0,13.142699147055893,-0.4405780845499521,4.841866699828211,-0.39783795356055407,-0.005613481825507545,0.01694093197370813,0.9172821029282143,-0.25133145568062554,0.12511491859216647,0.08413178066177916,-0.011898788670805516,0.0013852041547579574,-0.10727327535278164,21830,919000000,37.88,0,2,3,7.791842635525141,-1.4217038439216403,4.951722636746787,80.1989381313324
15.0,0.0,5.0,13.199634053137332,-0.41889998906533077,4.860395847686388,-0.38727622006712226,-0.00505213007581787,0.01571416366885866,0.9218159634180823,-0.24864546424324901,0.1184768206272842,0.07796326651953225,-0.01228824257850647,0.0015305976035051572,-0.10228591927443631,21831,133000000,36.39,0,2,3,7.791842635525141,-1.4217038439216403,4.951722636746787,80.74698662757874
15.0,0.0,5.0,13.260706395427567,-0.39617847490512914,4.878953354856723,-0.3762651855505721,-0.00449067487842572,0.014338605657894642,0.9263901706999687,-0.2452414566884741,0.1117392764699385,0.07115088044987893,-0.01346671979263192,0.0016899903130251914,-0.09680923467385583,21831,340000000,34.82,0,2,3,7.791842635525141,-1.4217038439216403,4.951722636746787,81.30278301239014
15.0,0.0,5.0,13.315736813320784,-0.3762280760668063,4.894453012165113,-0.36659974510602356,-0.004016799311049178,0.013039654171087729,0.9302786999768357,-0.24187277558691506,0.10633686836187446,0.06503182126875912,-0.013094400583213428,0.0017396585462847725,-0.09288558940170333,21831,579000000,33.2,0,2,3,7.791842635525141,-1.4217038439216403,4.951722636746787,81.85176396369934
15.0,0.0,5.0,13.364976752875414,-0.3588729855254646,4.907324393641344,-0.35811741988486734,-0.003610993178435444,0.011856605213227518,0.9335942883373316,-0.23841257815094002,0.1019259479132627,0.05960519731329574,-0.012339423119556159,0.00164604360861631,-0.08960072009358555,21831,800000000,31.8,0,2,3,7.791842635525141,-1.4217038439216403,4.951722636746787,82.40803074836731
15.0,0.0,5.0,13.413436912098607,-0.3422681398114489,4.91907113369634,-0.3499475852033185,-0.003223194608349497,0.010667681701202265,0.9367029941203371,-0.23474880592055952,0.0976612845214808,0.054343237501297756,-0.0114942622531089,0.001575829560351849,-0.08590831130277365,21832,10000000,30.59,0,2,3,8.660467927942532,-1.3057170012722188,4.897898385246383,82.94805097579956
15.0,0.0,5.0,13.470509928106189,-0.3233135843202611,4.931733367820972,-0.3405352591158223,-0.00280878456547478,0.009303763231484088,0.9401815186536676,-0.22992574791269077,0.09271268648897898,0.04818200413003977,-0.011735132284229621,0.0015010919810265477,-0.08172252637450583,21832,215000000,29.44,0,2,3,8.81387475726486,-1.280716267743087,4.8886523304809435,83.49206972122192
15.0,0.0,5.0,13.52634777656312,-0.30539882061855766,4.942919538786806,-0.33151758511586493,-0.0024300935439476225,0.007990435748329508,0.9434120723951251,-0.22495032999947026,0.08828840900054717,0.04245145079173836,-0.014473132341663586,0.0014886451253914856,-0.07804241904523224,21832,445000000,28.14,0,2,3,8.81387475726486,-1.280716267743087,4.8886523304809435,84.04374170303345
15.0,0.0,5.0,13.576518823870774,-0.2899493047123081,4.9519253772978535,-0.32358688523990314,-0.002039951773184901,0.006513879066763161,0.9461738400933544,-0.22038003044388627,0.08514043243125291,0.037363470322014515,-0.014240160453482531,0.0016677647408869234,-0.07479713385691866,21832,679000000,26.91,0,2,3,8.81387475726486,-1.280716267743087,4.8886523304809435,84.5944333076477
15.0,0.0,5.0,13.63016378872498,-0.2741925538657375,4.960483304662501,-0.3153011676722124,-0.0016663088460747533,0.004964047312887252,0.9489772153817204,-0.21510428608265605,0.08191668377138037,0.03227576324457977,-0.012608659926627297,0.0015871101481934602,-0.07118938083294779,21832,905000000,25.84,0,2,3,9.330586842423317,-1.188194315393837,4.860651599017168,85.16202592849731
15.0,0.0,5.0,13.678249408452125,-0.2606868647739747,4.967238397853092,-0.30802293859340024,-0.0014067385268632516,0.0037314254328260064,0.9513705728322915,-0.2101529083446469,0.07882383040751537,0.027858096142313847,-0.010637884406605735,0.0015091158502400503,-0.0684151986206416,21833,151000000,24.75,0,2,3,9.330586842423317,-1.188194315393837,4.860651599017168,85.7025203704834
15.0,0.0,5.0,13.721036929259379,-0.24912103665983068,4.972543378508371,-0.3016428444189157,-0.001214451627455183,0.0027589473873242776,0.9534162300524491,-0.2057027051712658,0.07605832622151296,0.024161032270812,-0.009915987629938172,0.0012806235531570564,-0.06597797400900163,21833,365000000,23.81,0,2,3,9.330586842423317,-1.188194315393837,4.860651599017168,86.23991060256958
15.0,0.0,5.0,13.767058939277915,-0.23717206026741366,4.977531030317684,-0.29490420401008044,-0.0009641622309740205,0.0015107823970986756,0.955525142727768,-0.2004241422697432,0.07324586668000262,0.020402524414254764,-0.010957503218378406,0.0013655715179083927,-0.06280630477704108,21833,565000000,23.0,0,2,3,9.330586842423317,-1.188194315393837,4.860651599017168,86.78760027885437
15.0,0.0,5.0,13.80791145582341,-0.22699550146072384,4.981360058607281,-0.2890247154740102,-0.0007878158748344553,0.0005194634334989178,0.9573211704276972,-0.19566600634072367,0.07077964454206745,0.01732604962930451,-0.00930687765503535,0.0012173507116131077,-0.06052299067960121,21833,780000000,22.15,0,2,3,9.936142816901272,-1.0682980704294827,4.837590472269116,87.3563461303711
15.0,0.0,5.0,13.843878175694176,-0.218362377913521,4.98428722295841,-0.2839022571890411,-0.0006636546302338911,-0.00026360645317893274,0.95885295975824,-0.19141890070079598,0.06862073524621215,0.01479059736619497,-0.008073080243775621,0.0011562213103388785,-0.058665770120569505,21833,991000000,21.42,0,2,3,10.067022368287082,-1.0413844128499457,4.83453334200566,87.9096188545227
15.0,0.0,5.0,13.882948380118421,-0.2093169194012935,4.987014922324692,-0.2783919492565308,-0.0005518005295802867,-0.001032439861804992,0.9604668407463406,-0.18664998967757643,0.06617919496820589,0.012199232158604566,-0.007766776934658992,0.0009906958212013706,-0.056416343795717694,21834,166000000,20.79,0,2,3,10.067022368287082,-1.0413844128499457,4.83453334200566,88.4543662071228
15.0,0.0,5.0,13.921050017682212,-0.2008408851191815,4.989208266852097,-0.27310290294184253,-0.0004002178391240845,-0.0019679865098121015,0.9619827291898315,-0.1817766297580863,0.06406626322673972,0.009622968143783241,-0.008874982449924573,0.001063240176790714,-0.05412202081060968,21834,372000000,20.12,0,2,3,10.067022368287082,-1.0413844128499457,4.83453334200566,88.99459481239319
15.0,0.0,5.0,13.961857283220102,-0.19217514454990126,4.9910631803122625,-0.2674960290949066,-0.0002594040781365135,-0.0029529233118212837,0.9635544029124123,-0.17638430425476898,0.06183424267432659,0.007269660350809,-0.00831534962344449,0.0010297550829818647,-0.05202339780225884,21834,576000000,19.49,0,2,3,10.067022368287082,-1.0413844128499457,4.83453334200566,89.56682062149048
15.0,0.0,5.0,14.005074137756681,-0.18345600461169098,4.99250765991943,-0.26163321098186454,-0.00014899644041338716,-0.0038443457766699062,0.9651597078809958,-0.17076204930135086,0.059462922901668755,0.004969086586764383,-0.006786905032640789,0.0008034856250560551,-0.04959499347023666,21834,791000000,18.82,0,2,3,10.067022368287082,-1.0413844128499457,4.83453334200566,90.16580510139465
15.0,0.0,5.0,14.050403286624306,-0.17475726662457636,4.993502990393843,0.2555374401516515,5.8326679510208555e-05,0.0046211856313953335,-0.9667881142846657,-0.16498769650722667,0.05683829330303343,0.0029426643738234286,-0.005441952771434444,0.0005584270240888145,-0.04760968222399242,21835,36000000,18.14,0,2,3,10.067022368287082,-1.0413844128499457,4.83453334200566,90.7574360370636
15.0,0.0,5.0,14.110671823103662,-0.16386839836825703,4.994058314687188,0.24747528599836172,-3.6486100060189805e-05,0.005448249611063912,-0.9688788872015783,-0.15717569160735156,0.05333164113892628,0.0006073504282926573,-0.003988875914728851,0.00030191615110197745,-0.04482835538510699,21835,292000000,17.43,0,2,3,10.067022368287082,-1.0413844128499457,4.83453334200566,91.58248949050903
15.0,0.0,5.0,14.158821115303363,-0.1557007086352155,4.993954296821197,0.2409725219394005,-8.973912026934497e-05,0.005974972050572841,-0.9705135420621651,-0.15180169203377886,0.05106093060171542,-0.0008670996508999069,-0.003319020265735162,0.0002899964499647467,-0.046245038174674846,21835,640000000,16.51,0,2,3,10.067022368287082,-1.0413844128499457,4.83453334200566,92.37464237213135
15.0,0.0,5.0,14.205613434757272,-0.14833650319917774,4.993438495233808,0.23393880093991665,-0.00010189661377776882,0.006429345801056051,-0.9722300605023715,-0.14797278342467984,0.04947721128411654,-0.002137517777972478,-0.0030070294997130986,0.0005098396911762393,-0.051582028390839696,21835,945000000,15.78,0,2,3,10.067022368287082,-1.0413844128499457,4.83453334200566,93.22877502441406
15.0,0.0,5.0,14.254493096238239,-0.14130971243933532,4.9924808087356585,0.2254082399472948,-3.993656132490406e-05,0.006855042075198322,-0.9742402846151872,-0.14516700806177013,0.048067430043057344,-0.0033554114996750977,-0.002217745031884988,0.0007749446581328812,-0.05851254682056606,21836,247000000,15.0,0,2,3,11.380143458001637,-0.7640626890233417,4.8508114578782315,94.07419514656067
15.0,0.0,5.0,14.299657073060729,-0.13550673644440756,4.9912615108795695,0.21643023307116066,8.086577308547612e-05,0.0071714908223655645,-0.9762717436210444,-0.14335600047922922,0.04701256171018214,-0.004353213822808363,-0.0018493343759473646,0.0009529025533083768,-0.06545392170664854,21836,566000000,14.05,0,2,3,11.380143458001637,-0.7640626890233417,4.8508114578782315,94.87207627296448
15.0,0.0,5.0,14.332475630682772,-0.13173705293682053,4.990182010406078,0.2093480025820736,0.00020166207462106673,0.0073777714207255134,-0.9778133470331478,-0.14167926520987645,0.04518999905742215,-0.005103256239224572,-0.0018801856072059309,0.0012075349786755396,-0.05018179435865022,21836,859000000,13.07,0,2,3,11.380143458001637,-0.7640626890233417,4.8508114578782315,95.55140709877014
15.0,0.0,5.0,14.36409948627308,-0.1277095568489497,4.98892568676405,0.2084553095738415,0.0003397660463194956,0.0075989370688095016,-0.9780023132001947,-0.13606342597748672,0.03953100684018,-0.006043832022416963,-0.0015043114558466186,0.001733397914449597,0.017807146468840074,21837,76000000,12.3,0,2,3,11.380143458001637,-0.7640626890233417,4.8508114578782315,96.17358541488647
15.0,0.0,5.0,14.396930393898447,-0.12275670148968243,4.98735921561717,0.21226960366663777,0.0004733902837087238,0.007795029041437789,-0.9771799367481357,-0.1306628564783126,0.03588561734260369,-0.006908953751999432,-0.0011295393619548122,0.0015744485494906257,0.04175462563580368,21837,303000000,12.23,0,2,3,11.380143458001637,-0.7640626890233417,4.8508114578782315,96.81248307228088
15.0,0.0,5.0,14.428347023287168,-0.11732936493137881,4.985618399602194,0.2177401053035276,0.0005715406643888436,0.007950108465224908,-0.9759742392394736,-0.126216626928803,0.03343485804043829,-0.007632890062163842,-0.0008632544506781414,0.0012920614722133905,0.049608985136728734,21837,545000000,12.7,0,2,3,11.380143458001637,-0.7640626890233417,4.8508114578782315,97.44878554344177
15.0,0.0,5.0,14.4586151737917,-0.11148480888135102,4.983731218530832,0.22371172373939985,0.0006363871194982624,0.008072641666784059,-0.9746217174522126,-0.12265317972067365,0.03160002183466683,-0.008191705740708734,-0.0006662670671175874,0.0009823473988035403,0.05221146820986178,21837,788000000,13.34,0,2,3,12.110107788465053,-0.6090644220550046,4.888565731808701,98.08046293258667
15.0,0.0,5.0,14.490386741566406,-0.1047023547903507,4.981592085686769,0.23050235750181708,0.0006646304236915079,0.008164083926405689,-0.9730372907479685,-0.11975687672390574,0.030096762428362494,-0.008546744317893127,-0.0001548055180933261,0.0006608651744954841,0.055441657605115324,21838,20000000,14.02,0,2,3,12.110107788465053,-0.6090644220550046,4.888565731808701,98.73866581916809
15.0,0.0,5.0,14.518957759735871,-0.09804270489917445,4.979517905687369,0.23716529756146904,0.0006732994453964064,0.008198145487734145,-0.9714344850328294,-0.11763095721590067,0.029115440934459797,-0.009003376446586085,-8.951397347800594e-05,0.0005234742445736629,0.05866602878086269,21838,284000000,14.8,0,2,3,12.320318600814147,-0.5644563146498399,4.900947635403222,99.37353825569153
