x_ref,y_ref,z_ref,x,y,z,eta,e1,e2,e3,u,v,w,p,q,r,sec,nanosec,angle2,angle3,control_mode,std_test,x2,y2,z2,time
0.0,0.0,5.0,-1.3842518551310792,-1.1933544337313888,4.9505099858049775,-0.9398625429945663,6.686843390650956e-05,0.0006051126842925448,-0.3415523819899938,0.19984842901472955,0.0013192449306287084,0.0067846373524075255,0.00010875235005869399,-0.001696796573469328,0.0036119952255830867,11878,300000000,1.83,0,2,3,0.1615071890247733,0.18408113142796692,4.989915576776392,5.936622619628906e-05
0.002985000000000067,0.0,5.0,-1.347021652575383,-1.1617311055315944,4.952229527054843,-0.9397036760637153,-6.447705703726604e-06,0.0007671184344801557,-0.34198890724711284,0.20219168118783853,0.0011935166570302893,0.006860844383983817,0.0002284416012798829,-0.0013053709039922978,0.004024910867883591,11878,536000000,1.75,0,2,3,0.1615071890247733,0.18408113142796692,4.989915576776392,0.3986849784851074
0.011880000000000134,0.0,5.0,-1.3054571310919987,-1.1266406993935412,4.954165767563283,-0.9394972225889473,-7.671792069415624e-05,0.0009016887181920382,-0.34255532373540754,0.1518046247517292,-0.000552427151311878,0.005186563447459255,-0.00014541509756327287,-0.00021029405417039015,0.0037907452906438266,11878,771000000,1.67,0,2,3,0.1615071890247733,0.18408113142796692,4.989915576776392,0.8885114192962646
0.026595000000000202,0.0,5.0,-1.2831387961836112,-1.10834650123977,4.955211238018817,-0.9393499498200566,-4.415797550072904e-05,0.0008679517599890273,-0.3429590594850535,0.0883644385179296,-0.0026153926308070024,0.003128836565479997,-0.0002854234111282494,0.0012211441571707837,0.003447895915087429,11879,57000000,1.58,0,2,3,0.2437182231923781,0.23727666869058384,4.990188294204709,1.333146572113037
0.04704000000000026,0.0,5.0,-1.274111699137804,-1.1017025126930062,4.9556533685951,-0.9392336997176643,4.9093824116654367e-05,0.0006898841303531675,-0.34327769948592823,0.029515837308842573,-0.004546166911142975,0.0012872795705031327,-0.00011627987532847328,0.0021985088778819772,0.0033784918286983157,11879,302000000,1.52,0,2,3,0.2437182231923781,0.23727666869058384,4.990188294204709,1.7004406452178955
0.07312500000000033,0.0,5.0,-1.2710049411411553,-1.1004932375676666,4.955813001148183,-0.9391010592588422,7.460816281174481e-05,0.0005870494214962126,-0.34364058303046624,0.001985457251595731,-0.005222668392457032,0.00021926139360111812,0.0001116369311660037,0.00015711824943309693,0.0035139518331561703,11879,513000000,1.5,0,2,3,0.2357840069962521,0.22706727131763577,4.989894399667896,2.0639188289642334
0.07312500000000033,0.0,5.0,-1.2711478876118165,-1.1020652766176744,4.955787437588567,-0.9389913580434659,5.1054762747638246e-05,0.000620620439625452,-0.3439401717499262,-0.011573336509999439,-0.005811727302469633,-0.0004016559180246907,9.648725836086669e-05,-0.0007286504285275441,0.0030082501552897156,11879,722000000,1.47,0,2,3,0.2357840069962521,0.22706727131763577,4.989894399667896,2.4318275451660156
0.1047600000000004,0.0,5.0,-1.2722115271364844,-1.1047385958741547,4.9556824981215915,-0.9388763596704179,4.570321648124387e-06,0.0007238765084501598,-0.3442537686561129,-0.009313420021045671,-0.006390810457787046,-0.0004486880463011966,-5.9127165741301724e-05,-0.001234536966876476,0.0030098340175754856,11879,920000000,1.43,0,2,3,0.2357840069962521,0.22706727131763577,4.989894399667896,2.825416326522827
0.14185500000000045,0.0,5.0,-1.2715099368338902,-1.1058409725601541,4.955639504562461,-0.9387766633024712,-3.5619501643698774e-05,0.0008587070842891671,-0.34452523534869356,0.006958169689749656,-0.006566601507772897,2.8722748059988843e-06,-6.096598015314925e-06,-0.0014509499919768132,0.002792065993162396,11880,138000000,1.39,0,2,3,0.2357840069962521,0.22706727131763577,4.989894399667896,3.213918924331665
0.18432000000000054,0.0,5.0,-1.266476332627244,-1.103731306464377,4.955756748464662,-0.9386699455851271,-9.850705989499013e-05,0.0010060653008854192,-0.3448154743978055,0.03458105517541081,-0.0072288482902448685,0.000847720488117192,-6.680891715404869e-05,-0.0012278234862606041,0.0023827525410524686,11880,352000000,1.35,0,2,3,0.2357840069962521,0.22706727131763577,4.989894399667896,3.6047422885894775
0.18432000000000054,0.0,5.0,-1.257593031111627,-1.0984264761154852,4.956053241896854,-0.9385869829234872,-0.0001300060895851171,0.0011272806623560156,-0.34504084949946195,0.055293830200769514,-0.008349130154735328,0.0015371307208117625,-0.0003452687110439001,-0.001033130217820144,0.0020502872075667256,11880,583000000,1.31,0,2,3,0.22907367582625593,0.21168773693641776,4.989227440940797,4.013773441314697
0.2320650000000006,0.0,5.0,-1.245341115570275,-1.0909596885989366,4.956475230727675,-0.9385040687304675,-0.00011589050316404689,0.0012334692114559375,-0.34526595270813126,0.05377363963111239,-0.010397608593505494,0.0014876588743140844,-0.0005196631548187725,0.0003505917163693084,0.002284656170559174,11880,813000000,1.27,0,2,3,0.2423651370208726,0.22055664855712254,4.989307157326316,4.445370674133301
0.28500000000000064,0.0,5.0,-1.2389203984865058,-1.088855385399528,4.956686207741314,-0.9383905516752711,2.4305753005367768e-05,0.001014075771594278,-0.3455750910961896,0.005734788965648828,-0.012771417858164111,0.0002997724584033439,-0.0004725153758045053,0.0033568872368050506,0.0033833204270194983,11881,50000000,1.23,0,2,3,0.2423651370208726,0.22055664855712254,4.989307157326316,4.8493332862854
0.3430350000000007,0.0,5.0,-1.2403745935643393,-1.0942186047027054,4.956550027570939,-0.9382610143583007,0.00020882709372262154,0.0006543756828443997,-0.3459274448768749,-0.04416995256527705,-0.015612410276706118,-0.001430417649406944,-0.0006084781318804744,0.0036615047520172084,0.003531558809299895,11881,273000000,1.21,0,2,3,0.2423651370208726,0.22055664855712254,4.989307157326316,5.227705478668213
0.4060800000000008,0.0,5.0,-1.2495053257917057,-1.1070577281273173,4.9560019913938715,-0.9381119148431604,0.0004096112268600998,0.0003331007284210436,-0.3463318589039225,-0.08926158381493798,-0.01900565511520338,-0.003258608528092298,-0.00076461273579298,0.003161183121846989,0.004208731252219877,11881,488000000,1.21,0,2,3,0.2423651370208726,0.22055664855712254,4.989307157326316,5.614500999450684
0.4060800000000008,0.0,5.0,-1.265689691026708,-1.1281319606179345,4.955075991476708,-0.9379148130559354,0.000636003749244428,-2.0258379468253256e-06,-0.34686510194220527,-0.10055669130418196,-0.022928606698712238,-0.003610850559783563,-0.0006608199043967034,0.002751502643150161,0.004039752138851327,11881,706000000,1.21,0,2,3,0.2423651370208726,0.22055664855712254,4.989307157326316,6.069539308547974
0.4740450000000009,0.0,5.0,-1.2763200721924994,-1.1436548745011048,4.9544348561917895,-0.9377925314836884,0.0007760496622892793,-0.00020977221104616546,-0.3471952212170504,-0.08119431666655794,-0.025473293609707286,-0.0030009799872839716,-0.0004970172085450031,0.002040698473138036,0.00309021550037869,11881,964000000,1.21,0,2,3,0.3102498853834334,0.25617291665952524,4.990146224121339,6.4385151863098145
0.5468400000000009,0.0,5.0,-1.2795593269415948,-1.1540402996471724,4.953986795775062,-0.9377412321794658,0.0008052627190684039,-0.00018976191376674184,-0.3473336969153819,-0.0075110198079007305,-0.02695365006652863,-0.0013253266394504099,-0.0003697537920288596,-0.0013306154414749471,0.0001163888590838269,11882,163000000,1.22,0,2,3,0.3168163038857434,0.25562891870727084,4.990191561296823,6.837630033493042
0.624375000000001,0.0,5.0,-1.2720705456539858,-1.1549410704844552,4.953877553245288,-0.9377655111438052,0.0007754300787335075,-2.156824855670161e-06,-0.3472682605893293,0.053740425254501886,-0.028581357125489378,7.715058818620684e-05,-0.0003916474497600575,-0.002134430496880668,-0.0014026427948010678,11882,383000000,1.21,0,2,3,0.3168163038857434,0.25562891870727084,4.990191561296823,7.231765508651733
0.7065600000000011,0.0,5.0,-1.2535109293844637,-1.147725152375798,4.954041074637541,-0.9378773855324738,0.0007365560311362674,0.00024862685174841795,-0.34696600031800356,0.11244909815992365,-0.03134288089407393,0.0012758083133286213,-0.0006268359356909059,-0.0023182678887678776,-0.004182052680334891,11882,588000000,1.19,0,2,3,0.3290856943690854,0.2506259838781521,4.9901900516441415,7.626903295516968
0.7065600000000011,0.0,5.0,-1.2256679514191284,-1.1334333180587732,4.954459725052224,-0.9380940113027896,0.0007165682828674848,0.0005219859342555943,-0.34637961836462305,0.16034508850150817,-0.03447942011337769,0.002282931375119159,-0.0008562849473037204,-0.0023721777552054846,-0.00686664757267863,11882,804000000,1.18,0,2,3,0.3290856943690854,0.2506259838781521,4.9901900516441415,8.044423580169678
0.7933050000000011,0.0,5.0,-1.1761900063944946,-1.1058566481469279,4.95537345125904,-0.9385246861316441,0.0007020986109174477,0.0008715911772550239,-0.3452103140230012,0.19974170732415042,-0.03941478598982449,0.0030701881578493882,-0.00034675392441840813,-0.0021342368654586608,-0.009047449748322833,11883,31000000,1.19,0,2,3,0.3423647206348932,0.24166508000915274,4.9900939847403265,8.564186811447144
0.8845200000000012,0.0,5.0,-1.128829661264879,-1.0797784063728266,4.95625803235154,-0.9389351088917127,0.0006564340787536803,0.001124100751574554,-0.3440917999347094,0.19790860891069312,-0.0435445654294539,0.0027498257753584316,-0.0004391970605865936,-0.0016223380157498468,-0.008483317378704669,11883,323000000,1.24,0,2,3,0.3423647206348932,0.24166508000915274,4.9900939847403265,9.033044576644897
0.9801150000000013,0.0,5.0,-1.085690544959461,-1.0590826045216315,4.956914264713873,-0.9392614709659849,0.0006729263890603167,0.001283722842897541,-0.3431993420514553,0.15293761676730433,-0.049281914721800685,0.0013441160187777444,-0.001069784002538654,0.0001083779949340169,-0.005990695626678644,11883,594000000,1.3,0,2,3,0.3637594885270552,0.2275728613342431,4.98986418702007,9.489906549453735
1.0800000000000012,0.0,5.0,-1.0579150133324506,-1.050812756660091,4.957086495269795,-0.9394380578094044,0.0008339571405396752,0.0011820218910541529,-0.34271568811338476,0.09299181985469492,-0.05552641642244148,-0.00034898712738319897,-0.001086339511857659,0.0020893795635856804,-0.003724024031726003,11883,853000000,1.36,0,2,3,0.3764138407184356,0.22066080180468708,4.989730749136383,9.892672061920166
1.1840850000000014,0.0,5.0,-1.0386624764880286,-1.0515256181189918,4.956878335636564,-0.939546603687925,0.001040690735260137,0.0009625581678132942,-0.3424181215167393,0.0409150469445612,-0.061691482922466866,-0.0019211445818336655,-0.0010929018344540964,0.002652007492542907,-0.00212961065244599,11884,76000000,1.4,0,2,3,0.3886640893083926,0.21481506067567707,4.989605597100805,10.267835855484009
1.2922800000000014,0.0,5.0,-1.027216378316368,-1.0588444822677368,4.956388054906934,-0.9395835028641282,0.0012309310164154768,0.0007636682819130531,-0.3423167287252596,0.002660230442178529,-0.06748740415480624,-0.003276932955349498,-0.0010492358114788658,0.0023669114625590737,-0.00029421029665854803,11884,294000000,1.45,0,2,3,0.3886640893083926,0.21481506067567707,4.989605597100805,10.625877857208252
1.2922800000000014,0.0,5.0,-1.0202763053044048,-1.071515162832927,4.955634206795134,-0.9395109543685378,0.0014144549979418464,0.0005938730109264305,-0.34251542046077993,-0.02857349184570872,-0.07364022043569103,-0.004580143048295116,-0.0011083004210377112,0.002085378014271555,0.0037784949427077663,11884,494000000,1.48,0,2,3,0.3886640893083926,0.21481506067567707,4.989605597100805,10.99643611907959
1.4044950000000016,0.0,5.0,-1.0165649343782175,-1.0907165603713802,4.9545210543321065,-0.9392573387645464,0.0016390009458587707,0.0004586423133850321,-0.3432094912732888,-0.0559343683157144,-0.08102226158947864,-0.005963216037519034,-0.0013460220998240402,0.0016968347154033836,0.008972522027761443,11884,694000000,1.49,0,2,3,0.4323592744607162,0.19901901078798273,4.98922527121836,11.384134292602539
1.5206400000000015,0.0,5.0,-1.016010835812186,-1.1145934343184793,4.953128315319991,-0.9388155562129085,0.001822356108572507,0.00034246629554793707,-0.3444153207215045,-0.07848211189513836,-0.08739414535209536,-0.007264694742446079,-0.001334268927166704,0.0014570515872946999,0.013825719634041889,11884,910000000,1.47,0,2,3,0.4513523276797238,0.19382795259531516,4.989065377988135,11.777449369430542
1.6406250000000018,0.0,5.0,-1.018057634359,-1.1448299141673264,4.9513336293596995,-0.9381393866805163,0.0020265816580138504,0.0002596681216751898,-0.346251811111443,-0.09309585845855131,-0.09298909563245443,-0.00827941626646374,-0.001251955620773515,0.001202500095587311,0.016649452118144836,11885,128000000,1.41,0,2,3,0.47235718839183327,0.18912376662813765,4.988888435855535,12.173999786376953
1.6406250000000018,0.0,5.0,-1.019243209583485,-1.1761020761749077,4.949470149498408,-0.9375463767295449,0.002202797512774644,0.00018106474548900786,-0.34785328283628103,-0.0759245774496816,-0.09797092548633982,-0.008017921453460638,-0.0011474456869109417,0.0007878786959736317,0.009257639612769708,11885,357000000,1.33,0,2,3,0.47235718839183327,0.18912376662813765,4.988888435855535,12.620455026626587
1.7643600000000017,0.0,5.0,-1.0133120589225164,-1.2000628011818906,4.947939715554773,-0.9374431255332055,0.002312229118947525,0.00019573153667966098,-0.3481307249815816,-0.024918260469456992,-0.1017888625441038,-0.006877290320505373,-0.0006261071462176915,-0.0004779235837304441,-0.002876406165341905,11885,609000000,1.27,0,2,3,0.5461954968117512,0.19765635192146552,4.9884246489394535,12.992663145065308
1.8917550000000016,0.0,5.0,-0.9954980217242313,-1.214608514360998,4.9467418038079805,-0.9378509739468792,0.00228156953364951,0.0003999615030419783,-0.34703052479306346,0.056716182274289685,-0.10386523439772452,-0.005053850786780465,-0.0005940539097082365,-0.0026485025273359497,-0.016482668797834776,11885,829000000,1.27,0,2,3,0.5880881805268781,0.2058967253729864,4.988225578094532,13.387341737747192
2.0227200000000014,0.0,5.0,-0.9601938879495108,-1.2176791507955111,4.94583423861518,-0.9387916438775831,0.0022301625014410167,0.0007572675377228467,-0.3444774336683295,0.14415751943968716,-0.10630959454481688,-0.0034745469606628867,-0.0005121266724472662,-0.0031911124779071542,-0.027474047237774357,11886,53000000,1.33,0,2,3,0.5880881805268781,0.2058967253729864,4.988225578094532,13.811529874801636
2.1571650000000018,0.0,5.0,-0.9146010278440351,-1.210225121529313,4.945357967731522,-0.9399767470728377,0.002158073522354465,0.001104131101311671,-0.3412298910933063,0.2108919036557768,-0.10861784486431914,-0.002079828894823737,-0.0008736768620565272,-0.003251510588597739,-0.034384017999400385,11886,278000000,1.49,0,2,3,0.6739182816007752,0.2173799594502058,4.987691735380785,14.218962669372559
2.2950000000000026,0.0,5.0,-0.858697524703727,-1.195249678189894,4.945206817252189,-0.9413501142005883,0.002136530057157585,0.0014559883106631923,-0.3374215135878168,0.26178615335570915,-0.11084416630329685,-0.0009619009612531693,-0.0008821424955840484,-0.0030667668625028455,-0.03855989380099345,11886,503000000,1.75,0,2,3,0.714316300868602,0.22019409664362835,4.987370323242235,14.617186546325684
2.2950000000000026,0.0,5.0,-0.7836120342053351,-1.1718572713474682,4.945324015286876,-0.9430932805926144,0.002115742576165729,0.0018441117558832595,-0.33251644618912196,0.2919924672733562,-0.11440397095853114,-0.00048040907770356255,-0.0008338893564996397,-0.0028479649245127803,-0.04140211640333291,11886,725000000,2.12,0,2,3,0.714316300868602,0.22019409664362835,4.987370323242235,15.040749788284302
2.4361350000000024,0.0,5.0,-0.699136781538122,-1.1465985570941504,4.94549510115692,-0.94503531503176,0.002093693874076945,0.002196755224610873,-0.32695419259472247,0.28166187857897124,-0.1204042187676754,-0.001207832668726767,-0.00031003520746253344,-0.0019212830125070468,-0.040898894803831354,11886,979000000,2.65,0,2,3,0.714316300868602,0.22019409664362835,4.987370323242235,15.543763875961304
2.5804800000000023,0.0,5.0,-0.6364710898472052,-1.1322262364167583,4.94542346883836,-0.9464419900210831,0.0020952904603841003,0.0023471146635282592,-0.32285857636986337,0.24735004180403367,-0.12685519036426288,-0.002345943099424245,-0.0010454919333824364,-0.0005330113594936847,-0.03792038005485665,11887,259000000,3.29,0,2,3,0.857218036626892,0.22147170028988644,4.9860426595652445,15.952503681182861
2.727945000000002,0.0,5.0,-0.5801150363983913,-1.1256325363473527,4.945051591779986,-0.9477147595824398,0.0022577249358901466,0.002293868083377305,-0.31910245269650933,0.19974260165379257,-0.1363055256042943,-0.0037354849527809183,-0.0009794163815968204,0.001509637650087825,-0.03434631071286276,11887,495000000,3.79,0,2,3,0.9010140807381314,0.2202946975704626,4.9856177774491295,16.338460683822632
2.878440000000002,0.0,5.0,-0.5299753705218889,-1.1264677410638957,4.944406046610959,-0.9488157593175546,0.0023996949020813015,0.0021605511581982884,-0.3158135974807326,0.16253017748987733,-0.14375258017638798,-0.004700163428705294,-0.0008510590078003588,0.0014175504475133494,-0.02973925911646802,11887,714000000,4.26,0,2,3,0.9010140807381314,0.2202946975704626,4.9856177774491295,16.711287021636963
3.0318750000000025,0.0,5.0,-0.4847685873812904,-1.1334126675430132,4.943533644515078,-0.9498216504754284,0.0025536142393276402,0.0020357580042405987,-0.3127749462981293,0.13188438386080542,-0.15183719778376023,-0.005680103620869735,-0.0013466740142575873,0.0014617625197388406,-0.0283141835097922,11887,928000000,4.7,0,2,3,0.9931829049429751,0.21691869828578197,4.984680864062213,17.104366064071655
3.0318750000000025,0.0,5.0,-0.4397871225672286,-1.1472579225472377,4.942319869901279,-0.9508182608255551,0.002790606454750619,0.0019022810517658713,-0.3097308972690349,0.1051153182346326,-0.16210833108364936,-0.006789612877045219,-0.0014341646647153539,0.0014697979963784746,-0.024398208370257635,11888,146000000,5.1,0,2,3,0.9931829049429751,0.21691869828578197,4.984680864062213,17.54729151725769
3.188160000000002,0.0,5.0,-0.4011208033136426,-1.1644282478843369,4.94102497429232,-0.9515472350268217,0.002979119554536373,0.0018177980719077129,-0.30748281247845366,0.08868235403671297,-0.1700494598476873,-0.007507114974322654,-0.0015277121747203637,0.001102082887882716,-0.019070129928877577,11888,386000000,5.53,0,2,3,0.9931829049429751,0.21691869828578197,4.984680864062213,17.953877687454224
3.347205000000003,0.0,5.0,-0.3612612528139981,-1.1873756449588122,4.939427136969864,-0.952133888772716,0.00321229825339349,0.0017224262742076644,-0.3056595691912918,0.07136791695239399,-0.17872676760362924,-0.008433986605583947,-0.0019011630683962721,0.001298968084029184,-0.013879301513952669,11888,616000000,5.77,0,2,3,1.1532792326697872,0.21014824156765213,4.9829086245972585,18.357441186904907
3.5089200000000025,0.0,5.0,-0.32587764026086463,-1.2116738318572458,4.937791616203265,-0.9525665906135661,0.003432987968407412,0.0016654816784147882,-0.30430631148767584,0.06913806494821792,-0.1861699844478319,-0.009088699971913427,-0.0005331712856104787,0.0002524662221503604,-0.014861815543554258,11888,844000000,6.15,0,2,3,1.2073393087615256,0.2078758594053963,4.982286700886305,18.731866121292114
3.6732150000000026,0.0,5.0,-0.28948855530045664,-1.2314011002562846,4.936334641572304,-0.9532437743703835,0.003390976878849909,0.0017993806457330536,-0.30217804375765633,0.11198661131403372,-0.18487169691967822,-0.008527835966519352,-1.6293316984494766e-05,-0.002504724830032501,-0.028229726558492985,11889,60000000,6.4,0,2,3,1.2630005488305533,0.20557717989880667,4.98164227683813,19.08946466445923
3.6732150000000026,0.0,5.0,-0.23975081949835295,-1.2456073515275263,4.934931125848748,-0.9545143637350733,0.0033143058881471245,0.0021082281045245897,-0.2981390618053381,0.18209223897025087,-0.1797550912278638,-0.007516246433511379,-0.0005395248138029274,-0.003264026122451469,-0.04636971680156421,11889,258000000,6.72,0,2,3,1.2630005488305533,0.20557717989880667,4.98164227683813,19.50986385345459
3.8400000000000025,0.0,5.0,-0.1651106639957485,-1.2499988727670301,4.933666306513376,-0.9565899288601718,0.003246565759935429,0.0024973414158005317,-0.2914085295592949,0.2617461177051078,-0.17230555337666256,-0.0062454866108809315,0.00038406368219057185,-0.0031697746180725517,-0.0583750046644127,11889,480000000,7.26,0,2,3,1.2630005488305533,0.20557717989880667,4.98164227683813,19.98753809928894
4.009185000000003,0.0,5.0,-0.07889149432241595,-1.2460899897726012,4.932700983103131,-0.9588191451393562,0.0031166221620053058,0.00283096176125108,-0.28398612507663096,0.29661652222110246,-0.17027170490740534,-0.005946251791761319,-0.00011438254574613893,-0.0026302870082872687,-0.05870324530405924,11889,740000000,8.14,0,2,3,1.2630005488305533,0.20557717989880667,4.98164227683813,20.449541330337524
4.180680000000002,0.0,5.0,0.010118593139733944,-1.2428221499657073,4.9317061523646295,-0.9608870605318705,0.0031307429587251476,0.0030875204233213735,-0.2769056203268243,0.28757511270735925,-0.17879839559959454,-0.006829575578486095,-0.0021025206933700247,-0.0009626896996905998,-0.055054427502909675,11890,6000000,9.09,0,2,3,1.2630005488305533,0.20557717989880667,4.98164227683813,20.889785528182983
4.354395000000002,0.0,5.0,0.08919080087962614,-1.2464753894076417,4.930529365625279,-0.9626538425053828,0.003414142832157382,0.0031271917393282636,-0.270695666404486,0.25886646608961816,-0.19373015977820715,-0.008242564779011566,-0.0029595577871077694,0.0007255808441186673,-0.05345167010091245,11890,257000000,10.02,0,2,3,1.2630005488305533,0.20557717989880667,4.98164227683813,21.35172152519226
4.530240000000003,0.0,5.0,0.1587086327291152,-1.2563001820665325,4.9291454646498005,-0.9642294265018715,0.003764651534985528,0.003094436319401388,-0.26502427234228365,0.23815040043304045,-0.20812628233404434,-0.009763679491999655,-0.0030386720709429937,0.0009160019999399083,-0.050204188300995156,11890,511000000,10.88,0,2,3,1.6718004669444768,0.19111219105896615,4.976833091978541,21.680814027786255
4.708125000000003,0.0,5.0,0.23278486460536157,-1.27317130480984,4.927252819676185,-0.965389907250994,0.004105676574940872,0.0030983573353439795,-0.26076017828572173,0.23062237846967193,-0.2212991415421514,-0.011392678625645605,-0.00015987484047741418,-0.0003696059053481804,-0.03423279667913448,11890,720000000,11.7,0,2,3,1.6718004669444768,0.19111219105896615,4.976833091978541,22.048629760742188
4.708125000000003,0.0,5.0,0.30966314808384116,-1.2895942728686591,4.925242455561513,-0.9666502950099476,0.004055946866584441,0.003247967596737936,-0.25604727524167714,0.2530696624161425,-0.21788221080083595,-0.011528821479755296,-3.459360371493858e-05,-0.002028557400990394,-0.04810433056263719,11890,963000000,12.42,0,2,3,1.6718004669444768,0.19111219105896615,4.976833091978541,22.456316471099854
4.887960000000002,0.0,5.0,0.38963814298335897,-1.3046676123832688,4.923202964982143,-0.9683614700206268,0.004032036917829628,0.0034565438887761515,-0.24949520709249862,0.26280285333745945,-0.218326374053873,-0.01196261265260105,-0.0007707809629664553,-0.0015841789149817487,-0.06149744149297476,11891,201000000,13.19,0,2,3,1.6718004669444768,0.19111219105896615,4.976833091978541,22.90876340866089
5.069655000000004,0.0,5.0,0.4829854034810181,-1.3246250074363566,4.9206798957952955,-0.9705510238560895,0.004194115701512019,0.003564562968704459,-0.24083274979998176,0.25500518914009646,-0.22500371531475252,-0.012934269338913614,-0.0023468486915589892,8.69237157807845e-06,-0.06406020984286442,11891,454000000,14.17,0,2,3,1.6718004669444768,0.19111219105896615,4.976833091978541,23.399372100830078
5.253120000000004,0.0,5.0,0.5551665493253841,-1.3440233427977097,4.918487940889339,-0.9722025482272875,0.004477944115103032,0.0035498002386737584,-0.23407168165999093,0.24697707098764515,-0.23367472940677322,-0.014034445293309938,-0.0028044062446497264,0.0005661308364324213,-0.06157310199341737,11891,723000000,15.42,0,2,3,2.082879099560211,0.18119496842233548,4.970460459746635,23.84964632987976
5.438265000000004,0.0,5.0,0.620535871248836,-1.3645660153991548,4.916299133557657,-0.9735438041628388,0.004789173450537107,0.0035483986176669488,-0.22842270916233148,0.2453495741970167,-0.24246749861286504,-0.0151662935218634,-0.0023514788722422963,0.0002594940681888147,-0.055904462715261616,11891,949000000,16.41,0,2,3,2.167751832954404,0.18409496111805612,4.96728927558499,24.24331498146057
5.6250000000000036,0.0,5.0,0.6906525177200421,-1.3816049419118581,4.914200347936773,-0.9747704619306419,0.004686960615417115,0.0036201955961890405,-0.22313106715909753,0.3046329039051495,-0.22027776565012824,-0.013621769508438058,0.0013403216826191056,-0.0020808850649700616,-0.05372532759793103,11892,154000000,17.29,0,2,3,2.247721023711748,0.18929201977456353,4.963666172856444,24.623220682144165
5.6250000000000036,0.0,5.0,0.7696651604816103,-1.3898237462322265,4.912477222834948,-0.9760502190485214,0.004511818086283862,0.0038077574318741538,-0.21746520267902464,0.3685446489212576,-0.19498856668486408,-0.011675566050591054,0.0015803892551957688,-0.0027228022190683987,-0.06121060432633385,11892,344000000,18.17,0,2,3,2.3286347623992456,0.1970237891539006,4.959456982602634,25.00636601448059
5.813235000000003,0.0,5.0,0.8483903219337597,-1.3899110077598231,4.911282243147398,-0.9772833848979879,0.004329184422592511,0.0039882656802213215,-0.21185499168400546,0.42072157070247124,-0.1740536766854584,-0.010059241555785952,0.0017582306327312835,-0.0026492376264286577,-0.06554924984811805,11892,538000000,19.11,0,2,3,2.409723593505131,0.20617538014058842,4.955142034411857,25.399987936019897
6.002880000000004,0.0,5.0,0.942905764713013,-1.383245610673468,4.910338480725247,-0.9785920597043158,0.004107139613930664,0.004153971908893488,-0.20572665506743726,0.4653642849712458,-0.1524877719187809,-0.008268642177011702,0.0021221339693511254,-0.002150832574443484,-0.060130413112347014,11892,725000000,20.01,0,2,3,2.482821686651096,0.21403705104624487,4.95167393708076,25.837714433670044
6.193845000000003,0.0,5.0,1.0638179675797685,-1.3680058877372667,4.90968011693677,-0.9798927160715027,0.003820767337195401,0.004297112679880553,-0.1994422260946383,0.5057989129659723,-0.13258040297716236,-0.00660087917010598,0.002094215346915007,-0.0017072213267965708,-0.04859434993704781,11892,936000000,20.97,0,2,3,2.482821686651096,0.21403705104624487,4.95167393708076,26.298973321914673
6.386040000000003,0.0,5.0,1.2120815126373337,-1.3444112667222292,4.9093321459275225,-0.9811275978019045,0.0035578942810322875,0.004435347879170353,-0.19327779466079426,0.5271579423537965,-0.1252188627973155,-0.00601844691851492,0.001476746774642379,-0.0013415494095170288,-0.046074006968410686,11893,177000000,21.82,0,2,3,2.482821686651096,0.21403705104624487,4.95167393708076,26.807566165924072
6.579375000000004,0.0,5.0,1.3402204870155734,-1.3264668239345716,4.90898853667615,-0.9822562617737536,0.003432287929894389,0.004529769733138054,-0.18745755997553776,0.5160651129357812,-0.13722240543030165,-0.007000190662314854,-0.0008441754857813066,-0.0008480839881030988,-0.050169991664006375,11893,451000000,22.94,0,2,3,2.778553577494273,0.23435297566318294,4.941261727589048,27.275794506072998
6.773760000000003,0.0,5.0,1.4447165401963407,-1.31761040395719,4.908452977371835,-0.9831600441091337,0.003565400581101647,0.004575926721313354,-0.18265452767633167,0.49203601833977456,-0.15811000837783923,-0.008463447785279831,-0.0006285483976853357,-0.00023719476160977138,-0.048052789497887716,11893,684000000,23.83,0,2,3,2.8798116575002433,0.2368467638334606,4.938833025894518,27.69119095802307
6.773760000000003,0.0,5.0,1.5577285187307437,-1.3130268554214208,4.907664779888353,-0.9840470949669458,0.0035143018072523007,0.00461359764082327,-0.17781360827206288,0.48390360066298294,-0.16652020653090893,-0.009026770741348802,0.0004869106334126627,-0.0008111244312658528,-0.04380030441097915,11893,895000000,24.59,0,2,3,2.965530171152569,0.23770538494555654,4.937160978410044,28.08641290664673
6.969105000000003,0.0,5.0,1.6900699321758803,-1.3119514955245517,4.906624896119473,-0.9851501446701352,0.00348477653000312,0.004691709017958026,-0.17159556129293713,0.4743464299672997,-0.17523549381946435,-0.009416749375265373,1.2654603942507947e-05,-0.0007275704319908982,-0.05270439214655198,11894,109000000,25.4,0,2,3,2.965530171152569,0.23770538494555654,4.937160978410044,28.57102918624878
7.165320000000004,0.0,5.0,1.8004322656039613,-1.3146797298286295,4.905711256961392,-0.986175316383635,0.003514989239430625,0.004732366458818033,-0.16560040734848236,0.46315366726502816,-0.1823401705861399,-0.009575076275266395,-0.001114535734814126,-0.00035082486817827885,-0.05452326113299932,11894,360000000,26.41,0,2,3,3.1758994318328004,0.23596404361392714,4.934232799312456,29.01898765563965
7.362315000000003,0.0,5.0,1.9181683273206955,-1.323188469094741,4.9046280061920235,-0.9871325384102716,0.0036976573573126786,0.004745238059277449,-0.15979099366836153,0.4464771415958554,-0.19707176950447916,-0.010055044235079243,-0.0004344201272488135,1.5985049373057336e-05,-0.04857900639763102,11894,583000000,27.34,0,2,3,3.1758994318328004,0.23596404361392714,4.934232799312456,29.464394092559814
7.560000000000004,0.0,5.0,2.034290964745426,-1.3359097965623443,4.903514854611935,-0.9880837203172667,0.0037675585689668192,0.004734998604062944,-0.15379839704833842,0.43977432444712095,-0.20452229818943782,-0.010081576492031794,-0.0009746224748141685,-0.00013467799817590276,-0.04256994798197411,11894,820000000,28.27,0,2,3,3.3827013039789384,0.22868741400959747,4.932105994612513,29.90902614593506
7.758285000000004,0.0,5.0,2.1489255797591102,-1.3532792590751752,4.902378793890577,-0.9886063739852404,0.0039033322843799057,0.004764659793149167,-0.15039780360726068,0.43180275502508414,-0.21706885081394006,-0.01031961002273877,-0.0002778853740892373,-0.0002347610490005536,-0.029715180971834343,11895,60000000,29.2,0,2,3,3.3827013039789384,0.22868741400959747,4.932105994612513,30.387818574905396
7.957080000000003,0.0,5.0,2.2448988070798546,-1.3690977111058527,4.90142546087377,-0.9892030723870588,0.003924648244563047,0.004776568889492951,-0.14642084245695225,0.43793406091478504,-0.21635777684711602,-0.010379144258586336,-0.0006142345966964058,-0.00028743237692197,-0.03956492219003849,11895,299000000,29.85,0,2,3,3.3827013039789384,0.22868741400959747,4.932105994612513,30.820521593093872
8.156295000000004,0.0,5.0,2.3506382327574222,-1.3885181939847835,4.900383675319595,-0.9891023329707553,0.004111755024491738,0.004828293040826862,-0.14709301808291114,0.43075108794512074,-0.2312331482574134,-0.010530599315577703,-0.00027945084504210627,-0.00026263173822371755,0.040904635534388945,11895,513000000,30.56,0,2,3,3.3827013039789384,0.22868741400959747,4.932105994612513,31.223930597305298
8.355840000000004,0.0,5.0,2.455728806534512,-1.4123254021882161,4.899311876833878,-0.9875931541123502,0.0039509756779111775,0.00496249069669343,-0.15690610385736198,0.41642370287453795,-0.26049029601015705,-0.011014601131739762,0.0030965113637648756,-0.0015810429658813518,0.12534122652141377,11895,729000000,30.86,0,2,3,3.3827013039789384,0.22868741400959747,4.932105994612513,31.619876861572266
8.355840000000004,0.0,5.0,2.5416663756535836,-1.4355471359718068,4.8983751443089405,-0.9852924188606517,0.0034996617687345576,0.005167472160931213,-0.17076269772610309,0.40438302615067645,-0.28974556888735203,-0.011516453425107995,0.003331162588438019,-0.002783526792882185,0.17539229447720572,11895,945000000,30.27,0,2,3,3.3827013039789384,0.22868741400959747,4.932105994612513,31.970764875411987
8.555625000000004,0.0,5.0,2.6477537521335495,-1.4680834067831228,4.897150772647256,-0.9814288974320663,0.0027508361040393795,0.005464930166874082,-0.19172867997323284,0.3918085614691071,-0.3278630287124263,-0.011939275836332145,0.006021859371685423,-0.0032165874472411815,0.20477457292145118,11896,129000000,30.04,0,2,3,3.9441680692954724,0.21873413238970793,4.908108617838869,32.416104555130005
8.755560000000003,0.0,5.0,2.746012230921897,-1.5009157554818315,4.89603432240376,-0.9772451793873328,0.0019859530502579436,0.005690710161721476,-0.2120271944175015,0.38109010584320396,-0.3594920869501125,-0.011685152606242985,0.005411804249888519,-0.002871981200769369,0.20835338946199045,11896,355000000,29.74,0,2,3,3.9441680692954724,0.21873413238970793,4.908108617838869,32.78227615356445
8.955555000000006,0.0,5.0,2.8481266333542337,-1.5290049788101479,4.895084703075264,-0.9749687946719428,0.002257939979737421,0.005904048482090464,-0.2222518691361402,0.4222478401545656,-0.32912594092855024,-0.010811418354199619,-0.0033964610565817566,-0.00012912480400473214,0.03559366305125877,11896,554000000,29.73,0,2,3,3.9441680692954724,0.21873413238970793,4.908108617838869,33.15719175338745
8.955555000000006,0.0,5.0,2.9773439536386297,-1.5494496681288745,4.8943061362454365,-0.9759391290919603,0.0027193792817318567,0.005940337035030289,-0.21794525385852753,0.4714395231225546,-0.29221418336625116,-0.009708162973052218,-0.002495967464710702,0.0006169325502014544,-0.08511765554430895,11896,742000000,31.24,0,2,3,3.9441680692954724,0.21873413238970793,4.908108617838869,33.63951659202576
9.155520000000006,0.0,5.0,3.1008885872002407,-1.560588017083033,4.893919936884611,-0.9785217602135017,0.0029866006752140607,0.005880642468045627,-0.20603801360244128,0.5037322671992923,-0.2685852782449861,-0.008499401225127776,-0.00100888297538404,0.0006439643982503185,-0.11418239591876045,11896,993000000,34.84,0,2,3,3.9441680692954724,0.21873413238970793,4.908108617838869,34.09012031555176
9.355365000000004,0.0,5.0,3.214922242864028,-1.5703083338575112,4.893839537678105,-0.9799338489794962,0.0031730911005149625,0.005783158313013452,-0.19921380021731472,0.5043517216414685,-0.2729404317901274,-0.007203934231621892,-0.001453865945677535,0.0013055462090960646,-0.04175966823822819,11897,213000000,38.8,0,2,3,3.9441680692954724,0.21873413238970793,4.908108617838869,34.45626974105835
9.555000000000007,0.0,5.0,3.328863510285302,-1.584357344744354,4.894031319301406,-0.9794288602406789,0.002917861149684281,0.005631470081449557,-0.20169006013851382,0.4893727767425934,-0.3019888387545594,-0.005634003202125551,0.0035492171036821674,0.0009503179114744853,0.06946321736904792,11897,408000000,42.48,0,2,3,4.069403495594374,0.30198560958409787,4.91728455711999,34.85783267021179
9.754335000000006,0.0,5.0,3.4545169969474916,-1.6069312187576583,4.894528717484254,-0.9765206931414475,0.0018967660282269343,0.0054499153440714385,-0.21534631774869817,0.47297971603685296,-0.34613095661371834,-0.004064773249145754,0.008591842652094783,-0.00048530321237194585,0.15757013024995103,11897,601000000,45.11,0,2,3,4.094385037242707,0.3483339878230856,4.920479279279645,35.30367398262024
9.953280000000005,0.0,5.0,3.5590620335709864,-1.6282992609012512,4.89502006691214,-0.9732659488036721,0.0011004991382221941,0.005400678857455089,-0.2296149264939304,0.47058162562376193,-0.3697846240348176,-0.003671584285864076,0.007280295358214062,-0.0013124000020070525,0.16532190493308008,11897,820000000,46.79,0,2,3,4.094385037242707,0.3483339878230856,4.920479279279645,35.65396761894226
10.151745000000005,0.0,5.0,3.654301512966061,-1.6454273002804831,4.89544742461112,-0.9701201228592335,0.00012763894870738545,0.005392920936126697,-0.24256514039667992,0.4886378911327802,-0.3659755642108878,-0.003557284189290191,0.011081239608756732,-0.003287487515990506,0.16718460974516347,11897,997000000,47.86,0,2,3,4.094385037242707,0.3483339878230856,4.920479279279645,36.02411079406738
10.151745000000005,0.0,5.0,3.777355765010745,-1.6591600279515728,4.895978137469893,-0.9659395858434827,-0.0012341148438011732,0.005462428809762155,-0.25870708404017756,0.5196865293505606,-0.35165796124658355,-0.003212438021588552,0.011708054535120027,-0.0043260588881821604,0.16606909630354494,11898,172000000,48.81,0,2,3,4.135581831670642,0.4208442642088224,4.925011253111707,36.456971168518066
10.349640000000004,0.0,5.0,3.9048891096749045,-1.662987297142325,4.896575028649471,-0.9614648244606419,-0.002650900016538499,0.005521874264074911,-0.27485973324330537,0.5519959520114137,-0.3386131246739949,-0.0027880994772731885,0.011367575916665373,-0.004389282958072727,0.16818722215248272,11898,370000000,50.04,0,2,3,4.135581831670642,0.4208442642088224,4.925011253111707,36.86658453941345
10.546875000000004,0.0,5.0,4.022874177893745,-1.658511463606326,4.8971985547922525,-0.9573059074437247,-0.0034600084608400455,0.005613888886479176,-0.28900157813819577,0.5755629825937097,-0.32989190747642316,-0.002507886975981723,0.006400910433512763,-0.0032652938443789026,0.160700740525499,11898,562000000,51.34,0,2,3,4.135581831670642,0.4208442642088224,4.925011253111707,37.29968214035034
10.743360000000003,0.0,5.0,4.156800572723278,-1.6461995820298303,4.898003267635778,-0.9524318197515584,-0.004374957967200995,0.005602490272711955,-0.3046688375437567,0.5957882077166289,-0.328776697618839,-0.0020423213981553803,0.007303965412575053,-0.002705181623241515,0.16635096399113536,11898,757000000,52.31,0,2,3,4.173534994155428,0.44667458016330513,4.924734447043122,37.70242166519165
10.939005000000002,0.0,5.0,4.279640675481608,-1.630093574496268,4.89882782307433,-0.947574997262935,-0.005331917654336284,0.005474366541854891,-0.31944205503853335,0.6082521584008327,-0.33627925784709467,-0.001342323808607756,0.008978057303465903,-0.002277103249070933,0.17667617939878255,11898,948000000,53.0,0,2,3,4.2125233249203085,0.4540431583795801,4.924815944646785,38.07094359397888
10.939005000000002,0.0,5.0,4.40450227839113,-1.6103344996482911,4.89973621115588,-0.9422972846625361,-0.0061974464400106144,0.005299436019003251,-0.3346779570768217,0.6170572295657648,-0.3484370534779358,-0.000669032199094257,0.007873534377722535,-0.0017216819856002985,0.18034832901321352,11899,121000000,53.0,0,2,3,4.270238931952596,0.4616502589844765,4.925213013969279,38.45403575897217
11.133720000000002,0.0,5.0,4.517106073878403,-1.5904008040038524,4.900618600558312,-0.9373312572751996,-0.006949628095639475,0.005078684175167155,-0.3483332079651241,0.6215305962323436,-0.36325468567757513,0.0002769076584145094,0.008189125037461054,-0.0011886310062436678,0.18207538378192112,11899,312000000,52.56,0,2,3,4.343878308342568,0.46855217954463185,4.925841936102512,38.82661294937134
11.327415000000002,0.0,5.0,4.645282827882146,-1.5658371477105386,4.901720645910343,-0.9315595593285013,-0.00768688925093523,0.004789916770014738,-0.36347593572982057,0.6225425057625991,-0.379527852328471,0.0015280606424661273,0.006999105517024873,-0.0005062575382908108,0.1774828662746586,11899,473000000,51.92,0,2,3,4.343878308342568,0.46855217954463185,4.925841936102512,39.185232400894165
11.520000000000007,0.0,5.0,4.7601911890842885,-1.5424560727447927,4.902815889004559,-0.9264306048153133,-0.008239919874233736,0.004495172439534876,-0.37634855069036455,0.6214521252733705,-0.39464651247992244,0.0028402895429127497,0.006225379001989495,0.00019597691647277315,0.16935337334871292,11899,647000000,51.02,0,2,3,4.343878308342568,0.46855217954463185,4.925841936102512,39.56191039085388
11.520000000000007,0.0,5.0,4.890538467784259,-1.5147372081344181,4.904204420346233,-0.920678198153525,-0.008911704829918423,0.004053787045003041,-0.39019969729921183,0.6193116929119329,-0.4125855972174225,0.004724208609127725,0.007922569056972861,0.0009802628937904956,0.16467909299535677,11899,813000000,50.14,0,2,3,4.343878308342568,0.46855217954463185,4.925841936102512,39.93056011199951
11.711385000000007,0.0,5.0,5.051584100463609,-1.4793262500586517,4.9062102444235185,-0.9134312292448292,-0.009902292422055214,0.0033007342017754753,-0.4068592375733866,0.6148148409492601,-0.436788621401129,0.008022160724999314,0.010546010980760911,0.001946780639627832,0.16565605910727754,11899,993000000,49.12,0,2,3,4.714012224660373,0.48169455317541965,4.929126130849031,40.34709358215332
11.901480000000008,0.0,5.0,5.184552991396831,-1.4493296253728074,4.908149898561456,-0.90722967355198,-0.01072678396208079,0.0025588140885714414,-0.42049103201264404,0.6085393482509243,-0.4551077646616498,0.010976758249275787,0.010188457326876232,0.0025840764237727853,0.16642425616737455,11900,196000000,47.76,0,2,3,4.714012224660373,0.48169455317541965,4.929126130849031,40.7760169506073
12.090195000000008,0.0,5.0,5.333779864996971,-1.4177310777956933,4.910653994700573,-0.9011722578696086,-0.01068603781195859,0.0020105760248110465,-0.4333247371500053,0.5849192722753556,-0.4931804258773024,0.01458300297690073,0.0005529705447315791,0.00471833982373937,0.124883305397816,11900,396000000,46.54,0,2,3,4.972111947058992,0.48308028054106444,4.931413737339796,41.207767486572266
12.090195000000008,0.0,5.0,5.499813715195197,-1.3866795188457346,4.913920534727486,-0.8954877665039166,-0.0109316874600311,0.0011439071703546015,-0.44495039018691596,0.5641115140049159,-0.5249833175277449,0.0193411518192311,0.007394973999907961,0.005538110508496175,0.10864657524507493,11900,592000000,45.41,0,2,3,4.972111947058992,0.48308028054106444,4.931413737339796,41.64836835861206
12.277440000000006,0.0,5.0,5.669264284461464,-1.3640620921620616,4.918091583704315,-0.8911930536553698,-0.011537634237725483,-0.00013969745829608884,-0.45347745765058006,0.5236457026899891,-0.581342703501942,0.027805248228675045,0.010197718347626505,0.007836618078727042,0.07584238337585703,11900,801000000,44.45,0,2,3,4.972111947058992,0.48308028054106444,4.931413737339796,42.09153914451599
12.463125000000007,0.0,5.0,5.825858240049601,-1.3507568262166099,4.922661678379412,-0.8876750145723225,-0.012095941229230679,-0.001387891404028817,-0.4603094942180277,0.4996252583488442,-0.609291602438921,0.03372163453855212,0.010814514917001361,0.007418286895699566,0.07878141186665744,11901,21000000,43.9,0,2,3,4.972111947058992,0.48308028054106444,4.931413737339796,42.53766059875488
12.647160000000005,0.0,5.0,5.998642561862353,-1.3378908373493903,4.928217686297307,-0.8831377660400647,-0.012835658392420585,-0.0027039133903374217,-0.46893029430798616,0.4912266527172652,-0.6137096387696269,0.03797855565807893,0.013513818430510582,0.005580138258665102,0.09614911978133023,11901,236000000,43.55,0,2,3,5.556436648855605,0.4817762527270888,4.935702201347656,42.98670840263367
12.829455000000008,0.0,5.0,6.139121066564223,-1.3246121731588962,4.9330309045120195,-0.8786397196801449,-0.013798358938708701,-0.003851963095084971,-0.47727037481003254,0.49403034740294266,-0.6051623436305668,0.040949791778170326,0.014477454260486411,0.0041874782255035825,0.11130164202768356,11901,444000000,42.87,0,2,3,5.716054792845113,0.48766647039814953,4.935802414205502,43.37339544296265
13.009920000000006,0.0,5.0,6.279797653774325,-1.3122070678303972,4.938300433434762,-0.8746271742117768,-0.014826218614611582,-0.005121531782394057,-0.4845423193944111,0.4625219971548117,-0.6365716361884196,0.048278982364399814,0.017132268658315297,0.006479486046373495,0.07764631518512033,11901,631000000,41.94,0,2,3,5.716054792845113,0.48766647039814953,4.935802414205502,43.735105752944946
13.188465000000008,0.0,5.0,6.453989449852328,-1.305392382392142,4.945752434856956,-0.8712323905854568,-0.01612034474131356,-0.006915279978032921,-0.490557269829932,0.42422437134240054,-0.672858976235333,0.05803591455169579,0.01664939700276591,0.007947507310746005,0.05432068355730735,11901,811000000,40.98,0,2,3,5.716054792845113,0.48766647039814953,4.935802414205502,44.167428731918335
13.188465000000008,0.0,5.0,6.6139484382720255,-1.3047686521971649,4.953351798086163,-0.8685390964031408,-0.017022431974070537,-0.008432102504878372,-0.4952564734319491,0.4057763589877609,-0.6899647107939829,0.06468842338285197,0.014012609972269274,0.007378032887572772,0.055414510279661044,11902,20000000,40.03,0,2,3,5.716054792845113,0.48766647039814953,4.935802414205502,44.57370710372925
13.365000000000007,0.0,5.0,6.7580743329369914,-1.3044565488675952,4.960569351562984,-0.865754012124914,-0.017603260409255715,-0.0095546229937332,-0.500068820155812,0.4052860590711214,-0.6871254422227205,0.06773718817148187,0.011069951324316207,0.005668799667546409,0.06613741425098851,11902,221000000,39.13,0,2,3,5.716054792845113,0.48766647039814953,4.935802414205502,44.9821343421936
13.539435000000006,0.0,5.0,6.916644795265708,-1.2998058615117398,4.968708208716547,-0.8617930464146395,-0.018367341605606866,-0.010689660583281437,-0.5068146772443867,0.4169368573952565,-0.6658221777208422,0.06887707219806062,0.011963577708229423,0.003391066411495558,0.0874706958711613,11902,404000000,38.16,0,2,3,6.478974269772638,0.6396121635503008,4.92417004122818,45.43940877914429
13.711680000000007,0.0,5.0,7.072565805681468,-1.2879715224849828,4.976797780285941,-0.856782784057465,-0.019114915390827006,-0.011723284925684798,-0.5151897180096784,0.4304154708217232,-0.6448454175405742,0.06935951604111948,0.008291999665743788,0.0026889286118603195,0.1015911802824121,11902,607000000,36.89,0,2,3,6.645756178305766,0.6811682336427748,4.920686694423157,45.890706062316895
13.881645000000006,0.0,5.0,7.195334467929356,-1.2740416924788331,4.983178002525442,-0.8544410937404128,-0.018539720219368186,-0.011924383354898897,-0.5190804419196315,0.4364241718333758,-0.6293935832203663,0.06791298657537279,-0.006392466366378358,0.005742522398577421,0.027570206839300226,11902,804000000,35.37,0,2,3,6.645756178305766,0.6811682336427748,4.920686694423157,46.24595093727112
14.049240000000006,0.0,5.0,7.316205185538547,-1.2569732847836113,4.989452071968363,-0.854548057205875,-0.017728639890668932,-0.012046877897951386,-0.5189298468831824,0.4485043042732061,-0.6095722389445869,0.06596186794007722,-0.008477029678033432,0.0072280118274647975,-0.02650666810950497,11902,964000000,34.5,0,2,3,6.947173702848209,0.7421965175340368,4.914797757273695,46.632503271102905
14.049240000000006,0.0,5.0,7.450090568452552,-1.2344198567666933,4.996382152243479,-0.8562455091222831,-0.01688858710066298,-0.012222340412818139,-0.5161482520831573,0.46209241744301266,-0.5895673041460648,0.06443604788683176,-0.006455381026171381,0.007087868243615958,-0.039429727985407226,11903,133000000,34.14,0,2,3,6.947173702848209,0.7421965175340368,4.914797757273695,46.9993257522583
14.214375000000006,0.0,5.0,7.596881849206984,-1.2064958360365758,5.003916993874779,-0.8594626451411088,-0.015689648067106696,-0.01222022663700457,-0.5108115725113506,0.475728483345182,-0.5697204233320865,0.06200325921511951,-0.010700858638301725,0.007444877974194242,-0.0794310042692814,11903,306000000,34.04,0,2,3,7.23333857967177,0.7793866657682652,4.9102056331656945,47.43964886665344
14.376960000000006,0.0,5.0,7.713059185178531,-1.1827393911709772,5.0097642342515,-0.8623104902512276,-0.01487240570702461,-0.012219788728801091,-0.506013939249302,0.4842497557709959,-0.5560383934540799,0.06017677380105364,-0.00861253474795376,0.005807996922158054,-0.0631610666459892,11903,502000000,34.18,0,2,3,7.23333857967177,0.7793866657682652,4.9102056331656945,47.805190324783325
14.536905000000008,0.0,5.0,7.828356056768011,-1.1581915361280257,5.015431354476747,-0.8650092014201761,-0.014008246002098487,-0.012095071654609928,-0.5014145587675368,0.491170963382441,-0.5447531642821217,0.05806341689054908,-0.01085045932995854,0.004979937739335583,-0.07180645625339821,11903,674000000,34.37,0,2,3,7.23333857967177,0.7793866657682652,4.9102056331656945,48.18159484863281
14.694120000000009,0.0,5.0,7.943044329026997,-1.1331724200204307,5.020900186844053,-0.8674671111985393,-0.013345770120858509,-0.011999907793820477,-0.49717069867569824,0.49703579873293124,-0.5367887514249409,0.05624674058902927,-0.006304760700004408,0.0034039743923131027,-0.045900943223387,11903,827000000,34.54,0,2,3,7.23333857967177,0.7793866657682652,4.9102056331656945,48.55523943901062
14.694120000000009,0.0,5.0,8.043268427424664,-1.1110994553067557,5.025530260957028,-0.8684354006945836,-0.013040460132425697,-0.012001983072465387,-0.49548547266524445,0.5001288947823167,-0.5347162183220713,0.0550684433703566,-0.002459562688272854,0.002068076719297096,-0.010758051485026954,11903,978000000,34.67,0,2,3,7.80106200889328,0.7986582708988831,4.904517910011792,48.96107029914856
14.84851500000001,0.0,5.0,8.172458112653285,-1.0825624852553015,5.031277875479612,-0.8678871125716823,-0.012941729169190891,-0.01210845816373225,-0.49644522025999643,0.5015536290748611,-0.5379671823467043,0.05401818180743824,0.0007892198084391566,0.0007969331363710808,0.032222057780018076,11904,132000000,34.56,0,2,3,7.914439546288886,0.7964473111453,4.903710280082573,49.38746953010559
15.0,0.0,5.0,8.317770372351903,-1.0562498933601503,5.038234571584055,-0.8668378147987202,-0.013301531381696994,-0.012645868228864666,-0.49825229965813433,0.4567643772101503,-0.5808507747695073,0.06334855162073062,0.008198708383133635,0.004012189720015158,0.008716137745068409,11904,311000000,34.12,0,2,3,8.056832105803949,0.7922871130868876,4.902619107400627,49.785252809524536
15.0,0.0,5.0,8.436140291740992,-1.0441853956304055,5.045004239677921,-0.8667764313265018,-0.013808572861555148,-0.01340852587963478,-0.49832534838813486,0.42024094167551096,-0.6147993809672124,0.07231520916835041,0.011314990206301445,0.005717166277463548,-0.003291315579190268,11904,498000000,33.71,0,2,3,8.210852453041621,0.7862608703780548,4.90131505954452,50.16793870925903
15.0,0.0,5.0,8.556148845980827,-1.0393708293514694,5.0527964728044275,-0.866928687711859,-0.014484827093234223,-0.014352853548389973,-0.4980148951600659,0.3883969579413063,-0.6436917733805753,0.08097712348955004,0.01430005195288686,0.006309106038315804,-0.0038433956433436833,11904,673000000,33.69,0,2,3,8.33123837507893,0.7805035032636657,4.9001947453991015,50.53402042388916
15.0,0.0,5.0,8.677369912140543,-1.0408775275516235,5.061521272405831,-0.8668680727130653,-0.0153787275695078,-0.015448144552909878,-0.49806083371306226,0.3593164127884762,-0.6664922111587827,0.08925889939760549,0.017884788940136787,0.00617690634499013,0.007183959132817108,11904,817000000,33.83,0,2,3,8.33123837507893,0.7805035032636657,4.9001947453991015,50.91709804534912
15.0,0.0,5.0,8.783898478529746,-1.0465955297058738,5.069854340497603,-0.866356936977991,-0.01631584306826612,-0.016489587468150685,-0.4988863042018842,0.3355894594250523,-0.6816044787982058,0.09621225947562431,0.01971975725609809,0.005641226198349614,0.020080477042938583,11904,977000000,34.03,0,2,3,8.56509384668646,0.7670164441209721,4.897602467450984,51.30889630317688
15.0,0.0,5.0,8.936393029619481,-1.0603226466442335,5.082739622902784,-0.864695077698114,-0.01781187802333595,-0.01802795014555297,-0.5016574056260742,0.30759295191847164,-0.698708746491491,0.10509362912613543,0.021313301112968475,0.004506652021518676,0.044240538773010485,11905,135000000,34.17,0,2,3,8.56509384668646,0.7670164441209721,4.897602467450984,51.75437951087952
15.0,0.0,5.0,9.088698893916638,-1.0789806342792658,5.096609720749118,-0.8621663485434914,-0.019320897905398496,-0.019527261221862116,-0.5058800019890934,0.27976702978331913,-0.708336156921378,0.1130504904062887,0.019137167146254797,0.0036261447576180217,0.05358803900890052,11905,320000000,34.26,0,2,3,8.56509384668646,0.7670164441209721,4.897602467450984,52.236597776412964
15.0,0.0,5.0,9.240041869440795,-1.0999850212817694,5.111100635037961,-0.8592231933920763,-0.02044679141897713,-0.02074910546785111,-0.5107708950988449,0.2655524634049967,-0.707970488735849,0.11723703714157707,0.014962249406380579,0.0027865678021044005,0.060182343440828845,11905,531000000,34.26,0,2,3,8.939089418373262,0.7385116925481329,4.892008872895323,52.658032178878784
15.0,0.0,5.0,9.374612736431944,-1.116456343666375,5.123872526892025,-0.8562634144889107,-0.020770440123835547,-0.02132796310276088,-0.5156807848027121,0.27652103429698227,-0.6873083983243486,0.11287728803072805,0.0044893713948113145,0.0012323533724156732,0.06608506664633751,11905,733000000,34.22,0,2,3,9.071786297204412,0.7256977357186263,4.889740888254547,53.06071496009827
15.0,0.0,5.0,9.507186011843325,-1.1299686214467477,5.136303586302243,-0.8533623353440598,-0.021059789842974973,-0.021883310509763134,-0.5204328300453722,0.26760213863733673,-0.679222289199645,0.11385504037569136,0.006692793249385431,0.002289762824148056,0.05844384832016658,11905,898000000,34.16,0,2,3,9.071786297204412,0.7256977357186263,4.889740888254547,53.48796534538269
15.0,0.0,5.0,9.608904624249792,-1.1400841357756855,5.1460759538809375,-0.851346475078251,-0.021131046206901007,-0.02228517625034983,-0.5237041427920247,0.2616477117150095,-0.6706695178800868,0.11402303511839454,0.003465614145170548,0.002981941315738368,0.05279116849123966,11906,79000000,34.12,0,2,3,9.304455464812522,0.6997769000427001,4.885612667426317,53.840819120407104
15.0,0.0,5.0,9.737615023670223,-1.1513981799488608,5.158474333594039,-0.8489491517671623,-0.020814348958500775,-0.022559073445330487,-0.5275824000064231,0.26422818112149865,-0.6535852769326117,0.11049188060358697,-0.00392197630390001,0.0027951185757046915,0.04914880155411083,11906,234000000,34.14,0,2,3,9.393278134653135,0.6888595364855162,4.88401154875017,54.247931718826294
15.0,0.0,5.0,9.863942597835772,-1.1604872328843059,5.170558353741214,-0.8465877846923735,-0.020426473447980587,-0.0227862331084641,-0.5313686757542875,0.2568552443755027,-0.6433302675533403,0.10975851667647216,-0.001324131403634965,0.003030802940884314,0.050689850831986405,11906,409000000,34.18,0,2,3,9.506488401018597,0.6742658887115873,4.8819843105553,54.66806507110596
15.0,0.0,5.0,9.988183864099778,-1.1691955636494453,5.1827231144326245,-0.8440815877058765,-0.020026629723709225,-0.02302693502991179,-0.5353456525096325,0.24774738908206598,-0.6345244305053686,0.10934971782201035,-0.00207919390504685,0.0030473534025077242,0.053813653357792646,11906,591000000,34.21,0,2,3,9.618773274283749,0.6591668540586165,4.879990074223997,55.105533838272095
15.0,0.0,5.0,10.110515442046996,-1.1779101617242327,5.195030337306677,-0.8413053425437996,-0.01963619947717874,-0.023274359763207006,-0.5397018106834227,0.2349082578492526,-0.6290935664029198,0.1100384700369097,-0.001433690874819149,0.0028132109491707524,0.060709727404173464,11906,768000000,34.2,0,2,3,9.729838149455842,0.6437707829264083,4.877969671960052,55.50073003768921
15.0,0.0,5.0,10.244411912012467,-1.1881464105000028,5.208973430541331,-0.8377403607120215,-0.019162034916198584,-0.023502241615611943,-0.5452261449077838,0.21964752443734023,-0.6234743510689639,0.11056220283202933,-0.0022977186063144472,0.00235026686823403,0.07034028021735139,11906,938000000,34.12,0,2,3,9.839667173075357,0.6281837954609473,4.87591846749761,55.89183783531189
15.0,0.0,5.0,10.36309821565183,-1.1977487945478007,5.221714539264038,-0.8340298631696086,-0.018716508088546167,-0.02368788070744166,-0.5508926973321076,0.20601167765173653,-0.6184075099084845,0.11074291105048777,-0.002176527027586417,0.00206648458060954,0.07897351315477863,11907,145000000,33.95,0,2,3,9.960103917905503,0.6104663870270186,4.873641118734244,56.25214099884033
15.0,0.0,5.0,10.480109348301202,-1.2075277410543181,5.234591780428602,-0.8299067200965711,-0.018256414187897432,-0.023842373484993955,-0.5570934217042538,0.19261295628814584,-0.6129769499074826,0.11059050091858931,-0.0025090202825595043,0.0016793926192804065,0.08582027803640813,11907,323000000,33.71,0,2,3,9.960103917905503,0.6104663870270186,4.873641118734244,56.65077495574951
15.0,0.0,5.0,10.60809471960287,-1.2184249640096116,5.248978919202348,-0.8249082128339791,-0.017709057507515676,-0.023960405756526908,-0.5644809373550437,0.17840531178988697,-0.6058456615275611,0.10956949807083868,-0.004481914447751478,0.0012812782756554952,0.09190252967528068,11907,505000000,33.4,0,2,3,10.172247160215955,0.5770235829324991,4.869676760238372,57.075700521469116
15.0,0.0,5.0,10.770334698524843,-1.2286771288435698,5.266512526645344,-0.8180089503395446,-0.016390151188154727,-0.023595636887468394,-0.5744875682104013,0.17704237954839655,-0.5854857471659882,0.10047946417278933,-0.006640191486440017,0.000979638548415096,0.09628340558265336,11907,704000000,33.01,0,2,3,10.172247160215955,0.5770235829324991,4.869676760238372,57.58822822570801
15.0,0.0,5.0,10.916533361513482,-1.2364099297321927,5.2821435942332355,-0.8110827849995236,-0.0153827943540868,-0.023420117107497723,-0.5842598596771366,0.16291977967186272,-0.5759338013671542,0.09730085768622716,-0.011049476870539365,0.0008036672340949735,0.10052550060208887,11907,972000000,32.47,0,2,3,10.433526554254378,0.5304635456459722,4.86530258585547,58.04245471954346
15.0,0.0,5.0,11.047094957985463,-1.2398116090421083,5.29523579884904,-0.8047504864890395,-0.014014099028185359,-0.022837361120829132,-0.5930081908887256,0.16421602272275432,-0.5592047030992935,0.08831937000909924,-0.00816084229882108,0.0007650501004263788,0.1006568745651748,11908,199000000,31.94,0,2,3,10.433526554254378,0.5304635456459722,4.86530258585547,58.51398277282715
15.0,0.0,5.0,11.152096099796358,-1.242316806823607,5.305745466503946,-0.7988137551533694,-0.01329793608170741,-0.022767769120635287,-0.601000314611406,0.1423226932404333,-0.5591416646912468,0.08970065074348801,-0.004822621349376277,0.0016608599480605335,0.11759858607547358,11908,419000000,31.5,0,2,3,10.683490427747206,0.4791725990620808,4.862067964017505,58.89118266105652
15.0,0.0,5.0,11.255453725969792,-1.244621667770004,5.316002977683272,-0.7924845293240936,-0.012211577733085541,-0.022428725019978456,-0.609357120615831,0.13769941312947587,-0.5480687576606083,0.08316736071686776,-0.01177132335214992,0.0013850495520273398,0.11542561405804008,11908,598000000,31.03,0,2,3,10.683490427747206,0.4791725990620808,4.862067964017505,59.298765659332275
15.0,0.0,5.0,11.380144213899717,-1.2493153888581139,5.32887568209619,-0.7834318343861485,-0.011506174831831174,-0.022626458304885542,-0.6209591067016175,0.09592421329445602,-0.5542044656190916,0.08954708497419342,-0.002424624631203187,0.0024868680611689342,0.14609903300879523,11908,793000000,30.52,0,2,3,10.873538504419304,0.4365227345091026,4.86025554212691,59.772876262664795
15.0,0.0,5.0,11.481151597595508,-1.2554799761178046,5.340001353186821,-0.775173558861003,-0.01074584288390988,-0.02266140158062155,-0.6312503001043906,0.07726203726844638,-0.549850017488339,0.08848270853864776,-0.004846254205403966,0.0019501198039506562,0.1474986143875867,11909,2000000,29.71,0,2,3,10.988165432656714,0.4096712465836374,4.859435363411709,60.163930892944336
15.0,0.0,5.0,11.570146273782115,-1.2624362467544068,5.35028754327944,-0.7670859178709509,-0.010231001515045822,-0.02289703667873126,-0.6410540124852292,0.04695504079663377,-0.5518063418463093,0.09270440434167923,4.202033498934554e-05,0.003228722061976441,0.1683963040704839,11909,185000000,28.96,0,2,3,10.988165432656714,0.4096712465836374,4.859435363411709,60.512274980545044
15.0,0.0,5.0,11.680721917024469,-1.27464790690847,5.364216952807143,-0.7555547014101573,-0.009629630651993116,-0.0233684805864143,-0.654597798274327,0.008639982715590747,-0.5507141313442969,0.09707711744110628,-0.00010260096168224209,0.0033540337653903407,0.18479755526641384,11909,342000000,28.21,0,2,3,10.988165432656714,0.4096712465836374,4.859435363411709,60.99625539779663
15.0,0.0,5.0,11.77893580520534,-1.2873071339949764,5.377091713998982,-0.74457691545305,-0.008954758223376463,-0.023537789563428904,-0.6670614677389558,-0.012786108105335717,-0.5425385646197495,0.09532251828948676,-0.0026461495053808903,0.001367542927255272,0.18504624458728358,11909,556000000,26.91,0,2,3,11.274553113844934,0.3405367449435629,4.85776584529801,61.371856689453125
15.0,0.0,5.0,11.864581148041873,-1.2977775149281108,5.388026461826141,-0.7350027196302645,-0.00827148190729924,-0.02334221465335915,-0.6776117809913346,-0.016969108622540238,-0.5285962155017343,0.08797528464328964,-0.007699498928559478,-0.001091528008601017,0.17110868211602792,11909,730000000,26.2,0,2,3,11.354033818622547,0.3223412527196986,4.855117425722739,61.7345871925354
15.0,0.0,5.0,11.948451560871593,-1.3072751361719217,5.398326457792157,-0.7254168008423049,-0.007630107635638566,-0.023153704292295702,-0.6878780069828728,-0.03754723246193816,-0.5206721429462895,0.08685508960297987,-0.0037863881516386755,0.0013952264225736144,0.18355886277277023,11909,881000000,25.5,0,2,3,11.432402822860007,0.3055087239752146,4.850886679258903,62.14536762237549
15.0,0.0,5.0,12.041654405353352,-1.3200213337606663,5.410339539728463,-0.71351327537133,-0.0068192039742054796,-0.023215486365599294,-0.700223782457325,-0.06851098279902904,-0.5129307739159834,0.08825351184674823,-0.0035103880009046406,0.003481637236291135,0.19581311498768628,11910,51000000,24.87,0,2,3,11.509957373149827,0.29018790027435987,4.8452277710852165,62.57558488845825
15.0,0.0,5.0,12.123531699575791,-1.3332049614118389,5.4214428367092795,-0.7022946785025848,-0.006037641223896167,-0.023342286034643965,-0.7114779470356614,-0.09505177611876103,-0.5046715720433455,0.0893761674448719,-0.0032001434192352463,0.003965250607507187,0.2009541043662466,11910,231000000,24.07,0,2,3,11.59724081612569,0.27529656578365547,4.837298717598271,62.94742465019226
15.0,0.0,5.0,12.204499029838704,-1.3478438835591713,5.432904231824516,-0.6907375848167586,-0.00527602646686846,-0.023448948130986656,-0.7227059563181849,-0.11949408773916037,-0.49520323904244357,0.0900862737682408,-0.0031874008527665865,0.0031202751415548846,0.20132005884079263,11910,387000000,23.38,0,2,3,11.59724081612569,0.27529656578365547,4.837298717598271,63.33335852622986
15.0,0.0,5.0,12.284487342932891,-1.3636967682207033,5.444649646126053,-0.6790651021191759,-0.004571797413640808,-0.0234957390579031,-0.7336876965019957,-0.1419396441621299,-0.48430278134797,0.09034923307182975,-0.003060801236642874,0.0023882055074864184,0.19947963883168995,11910,549000000,22.75,0,2,3,11.75296168149902,0.25502172461514677,4.819802081794895,63.731919050216675
15.0,0.0,5.0,12.382479481667453,-1.3837262653087747,5.459021488555865,-0.6650815377144454,-0.003873018386517166,-0.02323646673512402,-0.7463990986956199,-0.1521768925162657,-0.46565777084362525,0.08344895534454527,-0.005449982063510106,-0.002873809376069403,0.17821238870965317,11910,714000000,22.23,0,2,3,11.831311098316991,0.2479889887255401,4.809697221698121,64.16839551925659
15.0,0.0,5.0,12.486988265536958,-1.4046400535881118,5.473729320517576,-0.6507665705745361,-0.0032818284212599406,-0.02263005492053855,-0.758933449545587,-0.1656896741833817,-0.44564490248405686,0.07837000823759138,-0.00560970638616709,-0.0032768831033536117,0.1677452150033787,11910,905000000,21.81,0,2,3,11.831311098316991,0.2479889887255401,4.809697221698121,64.63885998725891
15.0,0.0,5.0,12.588185913513158,-1.4247669417054103,5.487469185342861,-0.6373444139687338,-0.0027981834553376383,-0.021869191529247278,-0.7702635955399025,-0.17211960090516848,-0.4256305570820344,0.0711225398135231,-0.007797242960805306,-0.0054893230753805256,0.15018291887827218,11911,133000000,21.65,0,2,3,11.831311098316991,0.2479889887255401,4.809697221698121,65.12174391746521
15.0,0.0,5.0,12.659154446928735,-1.4374658711537023,5.495960140985578,-0.6291981123942468,-0.00262904114600674,-0.020839632700968513,-0.7769610886080834,-0.16225858321246195,-0.4098406293757212,0.058922124766097136,-0.010835479406523518,-0.010700441634980962,0.11910762259503826,11911,341000000,21.76,0,2,3,12.151918197664086,0.24485289909102467,4.762245160793293,65.4998550415039
15.0,0.0,5.0,12.727238892712798,-1.4469067387445198,5.502167326089519,-0.6230158560212106,-0.0026145024345037068,-0.019454783190196938,-0.7819628628868512,-0.1376434996612794,-0.3934492779609996,0.04015992441480383,-0.014108748018770711,-0.013630470130010508,0.08050920805544592,11911,498000000,22.05,0,2,3,12.151918197664086,0.24485289909102467,4.762245160793293,65.88551235198975
15.0,0.0,5.0,12.80017280787351,-1.4536078966996708,5.506203950378805,-0.617439760367255,-0.002642076775698052,-0.017834610007812463,-0.786411526132347,-0.1260784691361061,-0.3775628874507469,0.02696513997677743,-0.012863705433119321,-0.01145135593105806,0.08145171304931864,11911,658000000,22.45,0,2,3,12.151918197664086,0.24485289909102467,4.762245160793293,66.35574913024902
15.0,0.0,5.0,12.877600126655553,-1.4583763042761315,5.508076827596706,-0.6120447624980113,-0.0024413947879159377,-0.016148031918651343,-0.79065446900362,-0.11012671343223146,-0.362099867805514,0.010708215472459731,-0.014616256339650135,-0.00843431216708268,0.05787107074866071,11911,843000000,22.96,0,2,3,12.410320320759375,0.2736790352519811,4.71911708422625,66.8150475025177
15.0,0.0,5.0,12.943951339315703,-1.4592035915803871,5.5068272784414125,-0.609002757758134,-0.0020652853736414668,-0.014627941399885611,-0.7930305157872012,-0.08801795540331472,-0.3498137781683658,-0.0069573641337476715,-0.015908338900771923,-0.006762162865925347,0.0325070861435961,11912,43000000,23.54,0,2,3,12.51466328373951,0.29341420194656903,4.700732142790923,67.22166514396667
15.0,0.0,5.0,13.007523726838532,-1.457656591415582,5.503347975516665,-0.6064488563386913,-0.0016328614592087077,-0.013331253153720208,-0.7950090540983162,-0.08088420853120883,-0.3381678043657703,-0.01611588097201401,-0.013355827013583621,-0.0042866120111284545,0.038925033004488796,11912,225000000,24.03,0,2,3,12.51466328373951,0.29341420194656903,4.700732142790923,67.60913133621216
15.0,0.0,5.0,13.075353224628193,-1.4545363410630066,5.497748211937423,-0.604192864488492,-0.0010852790630192016,-0.012094865604839088,-0.7967455797784804,-0.06999901609150176,-0.32583588111206013,-0.026785528471291713,-0.01264747961613466,-0.0027990506850983365,0.019638603771454655,11912,410000000,24.46,0,2,3,12.51466328373951,0.29341420194656903,4.700732142790923,68.04249000549316
15.0,0.0,5.0,13.14019833147578,-1.4490974777010523,5.490026139210613,-0.6037205682829494,-0.0005190279832741809,-0.010949535137278267,-0.7971206393779693,-0.052297962467175586,-0.31535604471130674,-0.039292621238738064,-0.012265506302355789,-0.002354566436224559,-0.004376954166218638,11912,598000000,24.84,0,2,3,12.51466328373951,0.29341420194656903,4.700732142790923,68.49535059928894
15.0,0.0,5.0,13.201719863683563,-1.4393293220263295,5.47919212116367,-0.6051702454786735,-3.1936456159037396e-05,-0.009771333213103929,-0.7960361135115562,-0.02048841546663524,-0.3059120078027835,-0.05812911006310051,-0.012456822332751472,-0.0034851864029405988,-0.02735694361035712,11912,810000000,25.04,0,2,3,12.51466328373951,0.29341420194656903,4.700732142790923,68.91398596763611
15.0,0.0,5.0,13.254135790563968,-1.4258508057463966,5.466285976699691,-0.6074744783096924,0.00029895285651489883,-0.008725170310352692,-0.7942912187810034,0.009860789315678728,-0.2979800693682092,-0.07531857907809979,-0.011645341783150798,-0.004139721841056598,-0.03574263391783461,11912,998000000,25.04,0,2,3,12.51466328373951,0.29341420194656903,4.700732142790923,69.34734225273132
15.0,0.0,5.0,13.309330904251784,-1.4059492532158264,5.448711792137085,-0.6104836986072822,0.0005984340118025165,-0.00760205026425752,-0.7919921113516762,0.039366235009627264,-0.2893636024543026,-0.09143004425868226,-0.01074216270353645,-0.0043080427076347405,-0.03971371552324854,11913,195000000,24.89,0,2,3,13.0575920323506,0.4946976048090339,4.614155614579214,69.73891615867615
15.0,0.0,5.0,13.36684601015546,-1.3791957433868005,5.426292874609224,-0.6139861055071246,0.0008333808806325177,-0.006502213011036102,-0.789289610311995,0.06510881549379063,-0.28028693846375285,-0.1044269592504226,-0.008779798645264236,-0.004143817204749212,-0.0408347728807712,11913,390000000,24.58,0,2,3,13.0575920323506,0.4946976048090339,4.614155614579214,70.22588348388672
15.0,0.0,5.0,13.416613925102585,-1.3514506556497667,5.403851118147853,-0.6172301401484062,0.0010035021751968964,-0.00561291894266373,-0.7867619984574155,0.08348043123606512,-0.27216336543650194,-0.11308072393003248,-0.008128537228913046,-0.003918836182492669,-0.04185103280178737,11913,604000000,24.09,0,2,3,13.0575920323506,0.4946976048090339,4.614155614579214,70.67573094367981
15.0,0.0,5.0,13.469427445758948,-1.3202455618999107,5.378491531827921,-0.6210654888281069,0.0011496169279649748,-0.004664818065343569,-0.7837439482637432,0.0794564308680065,-0.26309068345647785,-0.11142830244094815,-0.006510934645120869,-0.004423193740876741,-0.042458790267119184,11913,804000000,23.54,0,2,3,13.0575920323506,0.4946976048090339,4.614155614579214,71.14647459983826
15.0,0.0,5.0,13.521629949169911,-1.293589875087129,5.354833301300479,-0.6237712143074372,0.0010604861091468632,-0.003922783854837634,-0.7815964171728691,0.049900806948459345,-0.2558386457210208,-0.09937993098888705,-0.003539521094353404,-0.004862639116254286,-0.01885194051283179,11914,24000000,22.82,0,2,3,13.0575920323506,0.4946976048090339,4.614155614579214,71.62413787841797
15.0,0.0,5.0,13.569996086701043,-1.2777503754929374,5.336748514125528,-0.6236651994107589,0.0008060845003517881,-0.003466384297709288,-0.7816834739532472,0.0008783236998968418,-0.2521557724919612,-0.0796718169058506,-0.000795118631913283,-0.004338109829404857,0.01574317411723314,11914,243000000,22.07,0,2,3,13.429997310733004,0.6174403978266233,4.654042586761664,72.04868531227112
15.0,0.0,5.0,13.6153847380848,-1.2733186112089563,5.324774569972785,-0.6213881083567571,0.0005713495123855134,-0.0033371367873138214,-0.7834956004156045,-0.06056523792427262,-0.25088902371654154,-0.05346385138186345,0.001935563864208234,-0.001967170510397409,0.043686766730388626,11914,448000000,21.47,0,2,3,13.487498909568423,0.6295108415120363,4.67038622971788,72.46773672103882
15.0,0.0,5.0,13.661722524294278,-1.2768647120928378,5.316344441445814,-0.6181225369913491,0.0002849604311033749,-0.0035207472538440233,-0.7860738212150978,-0.09201006501068286,-0.24122247986065354,-0.04055378116254395,0.004362766139820451,-0.0009424797212886915,0.047287259803852066,11914,632000000,21.04,0,2,3,13.536060458435003,0.637516583040486,4.686261772280329,72.85585570335388
15.0,0.0,5.0,13.712106120497204,-1.2848828878958163,5.3087523850406235,-0.6151418425802525,0.00010690732835307699,-0.0036504954289130337,-0.7884080009493298,-0.103275290277409,-0.22989943473091617,-0.03488954293038944,0.0017334805306745693,-0.0005522008052594174,0.02953201601485489,11914,811000000,20.65,0,2,3,13.536060458435003,0.637516583040486,4.686261772280329,73.2492744922638
15.0,0.0,5.0,13.760214932821064,-1.2913779730566926,5.30096660626139,-0.6143121585382956,8.686234600170433e-05,-0.0036586121712118844,-0.7890546108375094,-0.07740471216884101,-0.22195309337269312,-0.041261684017073565,-0.000620762892822313,0.00011043705256952308,-0.0031145712682700832,11914,997000000,20.18,0,2,3,13.536060458435003,0.637516583040486,4.686261772280329,73.7338035106659
15.0,0.0,5.0,13.800981524701042,-1.291821407484152,5.292374162922631,-0.615519830821641,0.0001845093450638408,-0.0035620090924205474,-0.7881133268209752,-0.04039125959455027,-0.2170561947960421,-0.05153789426619145,-0.0019152121012666612,0.00025708038435823255,-0.026326014085498173,11915,213000000,19.56,0,2,3,13.536060458435003,0.637516583040486,4.686261772280329,74.10241913795471
15.0,0.0,5.0,13.8352582479826,-1.2873876194734812,5.283246234441986,-0.6174680259119235,0.0002816442057469268,-0.003440637118987664,-0.7865884055013707,-0.010448259841046758,-0.21304232803520087,-0.05990151806772358,-0.002166484637200483,-7.469516134506193e-05,-0.03396945430722553,11915,382000000,18.86,0,2,3,13.536060458435003,0.637516583040486,4.686261772280329,74.45931053161621
15.0,0.0,5.0,13.867872588946213,-1.2789045220106314,5.27286893473908,-0.619774618338235,0.00036267844851257404,-0.00328971400436618,-0.7847728771496932,0.016263274889618023,-0.20898320863322883,-0.06706836531659548,-0.0022515415366797242,-0.000470043843847634,-0.0388591146474937,11915,547000000,18.16,0,2,3,13.536060458435003,0.637516583040486,4.686261772280329,74.82025003433228
15.0,0.0,5.0,13.902800701506742,-1.2653165185359954,5.260025976573106,-0.6225638925487721,0.00040843931370877686,-0.003116403069844798,-0.782562662605209,0.040414300803335176,-0.20418331165750767,-0.07277662867057094,-0.00177333314468342,-0.0009128948363468226,-0.0396656494558556,11915,706000000,17.44,0,2,3,13.536060458435003,0.637516583040486,4.686261772280329,75.21127510070801
15.0,0.0,5.0,13.939937566258344,-1.2474277428896228,5.245111793088561,-0.6253263541767613,0.00038556427844953353,-0.0029399252459659632,-0.7803577121754708,0.05002553853015793,-0.1985614394054107,-0.0736252365325579,-0.00101571531558875,-0.0014137520793156,-0.03122282614640426,11915,881000000,16.61,0,2,3,13.536060458435003,0.637516583040486,4.686261772280329,75.62848091125488
15.0,0.0,5.0,13.972543272962373,-1.2316229029502122,5.232013943629004,-0.6269924807665899,0.0003053419603244042,-0.0028100177878612412,-0.7790201792177636,0.0443204956896187,-0.19407069797896706,-0.0701933264058214,-0.00035104166897781397,-0.0015632920167263364,-0.018881516371038742,11916,80000000,15.74,0,2,3,13.84872362721933,0.6371144950006562,4.82305680747734,76.01531147956848
15.0,0.0,5.0,14.001448262649395,-1.2198563132477196,5.221249120722093,-0.6275220673235566,0.0001908922768060811,-0.0027201279835977676,-0.7785940017016961,0.023822315999974517,-0.19111177327048534,-0.06291348017277801,0.000336906359166278,-0.001875661348549329,-0.0007781404093520905,11916,266000000,15.05,0,2,3,13.84872362721933,0.6371144950006562,4.82305680747734,76.38779258728027
15.0,0.0,5.0,14.03430046377073,-1.2132591725262873,5.210953275852921,-0.6267183848271618,1.3973127049625184e-05,-0.0027818211260050556,-0.7792408660970034,-0.03200887136948594,-0.18095383108328386,-0.04987652275112216,0.002672510686352325,-0.0002674463360108348,0.022496678502648138,11916,425000000,14.56,0,2,3,13.84872362721933,0.6371144950006562,4.82305680747734,76.79812264442444
15.0,0.0,5.0,14.063811456830441,-1.2166752758312993,5.20389381454973,-0.6250747365126904,3.096036440322007e-05,-0.0027807839871825243,-0.7805599528898873,-0.08494922602155064,-0.17106639022428527,-0.0381938574405352,-0.00033916801385203144,0.00035608644850526616,0.028745548115693964,11916,599000000,14.19,0,2,3,13.84872362721933,0.6371144950006562,4.82305680747734,77.18554091453552
15.0,0.0,5.0,14.101201482635474,-1.231907862479945,5.197601010647389,-0.6226281895687027,9.5491966790748e-05,-0.002829184699236805,-0.7825126990340932,-0.14166429471406258,-0.16085991111455475,-0.025074083074781584,0.00045536101538345974,0.0010072648706227483,0.033324457035632804,11916,771000000,14.0,0,2,3,13.965443001667294,0.6933231914155779,4.853916008512612,77.54603481292725
15.0,0.0,5.0,14.13922123192759,-1.2571645916732108,5.193800381828832,-0.6198774754913859,0.00018262302913838921,-0.002970188556969822,-0.7846929718094787,-0.1854679597390386,-0.15231079891471197,-0.014034104567171296,0.0012581177088577533,0.0017943016132448975,0.03552958041836973,11916,958000000,13.87,0,2,3,13.965443001667294,0.6933231914155779,4.853916008512612,77.99434018135071
15.0,0.0,5.0,14.187798177893242,-1.2963540348845521,5.190789321639947,-0.61698439415577,0.0003172550755788017,-0.0033358097282422746,-0.7869682516410121,-0.1845120276706142,-0.14193896844810652,-0.011541397287223745,0.0011415812991799612,0.0023258534383785445,0.01880227919173194,11917,174000000,13.83,0,2,3,13.965443001667294,0.6933231914155779,4.853916008512612,78.54148030281067
15.0,0.0,5.0,14.223032630143843,-1.3219465495006815,5.188025895308331,-0.6162183458226275,0.0004108376435420771,-0.0035139039668449883,-0.7875674155035662,-0.15025133861648746,-0.13928526519728207,-0.01610882732225958,0.00019968932867264755,0.0013549489494835143,0.003571059824025724,11917,427000000,13.77,0,2,3,13.965443001667294,0.6933231914155779,4.853916008512612,78.97223019599915
15.0,0.0,5.0,14.252765872626412,-1.3376578189630102,5.184336972186527,-0.616426572859277,0.000479057125284871,-0.0033885357125171475,-0.7874049584571854,-0.10231568774998512,-0.13962706552742626,-0.024139266198167926,-0.0018548355342318246,-0.0012206668316139258,-0.007421783220706857,11917,626000000,13.61,0,2,3,14.100229550481822,0.8433410426605445,4.852870459843652,79.37453103065491
15.0,0.0,5.0,14.277564810903662,-1.344935884422184,5.179860808018111,-0.6170484250537662,0.0004587473663453501,-0.003178499778106668,-0.7869186284671885,-0.06306203449895398,-0.13979376840819696,-0.03080338857968551,-0.00199636001525505,-0.0021661945993400877,-0.011643597463262267,11917,802000000,13.39,0,2,3,14.100229550481822,0.8433410426605445,4.852870459843652,79.78013062477112
15.0,0.0,5.0,14.306568402423418,-1.3460642811912373,5.172840399518768,-0.6181597015753275,0.0004106273835752178,-0.002849630950616183,-0.7860472596077788,-0.019628829379545517,-0.13950645825434316,-0.03802651666919722,-0.0024244666292361217,-0.002495682065273286,-0.016225490799115505,11917,973000000,13.15,0,2,3,14.14883132794657,0.8714117164804626,4.857120030200615,80.18131732940674
15.0,0.0,5.0,14.330922571738364,-1.3404423468101556,5.165399199490352,-0.6197002136963441,0.0003876206471348678,-0.002510803267415752,-0.7848344989626104,0.014609720141891982,-0.1385334081107006,-0.04323318243059073,-0.002812079674185952,-0.0024934325210779207,-0.025669469323474914,11918,159000000,12.83,0,2,3,14.176014169395438,0.8788789653677062,4.861367039471489,80.57434725761414
15.0,0.0,5.0,14.353763074244963,-1.329401178002763,5.157116545095152,-0.6217637949430703,0.00035449689063366343,-0.002199353979165097,-0.7832016473884744,0.04448263638708857,-0.13696720067382523,-0.04735900333612978,-0.002404403016953438,-0.0023294461470868555,-0.031811783264856786,11918,347000000,12.47,0,2,3,14.19950771838995,0.8809051137085885,4.866026652084369,80.98286366462708
15.0,0.0,5.0,14.37523147402433,-1.3137482994281793,5.148188183257087,-0.6242001516713055,0.00029578168170984,-0.0019306620258836623,-0.7812620275623651,0.06984739962260111,-0.1347862505482959,-0.05043774657943419,-0.001809871514524275,-0.002327660922674113,-0.03673068458738271,11918,528000000,12.04,0,2,3,14.19950771838995,0.8809051137085885,4.866026652084369,81.3931953907013
15.0,0.0,5.0,14.395471013065452,-1.2943040480570875,5.138808595179253,-0.6269066399806871,0.00024143585624724392,-0.0016488977298331738,-0.779092605274321,0.0906383186987824,-0.1320528378789598,-0.05248125437603883,-0.0020668694105552277,-0.0024233977228504955,-0.039886950253276154,11918,701000000,11.56,0,2,3,14.243802825479321,0.8741375035221852,4.877092703557001,81.80322480201721
15.0,0.0,5.0,14.414612986424192,-1.2718522954087375,5.129147310560353,-0.6297666541222983,0.00018324055152891942,-0.001371786570955696,-0.7767831396085457,0.10731081633693924,-0.12877224015386246,-0.053759588089419906,-0.001888430347207759,-0.0023640689732928877,-0.04155133065069094,11918,879000000,11.05,0,2,3,14.243802825479321,0.8741375035221852,4.877092703557001,82.20460104942322
15.0,0.0,5.0,14.434737215609427,-1.2441772888373825,5.118223496640958,-0.6330037391759235,0.00010455044060253451,-0.0010960252155011226,-0.7741479535510197,0.1218893202859408,-0.12482754805357381,-0.05455599177032944,-0.001496922038768389,-0.0022628046963291126,-0.041903298915713094,11919,76000000,10.55,0,2,3,14.286826547851767,0.8549958877585538,4.8903321933633785,82.60572743415833
15.0,0.0,5.0,14.453791810427184,-1.214326760926333,5.10725070690974,-0.6362556816762476,2.032915532243761e-05,-0.0008426680318275636,-0.7714778007383017,0.13303259455597352,-0.12053635275909788,-0.05443685784443888,-0.0012818169807360391,-0.0021747315031461767,-0.04212019994156435,11919,258000000,9.9,0,2,3,14.286826547851767,0.8549958877585538,4.8903321933633785,83.04166722297668
15.0,0.0,5.0,14.475410008458203,-1.1765622634954918,5.094251214449879,-0.6400755900590915,-9.528201504261285e-05,-0.0005905403161173977,-0.7683117083540887,0.1390982463299278,-0.11502316791474546,-0.05307208217830063,-0.00067074039407089,-0.0019866625507347635,-0.039518424091511406,11919,467000000,9.28,0,2,3,14.286826547851767,0.8549958877585538,4.8903321933633785,83.51489520072937
15.0,0.0,5.0,14.494473949735768,-1.1433176550109723,5.082887705566683,-0.6431472720812124,-0.0002209399269421254,-0.0004190159623087525,-0.7657423600831201,0.1260044487389452,-0.10928873526596064,-0.04987399629859203,-0.0005427294183846243,-0.0018210414964414667,-0.03312322951387614,11919,701000000,8.52,0,2,3,14.286826547851767,0.8549958877585538,4.8903321933633785,84.03452062606812
15.0,0.0,5.0,14.511620045287621,-1.1176207083743452,5.0733235789623565,-0.6453388458421299,-0.0003362800793696388,-0.00026630730415633783,-0.7638963215275196,0.10004301595927882,-0.10392179040120571,-0.04585888330004671,-0.0002675091224091375,-0.0017267092289330321,-0.025630373784224503,11919,934000000,7.88,0,2,3,14.370087919159099,0.7870514319184657,4.920411872731039,84.46615314483643
15.0,0.0,5.0,14.527415479338135,-1.1017404864665405,5.065618755507292,-0.6464638295111107,-0.00043680118545768036,-0.00015062799117127677,-0.7629444957857434,0.04871061914541737,-0.09892576327739253,-0.04003595805795768,-0.0001233780466236567,-0.001472570158966846,-0.010027596817963058,11920,120000000,7.35,0,2,3,14.370087919159099,0.7870514319184657,4.920411872731039,84.87638831138611
15.0,0.0,5.0,14.545789415772285,-1.0968654718221318,5.058319292452048,-0.6465581624119954,-0.0004908775657291464,-0.0001905474592565707,-0.7628645131013141,-0.026217421517213946,-0.09089504117340864,-0.033245032562039145,0.0006664490911134635,0.0008637031214675517,0.0049677680181048345,11920,307000000,6.99,0,2,3,14.370087919159099,0.7870514319184657,4.920411872731039,85.28596568107605
15.0,0.0,5.0,14.561151618687834,-1.1033393265205476,5.0534084074440155,-0.6460821158007883,-0.0004041466551499033,-0.0002766925673814711,-0.7632677510212786,-0.08055168057746066,-0.08569668465497879,-0.02833419077884085,0.00014426839811676473,0.0019589586599977338,0.009842707095231162,11920,503000000,6.76,0,2,3,14.370087919159099,0.7870514319184657,4.920411872731039,85.69075226783752
15.0,0.0,5.0,14.58120931559963,-1.1226986980237352,5.048313752514666,-0.6451445356832626,-0.00022136205164124332,-0.00044858091342041083,-0.76406038887776,-0.13915538306556907,-0.08036504042873192,-0.022844649437928882,0.00019137671500857323,0.0028691988745777053,0.014191079844749765,11920,674000000,6.67,0,2,3,14.432633011050408,0.7892832663633643,4.934850967446546,86.09629559516907
15.0,0.0,5.0,14.600028558770365,-1.149136224084739,5.044622296347149,-0.6440824081607379,6.283607516149577e-06,-0.0006363018332601173,-0.764955846162612,-0.18212779564645412,-0.07643731186558278,-0.018529820792697424,1.9749984048189617e-05,0.003447922699706396,0.016361900452466216,11920,868000000,6.63,0,2,3,14.432633011050408,0.7892832663633643,4.934850967446546,86.52708268165588
15.0,0.0,5.0,14.625543092163252,-1.1930128719454012,5.040719044974407,-0.6426994223592533,0.0003127693054784544,-0.0009700815291249294,-0.7661177544061164,-0.20536572517041535,-0.0707012159171727,-0.014884323168542315,7.421385816996917e-05,0.003883836461682222,0.012349952248769114,11921,53000000,6.65,0,2,3,14.461651795820561,0.8580106200593749,4.932414063448825,86.97285437583923
15.0,0.0,5.0,14.6441027703178,-1.2260175906086939,5.038242753922196,-0.642110168891419,0.0005792318088134079,-0.0011916422101236788,-0.7666112283847581,-0.19271054045782796,-0.06853573742922825,-0.013412807392809954,2.055987824434169e-05,0.0036992635614296887,0.006037867615305004,11921,284000000,6.7,0,2,3,14.461651795820561,0.8580106200593749,4.932414063448825,87.3722414970398
15.0,0.0,5.0,14.661583869485462,-1.2533763582636699,5.035837506296571,-0.6420004562423683,0.0007337093555191131,-0.0012545205409247142,-0.7667028772825785,-0.14209310419464527,-0.06945047835617173,-0.01410910981258888,-0.0006361892360473576,0.0003202661872592216,-0.0017603201513338718,11921,471000000,6.7,0,2,3,14.461651795820561,0.8580106200593749,4.932414063448825,87.7666244506836
15.0,0.0,5.0,14.677644199468443,-1.2716333413365903,5.033266956020719,-0.6422830530994873,0.0007289817703839093,-0.001165566042162617,-0.7664663004611362,-0.09245429974587863,-0.07060016259774389,-0.014895054827354107,-0.0007162598762988637,-0.0013269005535221368,-0.00577192886339617,11921,645000000,6.66,0,2,3,14.461651795820561,0.8580106200593749,4.932414063448825,88.16320419311523
15.0,0.0,5.0,14.693954686069526,-1.2822310118005786,5.030237302125127,-0.6428295173225482,0.0006482014121799225,-0.0009938737779516984,-0.7660083574666154,-0.043940646496897086,-0.0714422285136938,-0.0155649990581062,-0.0007706413668984169,-0.001938969853654271,-0.008230840921896743,11921,821000000,6.58,0,2,3,14.461651795820561,0.8580106200593749,4.932414063448825,88.57603812217712
15.0,0.0,5.0,14.708797830342064,-1.2839584527175507,5.02706196894172,-0.6435748947279918,0.0005396527224891025,-0.0008120180466390497,-0.7653825215390571,-0.0019313046856622464,-0.07173910173646209,-0.016147958917806567,-0.0006774538348963688,-0.0020081449974895804,-0.010893652415688848,11922,27000000,6.47,0,2,3,14.461651795820561,0.8580106200593749,4.932414063448825,88.97057390213013
15.0,0.0,5.0,14.721021478039464,-1.2789455151844444,5.0241084444917785,-0.64445661165008,0.00044394120079548223,-0.0006445851374934706,-0.7646404796547909,0.031016167194068966,-0.07158816723679723,-0.016521596192700126,-0.0007023819364349038,-0.0019847706653308705,-0.014140782150207087,11922,218000000,6.34,0,2,3,14.461651795820561,0.8580106200593749,4.932414063448825,89.37139344215393
15.0,0.0,5.0,14.73226640201539,-1.2685587950588892,5.021112764998979,-0.645528267216178,0.00035348601871069247,-0.000477015688796204,-0.7637361479781783,0.059493293147035255,-0.07098022533885966,-0.01657594733046792,-0.0007414343315303995,-0.0019316828229420935,-0.01663902003201656,11922,398000000,6.18,0,2,3,14.560042530762082,1.014613817779457,4.9276455808721344,89.79018878936768
15.0,0.0,5.0,14.74261820593287,-1.2536432355698959,5.018118938547255,-0.6467321420138442,0.0002520109959354407,-0.00033162899028096497,-0.762717092373611,0.08305455672101161,-0.06986956356893724,-0.016518271815941933,-0.0004371722525320365,-0.0018575186686575762,-0.01817455249693012,11922,587000000,6.0,0,2,3,14.572243906264163,1.0096624465649506,4.929456337913575,90.19123077392578
15.0,0.0,5.0,14.752180262679092,-1.2350453965924846,5.015153696575843,-0.6479978160334117,0.0001522178924255377,-0.00020186737386184792,-0.761642151206986,0.10201765554908937,-0.06847810513835395,-0.016287495617987247,-0.00034447610346433066,-0.0016970007891359273,-0.01863792094809469,11922,770000000,5.79,0,2,3,14.572243906264163,1.0096624465649506,4.929456337913575,90.60071897506714
15.0,0.0,5.0,14.76105514073855,-1.2135388112386507,5.012259221238454,-0.649391918254211,6.543183185130227e-05,-7.686633678206586e-05,-0.7604538949314138,0.11697393755745149,-0.06681822998822452,-0.015797773060013013,-0.0004133428234354142,-0.0015714999449301104,-0.021798446323373355,11922,946000000,5.58,0,2,3,14.572243906264163,1.0096624465649506,4.929456337913575,91.00943088531494
15.0,0.0,5.0,14.769327777064062,-1.1897758305007227,5.00945900808687,-0.6509439856965057,-1.499085731943569e-05,3.399123735501735e-05,-0.7591257643535868,0.12864693492338802,-0.06491821301773916,-0.015335866369973306,-0.00030833205357794213,-0.0013928007319918834,-0.023298251289816108,11923,122000000,5.34,0,2,3,14.606318403332363,0.9738164828206993,4.936646876873521,91.42966103553772
15.0,0.0,5.0,14.777077546044136,-1.1642854419787132,5.006752053701576,-0.6525522079888746,-9.905742631017524e-05,0.00011980050837538993,-0.7577437506732132,0.13760963993012582,-0.0629557054354086,-0.014831016250830475,-5.891944638847235e-05,-0.0012654453257709974,-0.023731147666694596,11923,313000000,5.07,0,2,3,14.616903006809666,0.9568906557106747,4.939417282734152,91.8392391204834
15.0,0.0,5.0,14.785151915129774,-1.1344528599407282,5.003871007353449,-0.6543147510515936,-0.00018457754154581061,0.00019895073595605875,-0.7562222774462724,0.14500960351249348,-0.06061244027872901,-0.014134808374532879,-1.8119208711198098e-05,-0.0010698029882405535,-0.022881528093421366,11923,494000000,4.79,0,2,3,14.627137581387194,0.9383185950962323,4.942288562232461,92.26125073432922
15.0,0.0,5.0,14.793457914968288,-1.100393702588229,5.000879361158374,-0.6562056652728467,-0.00024872399223498575,0.00027770411136474136,-0.7545819941402143,0.14858956035387766,-0.0579305992366013,-0.013272300284140748,-0.00013499910238579105,-0.000831344243579224,-0.02219317429990042,11923,690000000,4.48,0,2,3,14.638123909363735,0.9161928523050268,4.94554229058165,92.69014596939087
15.0,0.0,5.0,14.801461934092693,-1.0681056332545977,4.998126052406415,-0.6578707819341454,-0.00031186152239809687,0.00034931984749978385,-0.7531306759091618,0.12767697875041878,-0.05423112314178706,-0.01202534193812245,-8.239907316465178e-05,-0.0008227958460338414,-0.017405377911927644,11923,899000000,4.14,0,2,3,14.649744929498643,0.8905302848478373,4.949129785207569,93.18059515953064
15.0,0.0,5.0,14.807500013915995,-1.0502144187731894,4.996314738982749,-0.6587071068624094,-0.00035079728673479923,0.00039197260737348883,-0.7523992760946098,0.08734706443534987,-0.05072882386356178,-0.010925294880918573,-6.490732147312883e-05,-0.0006112477308306552,-0.011476192776171956,11924,129000000,3.83,0,2,3,14.66088282583605,0.864413818612328,4.952647519755446,93.51445603370667
15.0,0.0,5.0,14.814860583403368,-1.0394735158625648,4.994491609363779,-0.6592247248638847,-0.00035127480158552295,0.0003402161355203382,-0.7519458245027564,0.019498926199971827,-0.04615182650301865,-0.009492208996417171,0.0006261099827042926,0.0013896020504944318,-0.004123511689613224,11924,296000000,3.65,0,2,3,14.66088282583605,0.864413818612328,4.952647519755446,93.87085843086243
15.0,0.0,5.0,14.822128609859652,-1.040593732606211,4.99305860401417,-0.6593243302901777,-0.0002550135094610808,0.00020817919411292545,-0.7518585765401242,-0.04039428275943436,-0.04241599754196074,-0.008520175112937069,0.00037181405900810205,0.0023804239617675194,0.0001572009622918813,11924,463000000,3.51,0,2,3,14.66088282583605,0.864413818612328,4.952647519755446,94.23228096961975
15.0,0.0,5.0,14.830043101169132,-1.0507216677815976,4.991755872772596,-0.65922019404286,-0.0001085243731236405,5.6075061469469666e-05,-0.7519499457039288,-0.09367711239938506,-0.039424537897585064,-0.007779624723860212,0.00015458408739732477,0.002785008950922929,0.0029520369935198687,11924,621000000,3.44,0,2,3,14.683133447728151,0.8362045632669013,4.958583398000887,94.5920181274414
15.0,0.0,5.0,14.839690878450238,-1.071535977205545,4.990424140695653,-0.6589528303830887,9.998209630951128e-05,-0.00011286759245412055,-0.7521842491003141,-0.14539482782484134,-0.036747435773217846,-0.0070824588662316374,-0.0001967592353935288,0.0031046071626406047,0.004665119104174664,11924,790000000,3.41,0,2,3,14.689200870241208,0.8437389642422577,4.959450448989132,94.99104166030884
15.0,0.0,5.0,14.84997101496326,-1.1006586109442882,4.989193227849788,-0.6586012439248792,0.0003048393309662041,-0.00030555676812640657,-0.7524920034184053,-0.18676335653910486,-0.033926678215797944,-0.006847314072325572,0.00018025617123385018,0.0030799414844295825,0.005574939768848708,11924,968000000,3.41,0,2,3,14.689200870241208,0.8437389642422577,4.959450448989132,95.39326643943787
15.0,0.0,5.0,14.861695572743734,-1.1388814785867099,4.98794866119987,-0.658233068938553,0.000530029461613273,-0.0005253583410784735,-0.7528138349041663,-0.20419007332249323,-0.031681384707912125,-0.0060641454094454775,0.00014982128675455897,0.0031149662845564308,0.004276135268810322,11925,151000000,3.43,0,2,3,14.701107950253999,0.8914695424110554,4.959630135138543,95.80862283706665
15.0,0.0,5.0,14.871985943869799,-1.1727806026465597,4.987001531526031,-0.6580862758313991,0.0007373019730855147,-0.000688890138916009,-0.7529418539160487,-0.18569629141996907,-0.03133283770897906,-0.005198706159726112,-0.00015761748954901122,0.002727867445173615,0.0007615689753492916,11925,344000000,3.47,0,2,3,14.706945277994347,0.9312222879236774,4.9589416108084725,96.18886303901672
15.0,0.0,5.0,14.881527460950146,-1.2005510849654302,4.986188772083819,-0.6581573122294452,0.0008257223988278547,-0.0007156172652334378,-0.7528796440556501,-0.13569439847945883,-0.03246638162197063,-0.0045655462930084606,-0.0004404848112926629,-0.0004101540184819896,-0.002408225054750801,11925,525000000,3.48,0,2,3,14.706945277994347,0.9312222879236774,4.9589416108084725,96.56094193458557
15.0,0.0,5.0,14.88915977892631,-1.2176251100856192,4.9855480035240785,-0.6583588982230464,0.0007795460517560329,-0.0006181229867112939,-0.75270350827033,-0.09201215517062941,-0.0335213004077092,-0.003960409991580665,-0.0005299466010910692,-0.0017657012790550652,-0.004033560890093213,11925,701000000,3.47,0,2,3,14.717664384122243,0.9948132196815682,4.957998922111857,96.9366135597229
15.0,0.0,5.0,14.896860193211708,-1.229031801106181,4.984918190712541,-0.6586851549859429,0.0006700789248251652,-0.0004659539039573206,-0.7524182350809543,-0.04834652330697196,-0.0343500553798292,-0.0033456996399497826,-0.00043018450810450304,-0.0021462947870531934,-0.005449296804727055,11925,870000000,3.44,0,2,3,14.722907124170995,1.0130101514766692,4.957986350366256,97.30943393707275
15.0,0.0,5.0,14.902979346949037,-1.2330191641690864,4.984438600901204,-0.6590575194534403,0.0005530745798250306,-0.00033738430969668305,-0.7520922591891335,-0.0139902666869587,-0.03483810391563632,-0.0027885043967936798,-0.000183512574380984,-0.0021366933196986793,-0.006784434845030773,11926,45000000,3.4,0,2,3,14.722907124170995,1.0130101514766692,4.957986350366256,97.67364597320557
15.0,0.0,5.0,14.909121360761672,-1.231412365606131,4.983985327558118,-0.6595764879725199,0.0004300469646353753,-0.000195650710054085,-0.7516373016916098,0.02012993379106765,-0.03508219133667637,-0.002311354447893018,-0.00030764363430080266,-0.0019890652765752748,-0.00843877014631289,11926,215000000,3.35,0,2,3,14.722907124170995,1.0130101514766692,4.957986350366256,98.04217481613159
15.0,0.0,5.0,14.913971793213387,-1.2252029431602736,4.9836382737899685,-0.6601359042167377,0.00032289844420347957,-8.662028010325585e-05,-0.7511461084219714,0.0467831873693036,-0.035030901150193444,-0.002031861157636131,-7.882213708398922e-05,-0.0018287413581674627,-0.010026666950579965,11926,390000000,3.27,0,2,3,14.741163684836774,1.0342983617306167,4.959474274059243,98.40639185905457
15.0,0.0,5.0,14.918303161826287,-1.215089444860889,4.9833308559425245,-0.6607700601800389,0.00023252266540995308,2.4514705169767213e-05,-0.7505883511632104,0.06963839829286904,-0.034771867370442175,-0.001799630537555503,-0.00040305459663159127,-0.0017234485312656034,-0.01093718074116623,11926,546000000,3.19,0,2,3,14.741163684836774,1.0342983617306167,4.959474274059243,98.76987361907959
15.0,0.0,5.0,14.922176299491001,-1.2017004606641586,4.983060433717591,-0.6614443397861942,0.00015390281460439086,0.00013301195030926568,-0.7499942293021662,0.08848681126165105,-0.034318505334217625,-0.0015949680145380053,-0.00033929841833924,-0.001548728005218436,-0.011452734906924888,11926,703000000,3.1,0,2,3,14.741163684836774,1.0342983617306167,4.959474274059243,99.12999868392944
15.0,0.0,5.0,14.926061290288146,-1.183468635741141,4.982790486829957,-0.6622431819388501,6.614129519764857e-05,0.00023159274592241577,-0.7492889362359729,0.10561276862322766,-0.033631974654503474,-0.001473659420677724,-0.00010760193802639151,-0.0013790527759738325,-0.012181983947812114,11926,866000000,3.0,0,2,3,14.741163684836774,1.0342983617306167,4.959474274059243,99.505362033844
15.0,0.0,5.0,14.929516397172582,-1.1625631384764128,4.982551426718074,-0.6630652269939667,-2.495389460002991e-05,0.00030639118427690877,-0.7485615607638323,0.11907529131881245,-0.0328011303543978,-0.0012916743637538287,8.242573130701203e-05,-0.0012426621765371237,-0.012183400849608006,11927,44000000,2.88,0,2,3,14.76445351601892,1.0017209950844654,4.963419003106491,99.87983679771423
