x_ref,y_ref,z_ref,x,y,z,eta,e1,e2,e3,u,v,w,p,q,r,sec,nanosec,angle2,angle3,control_mode,std_test,x2,y2,z2
0.0,0.0,5.0,-0.12629914439477646,-1.5164782377989485,4.936288691223228,-0.698054558445587,0.0007485238438391911,0.0007076020716565799,-0.716043834164292,0.07308836763878171,-0.02523148704894356,0.005755087592505979,0.000498142162541626,-0.0015078104752319632,0.0017192053633152682,35786,774000000,1.45,0,2,3,-0.25266599839967646,0.9987528352843886,4.963562806034682
0.0,0.0,5.0,-0.11907462677046061,-1.4836598537897265,4.938372759641241,-0.6979671170840236,0.0005222730747232336,0.0008115477092646144,-0.7161291588048679,0.11479861491022947,-0.022453765306179367,0.006290016300363141,0.0005321097944488429,-0.0013827412999489752,0.00015666522017454554,35787,225000000,1.33,0,2,3,-0.25266599839967646,0.9987528352843886,4.963562806034682
0.0,0.0,5.0,-0.11263432527068806,-1.4362770981002515,4.940737580292415,-0.698071919318134,0.00031248788829397296,0.0009205071768451659,-0.7160269900481082,0.14396311435567938,-0.020148484599177105,0.006536512352477752,0.00021553102698135262,-0.0011195592037438473,-0.0029875167456339113,35787,811000000,1.27,0,2,3,-0.23087311549948714,0.987485997521341,4.9649937558600525
0.0,0.0,5.0,-0.10712757577889012,-1.380729311229087,4.943151797492977,-0.6986048454523112,0.0001577219443594802,0.0010070979794939631,-0.715506974660625,0.16139504928315043,-0.018272244674499626,0.006352214776115081,0.00031953260020145535,-0.0008332550748946232,-0.004587766079566791,35788,278000000,1.24,0,2,3,-0.2202155580945238,0.9633090094970074,4.965675291677599
0.0,0.0,5.0,-0.10221129597197562,-1.3205126108081413,4.945431472395129,-0.6992139551042282,3.4278204401108885e-05,0.001061587339369242,-0.7149116846470114,0.1706918655911144,-0.016730079922812325,0.005754370164608478,0.00022107012398464576,-0.000592917507447055,-0.004913114753435366,35788,663000000,1.29,0,2,3,-0.2202155580945238,0.9633090094970074,4.965675291677599
0.0,0.0,5.0,-0.09778720210498898,-1.258125315771161,4.9474725764545004,-0.6998386015639365,-5.918024963594997e-05,0.001088692991189082,-0.7143001771008478,0.1741778795891734,-0.015368417879370775,0.0050078565876955665,0.00031404590004058264,-0.0003582223115472516,-0.004578481639327947,35789,1000000,1.37,0,2,3,-0.2202155580945238,0.9633090094970074,4.965675291677599
0.0,0.0,5.0,-0.09324024671178212,-1.1882735970910714,4.949444145518844,-0.7004360396325315,-0.0001344290027182258,0.0010920553227590855,-0.7137143292157653,0.1737226391695716,-0.014268370026434446,0.0042785419736028,0.00020478999402939735,-0.00023451722910294848,-0.003612467253333307,35789,377000000,1.46,0,2,3,-0.2202155580945238,0.9633090094970074,4.965675291677599
0.002985000000000067,0.0,5.0,-0.08959872795362217,-1.1294908929104173,4.950921599079136,-0.7008211141101649,-0.00019198312448740054,0.0010748794123495748,-0.7133362277314365,0.17119753835381663,-0.013437314214551969,0.0038030512740872104,0.00047772093978437624,-6.0061378448494906e-05,-0.002479790646248148,35789,868000000,1.57,0,2,3,-0.2202155580945238,0.9633090094970074,4.965675291677599
0.011880000000000134,0.0,5.0,-0.0859528489007617,-1.068642060007137,4.952321735223902,-0.7010660789932319,-0.00023170201049713406,0.0010320908177009372,-0.7130955293561849,0.16536382370195102,-0.012803952683252642,0.0033237091449624936,0.00016366914508125774,6.922307633772107e-05,-0.001255517588560906,35790,257000000,1.65,0,2,3,-0.1764208078225619,0.7683446015996754,4.96702537555276
0.026595000000000202,0.0,5.0,-0.08213381619417204,-1.0155075650018683,4.953447856736288,-0.7010444655410374,-0.000146027539594328,0.0009511578424086294,-0.7131169127913023,0.1004881463099349,-0.014396308805461893,0.0019721936415436738,-0.00024163723253423086,0.0021114724177095923,0.003305601035208383,35790,590000000,1.71,0,2,3,-0.1764208078225619,0.7683446015996754,4.96702537555276
0.04704000000000026,0.0,5.0,-0.07506907141854927,-1.0022262731284677,4.953760975924863,-0.700254865808973,0.000295803289339415,0.0006070547766636725,-0.7138926158014026,-0.03203854222304629,-0.018689340914671213,-0.0005696322994222967,-0.0003326409711235101,0.0024962683710327838,0.005459364683702006,35790,961000000,1.72,0,2,3,-0.16289667056324578,0.7205105752826564,4.966326377794797
0.07312500000000033,0.0,5.0,-0.06572163428777658,-1.0386300823018533,4.952898703317163,-0.6990107972631591,0.0009153921930559901,0.00013467989373827947,-0.7151105153946359,-0.1435076290547403,-0.021951628424863166,-0.004286557648355176,-0.0005709194056180422,0.006292021180342999,0.013797646442981204,35791,273000000,1.61,0,2,3,-0.16289667056324578,0.7205105752826564,4.966326377794797
0.1047600000000004,0.0,5.0,-0.05462255954427935,-1.113001483831261,4.950606651597721,-0.6968108704351871,0.0016847158570092165,-0.0005241172258182492,-0.7172527433736112,-0.2147534258896037,-0.0235905029764415,-0.007413225266631454,-8.324468936393714e-05,0.002114976609846053,0.015031947259558365,35791,620000000,1.4,0,2,3,-0.16289667056324578,0.7205105752826564,4.966326377794797
0.14185500000000045,0.0,5.0,-0.04329395441807205,-1.1963690127813187,4.947954536853373,-0.6948462060968535,0.0018363715571829008,-0.0006070663904008807,-0.7191557613498695,-0.2460172895164212,-0.02464011906849224,-0.008949092423173842,-0.0004060370088154741,0.0002375482182515043,0.01594096411281498,35791,968000000,1.07,0,2,3,-0.14884813135091335,0.9484388525502648,4.961026604978609
0.2320650000000006,0.0,5.0,-0.03178363375034812,-1.2788530671163678,4.94514589642098,-0.6929902177184053,0.0018096836699045544,-0.0005400049102845223,-0.7209445135281278,-0.21081200220993881,-0.02439493046939028,-0.008163597708089755,0.00021611682399225174,-0.0017259828268834099,0.01205638100145734,35792,333000000,0.78,0,2,3,-0.14489474741932468,1.0490225133043014,4.958509854439005
0.28500000000000064,0.0,5.0,-0.020761949347756336,-1.335661411454626,4.943054933675123,-0.6917431009094664,0.001471878389284355,-0.0002620380458953443,-0.7221421239993032,-0.11122795494414546,-0.024517045647416656,-0.004530961347494681,0.00018228344771387128,-0.002684800870156323,0.007736158931948012,35792,674000000,0.55,0,2,3,-0.1402851329156635,1.1353275724391338,4.956388426856673
0.3430350000000007,0.0,5.0,-0.011048200018136625,-1.3590980630577039,4.942127601912434,-0.6909302349113147,0.0011590811918856846,3.273616263585195e-05,-0.7229205114979997,-0.03396956849400371,-0.02685246117207853,-0.0015215605299050692,-0.00018027196517778066,-0.002284131846863602,0.005458777195599396,35793,53000000,0.42,0,2,3,-0.1402851329156635,1.1353275724391338,4.956388426856673
0.4060800000000008,0.0,5.0,-0.0025016137294937937,-1.360242680542768,4.942020913398336,-0.6904550796564052,0.0009583812275458525,0.0002653229608428367,-0.7233745876693597,0.02019162097937462,-0.029974985367399076,0.0005147079181676044,-0.0002860543190763565,-0.0018908974425357883,0.002290634097334987,35793,445000000,0.36,0,2,3,-0.1402851329156635,1.1353275724391338,4.956388426856673
0.4740450000000009,0.0,5.0,0.007086290940074579,-1.3454137145454586,4.942463574719926,-0.6904611116539066,0.0007949153753832789,0.0004974480075969059,-0.7233689058486528,0.06623705644306069,-0.03420700854694194,0.0020084549236540974,-0.0005284923588533275,-0.0016871022808118141,-0.002912092077167472,35793,790000000,0.35,0,2,3,-0.1402851329156635,1.1353275724391338,4.956388426856673
0.5468400000000009,0.0,5.0,0.01612177550977735,-1.3217269277535308,4.9431675724478765,-0.690956735465741,0.0006827825725913063,0.0007003468250828486,-0.7228954509725519,0.09696975098886643,-0.03810157592672477,0.0028280638841905468,-0.0005544124746847956,-0.001531123041331739,-0.006928478660483961,35794,153000000,0.32,0,2,3,-0.10650712016964192,1.2524782941876782,4.953815394280786
0.624375000000001,0.0,5.0,0.02604440955665327,-1.2907197359522076,4.944071608966758,-0.6918284632187085,0.0005893649075480679,0.0008897886870833987,-0.7220611043433499,0.11887998297099545,-0.04243062448452895,0.0033535917972995328,-0.0005763164267591492,-0.0013164922052055772,-0.010365896559960674,35794,521000000,0.26,0,2,3,-0.10650712016964192,1.2524782941876782,4.953815394280786
0.7065600000000011,0.0,5.0,0.03793797204128025,-1.2519453948362798,4.9451851744582855,-0.6931375982627092,0.0005162352723372017,0.0010622953894542824,-0.7208043249761006,0.1343688903606082,-0.04739266764187479,0.003707145552684042,-0.0004084526381120668,-0.0010069244467558747,-0.014208088668965502,35794,945000000,0.22,0,2,3,-0.0817239986465424,1.2113168323893126,4.954670443358404
0.7933050000000011,0.0,5.0,0.05043602238507139,-1.2123954121371108,4.946324936131208,-0.6947383243191004,0.0004742437102391267,0.001188777153271038,-0.7192614424700322,0.14347081187467128,-0.05218093142451215,0.003882521118290144,-0.0006390120347532502,-0.0007361208020029153,-0.01734888483042596,35795,363000000,0.31,0,2,3,-0.06743747010207615,1.1809114757948194,4.955244511346134
0.8845200000000012,0.0,5.0,0.06546872004043998,-1.1678924951424277,4.947568649454087,-0.6967458897003244,0.00046815665218153177,0.0013115719047671025,-0.7173166844526836,0.1489767791035664,-0.05747580150929985,0.0038307297226091936,-0.00046679877243605006,-0.0005276352226246672,-0.020118804059165996,35795,764000000,0.52,0,2,3,-0.06743747010207615,1.1809114757948194,4.955244511346134
0.9801150000000013,0.0,5.0,0.08355665438324232,-1.1192137928758883,4.948897617533238,-0.6991920898354727,0.0004928004494032922,0.0014321754988024008,-0.7149322538063041,0.15159120038730708,-0.06341392919839185,0.0037900195906860586,-0.001016342230286682,-0.0003757053178787828,-0.022509552400151733,35796,121000000,0.82,0,2,3,-0.03273895956418247,1.1064983888700224,4.956477014054049
1.0800000000000012,0.0,5.0,0.10392596645487716,-1.0701996004617493,4.950226753552687,-0.701856804733239,0.0005677249041280395,0.0015706070925567627,-0.7123161071683286,0.15188548331406568,-0.0695626267637123,0.003684668262630999,-0.0009092008042443922,-0.00021761812973863925,-0.024171460427169222,35796,471000000,1.2,0,2,3,-0.03273895956418247,1.1064983888700224,4.956477014054049
1.1840850000000014,0.0,5.0,0.12814318946483433,-1.018484027883538,4.9515922386172075,-0.7048702263177468,0.0006528400149019734,0.00168977954932298,-0.7093339710571868,0.15046237551712563,-0.07610525383547798,0.0034221991636184433,-0.0008191785468625312,-0.00019113536779968854,-0.025968291265598964,35796,824000000,1.62,0,2,3,-0.03273895956418247,1.1064983888700224,4.956477014054049
1.2922800000000014,0.0,5.0,0.16346613165418342,-0.9530181736269804,4.953228549321936,-0.7090277862564248,0.0007712902972708208,0.0018372533385609103,-0.7051777279011019,0.14671969581107014,-0.08458982033013678,0.003037684018118942,-0.0008474915091483126,-2.996900700935612e-05,-0.02713766480155755,35797,175000000,2.1,0,2,3,-0.03273895956418247,1.1064983888700224,4.956477014054049
1.4044950000000016,0.0,5.0,0.19750536269901037,-0.8983426829689608,4.954544938796236,-0.7126610260920857,0.0008758222240358021,0.0019283869087086745,-0.7015053643050334,0.14278604117633836,-0.09159722997154682,0.0027940873014029744,-0.0005907526428927667,-2.9644165455700033e-07,-0.027024216069548856,35797,479000000,2.76,0,2,3,0.08409715646013569,0.9069720136430998,4.959101353973472
1.6406250000000018,0.0,5.0,0.23717717455970694,-0.8500514804362468,4.955733110443226,-0.7151531811673388,0.0011048790143803268,0.0019598575161292723,-0.6989641376115912,0.06974206392616736,-0.10470374043851738,0.0014450639815961498,-0.0013732407410316227,0.0021222939494691673,0.004450039659786853,35797,789000000,3.27,0,2,3,0.08409715646013569,0.9069720136430998,4.959101353973472
1.7643600000000017,0.0,5.0,0.270839110770353,-0.8444467695954788,4.956053130679067,-0.7136312915615637,0.0015145342007013168,0.001861298897767952,-0.700517395541854,-0.022372703761605165,-0.11953102826800617,-0.0003772984711321703,-0.0020348015596027835,0.0025098279138546786,0.021411145280580968,35798,75000000,3.64,0,2,3,0.08409715646013569,0.9069720136430998,4.959101353973472
1.8917550000000016,0.0,5.0,0.3090874180453426,-0.8639999129672177,4.955830719068247,-0.7107468382695598,0.001979461236900182,0.0018286641806952535,-0.7034427266027775,-0.09905687463706042,-0.13696914149092834,-0.002353207737762327,-0.0023709707193120266,0.002320811563549796,0.036877930688206106,35798,361000000,3.43,0,2,3,0.19884235703100842,0.8960292931460833,4.958911922718651
2.0227200000000014,0.0,5.0,0.3524248949687633,-0.9037049582396325,4.955094661116827,-0.7058680901692639,0.0024409183889540606,0.0018444284381211001,-0.7083366990929886,-0.15964875752538835,-0.15075372621245048,-0.004311415197847125,-0.002280329158566019,0.0022603299157708534,0.05662587318511214,35798,648000000,2.95,0,2,3,0.2345426667190173,0.944121191155901,4.958027092292843
2.1571650000000018,0.0,5.0,0.41608940323414695,-0.9794318207361417,4.953339386999047,-0.6961221951329738,0.003075105206205808,0.001904445095250984,-0.717914205361685,-0.2196868232604766,-0.15979782966668504,-0.00700387920302917,-0.0025224642058674362,0.0023081787276169052,0.0789753430581186,35798,918000000,2.18,0,2,3,0.27315748093766506,1.004770139728061,4.956740927928441
2.2950000000000026,0.0,5.0,0.4988683369123277,-1.0835935358309716,4.950537485425613,-0.6833328467441655,0.0035409273778258107,0.001843424341114722,-0.7300960787324626,-0.2031154908067844,-0.16196227193867313,-0.0068537349483861285,-6.012541859945486e-05,0.0011408123441469797,0.059264413721393794,35799,232000000,0.63,0,2,3,0.27315748093766506,1.004770139728061,4.956740927928441
2.5804800000000023,0.0,5.0,0.5551177585962935,-1.137437064577207,4.949131138388321,-0.6770827164098371,0.0035611381324339693,0.0018003194723256522,-0.7358961015551552,-0.1499239374615513,-0.16365798021288436,-0.00525446423749301,0.0005742056657709327,-0.0008232770255744981,0.04464453231776133,35799,546000000,1.47,0,2,3,0.4052041858090458,1.2183629810492338,4.950947955170476
2.727945000000002,0.0,5.0,0.6076598729214602,-1.1674058261345797,4.948289986857232,-0.6728529020299526,0.0033442314976496975,0.0019438574181449499,-0.7397661858749013,-0.08401083835330106,-0.16885529906439947,-0.003528229391804792,-0.00016775268250057707,-0.0020251668047421845,0.03341352567076683,35799,877000000,2.5,0,2,3,0.45907928015470173,1.2821783137423328,4.9489556036198055
2.878440000000002,0.0,5.0,0.6610537733442483,-1.178694684957636,4.947875260970966,-0.6697097215319688,0.0031195918437838923,0.002186091453812003,-0.742613208902492,-0.03008789225926397,-0.1782318011848448,-0.002091714865980779,-0.00021828343363949898,-0.002090126054099528,0.018928759163827635,35800,220000000,3.19,0,2,3,0.5108715035298966,1.3158953572560572,4.947675870345285
3.0318750000000025,0.0,5.0,0.7160356523354374,-1.1751088724898735,4.947851303462746,-0.6686150725426097,0.002926116874061992,0.0024202513744471187,-0.7435989947492967,0.012140812159546235,-0.1887124703303541,-0.001027923769494147,-0.0005927350969159306,-0.0018722470940701896,-0.0014704700333822984,35800,653000000,3.7,0,2,3,0.5643135537173177,1.3284927461616953,4.946904628783663
3.188160000000002,0.0,5.0,0.7729963705167203,-1.160148190305637,4.948064749813933,-0.6698924692622361,0.0027942445877535407,0.0026563530130730845,-0.7424481231787159,0.04463170975983417,-0.19907813023580104,-0.000489057753911096,-0.0007164469991494116,-0.0016989896039376617,-0.022531601644004695,35801,32000000,3.87,0,2,3,0.5643135537173177,1.3284927461616953,4.946904628783663
3.347205000000003,0.0,5.0,0.8362207450652626,-1.1350739403827754,4.94848488734389,-0.6736273528218076,0.0027004636431975583,0.002902887903713993,-0.7390605322084342,0.0701506054922893,-0.20912975330877961,-0.00010960646716110068,-0.0009646980288380291,-0.0015018968497315655,-0.040026780698099174,35801,442000000,3.67,0,2,3,0.5643135537173177,1.3284927461616953,4.946904628783663
3.5089200000000025,0.0,5.0,0.8979639194693166,-1.1058516986539744,4.949001642317289,-0.6786339961232193,0.0026634222486728457,0.0031247317005708318,-0.7344651397714905,0.08686011489960825,-0.21737927230574255,7.697764757107843e-05,-0.0010168000585508707,-0.0012301154356464394,-0.049994549044640735,35801,729000000,3.06,0,2,3,0.7417616820856572,1.2795998534147042,4.946863964777144
3.6732150000000026,0.0,5.0,0.9621611767475797,-1.073253708685715,4.949609303088357,-0.6844788700024717,0.0026669113964839205,0.0033234771455483035,-0.7290202456745666,0.0982995683899752,-0.22466482833812443,0.00010230877286531569,-0.0010771501138151507,-0.0010653219533196534,-0.056365312775596976,35802,23000000,2.25,0,2,3,0.804562604497628,1.2468491231420138,4.947296607809261
3.8400000000000025,0.0,5.0,1.028793828363792,-1.0388016278313466,4.950232289601057,-0.6909096360356237,0.002690181208777204,0.0035083107500638697,-0.7229276101477011,0.10618542419148709,-0.23120350311193327,-1.1163205043058693e-05,-0.0009628954103391152,-0.0008832921025714313,-0.06298866865108721,35802,330000000,1.3,0,2,3,0.869898477933414,1.210325882838054,4.9478213960353346
4.009185000000003,0.0,5.0,1.0932099435110052,-1.0059036264816925,4.950844608366737,-0.6975692129992161,0.002733377191717154,0.0036499904456818765,-0.7165028955241761,0.11161009718252957,-0.23696761347800166,-8.674202832331151e-05,-0.0010635971307237924,-0.000690621811827441,-0.0687487110553775,35802,716000000,0.26,0,2,3,0.9377297516046094,1.171721815167262,4.948381712701088
4.180680000000002,0.0,5.0,1.16467286346564,-0.970532996819245,4.951478047334797,-0.705145493436179,0.002805150234442567,0.0037851302688827184,-0.7090469921011281,0.11617511739008517,-0.24307292208862635,-0.0003721258248704331,-0.000812516526593754,-0.0005549350589717505,-0.07272528309840709,35803,211000000,0.88,0,2,3,1.0033176749950656,1.1348766533147165,4.948896686327594
4.354395000000002,0.0,5.0,1.238700523967065,-0.9354800481214075,4.952075285792343,-0.7129816200663971,0.0028748105002921282,0.003887925069163566,-0.7011660494852411,0.12016830809632809,-0.24910758465025645,-0.000653011994979486,-0.0007955273304105503,-0.0004996477287022572,-0.07534907635999843,35803,522000000,2.14,0,2,3,1.0033176749950656,1.1348766533147165,4.948896686327594
4.530240000000003,0.0,5.0,1.3101735559426766,-0.9032579817870829,4.952579277686366,-0.7204278531719452,0.0029544045488281495,0.003989607749418063,-0.6935121216661102,0.12382826571730896,-0.25484372222380525,-0.0010182160360414686,-0.001161347313427541,-0.0005061126273631089,-0.07717591506661847,35803,826000000,3.47,0,2,3,1.0033176749950656,1.1348766533147165,4.948896686327594
4.708125000000003,0.0,5.0,1.389360605114841,-0.8693944182411074,4.953039754703466,-0.7284673650939548,0.003062456883048125,0.004115593887316962,-0.6850612974310144,0.1279122157282682,-0.26111666661107863,-0.001451400030688802,-0.000918523011250727,-0.0004687479673748385,-0.07768639043206349,35804,134000000,4.75,0,2,3,1.2240734867390834,1.0194853121608123,4.950116420597337
4.887960000000002,0.0,5.0,1.477086482666999,-0.837216495946253,4.953394235130181,-0.7351416037343729,0.0032989334432468086,0.00424914902238676,-0.6778922364429149,0.0850827388199695,-0.27586023671462445,-0.0028033819633889647,-0.0031932212550600525,0.0018026454085884325,-0.00499571490308881,35804,418000000,6.12,0,2,3,1.3047780495749335,0.9913832532430356,4.950158736362464
5.069655000000004,0.0,5.0,1.5642607416868712,-0.8341956071795135,4.953142988919182,-0.731263827412351,0.0039047494758245043,0.004278019936574684,-0.6820701329007103,-0.014465030942712695,-0.30089473627977037,-0.005227648672614011,-0.0029645754693774506,0.0032356965903090895,0.06423049126169644,35804,731000000,7.22,0,2,3,1.3948328428638592,0.9877887001294436,4.949721930107416
5.253120000000004,0.0,5.0,1.6694892032476822,-0.8616334863958872,4.952221707126458,-0.7218647083287704,0.004593584115855612,0.00428940173341904,-0.6920056668027792,-0.10448769034408242,-0.3239824755381058,-0.007662022742390756,-0.0031970953386917245,0.0032150548804565915,0.09529270610073581,35805,43000000,6.45,0,2,3,1.3948328428638592,0.9877887001294436,4.949721930107416
5.438265000000004,0.0,5.0,1.8019180122469494,-0.9229973860936447,4.95038540678146,-0.7061598061630092,0.005485231190307223,0.0044531879919439375,-0.7080172381484213,-0.18231292308921782,-0.3420769153317196,-0.010684347704752352,-0.004173498291493161,0.0035551113114706823,0.1320238399785012,35805,345000000,4.69,0,2,3,1.3948328428638592,0.9877887001294436,4.949721930107416
5.813235000000003,0.0,5.0,1.9712360181797313,-1.0145242802568208,4.94746502904426,-0.6829836157187889,0.006317498098155812,0.004483218026925146,-0.7303926140327491,-0.20208303647038198,-0.3455228239569573,-0.011644021409523576,-0.0009892067851069442,0.002962795747407654,0.12606259406311437,35805,656000000,1.95,0,2,3,1.3948328428638592,0.9877887001294436,4.949721930107416
6.002880000000004,0.0,5.0,2.122332918581698,-1.0780845150577438,4.945240470994818,-0.666068296611591,0.006436109536082844,0.004393903320435861,-0.7458500481709334,-0.14633026722594408,-0.3428647208762935,-0.010523926089209249,0.0010813378594320966,-0.0006691532576041936,0.07805575150996447,35805,947000000,1.76,0,2,3,1.3948328428638592,0.9877887001294436,4.949721930107416
6.386040000000003,0.0,5.0,2.2427165936272897,-1.1013970321368154,4.9437538789741415,-0.6576513815137287,0.0060866529802713265,0.004489313785319213,-0.7532844476758555,-0.08155411912974214,-0.34320331785139274,-0.009306525377446606,0.0010874501072066778,-0.0018820288005372277,0.06229624850675464,35806,229000000,4.28,0,2,3,2.03281710050227,1.2708167888980075,4.938898847537303
6.579375000000004,0.0,5.0,2.3474396483428634,-1.1036056996621635,4.942677578906009,-0.6507389489354019,0.005742315061058036,0.004639714860957188,-0.7592656446871522,-0.03816371473940185,-0.34688226129283817,-0.008327626965957919,0.00038884219577539625,-0.0019222503169658012,0.06021991212037392,35806,533000000,5.5,0,2,3,2.148924824850177,1.2765849032125596,4.937523609864832
6.773760000000003,0.0,5.0,2.45237468661982,-1.0931393583974651,4.9418573943784505,-0.6446859330706001,0.005462853049756586,0.00482681016908283,-0.7644127856342005,-0.009318470427032838,-0.35505316211521126,-0.0074249674166228866,0.0001975680817167813,-0.0019156090274918824,0.027998223959002644,35806,826000000,6.5,0,2,3,2.148924824850177,1.2765849032125596,4.937523609864832
6.969105000000003,0.0,5.0,2.5586391766435974,-1.0740964975114895,4.941314396422558,-0.644140281580508,0.005220123974584021,0.005002478179217134,-0.7648732072462336,0.011473628346413894,-0.36424123326734964,-0.006606591230927413,-6.672244481364942e-05,-0.0020373053530420293,-0.013819315608998295,35807,104000000,7.56,0,2,3,2.3644550890132168,1.2443746194177387,4.936116122854866
7.165320000000004,0.0,5.0,2.6740334047167034,-1.0482603278321558,4.941008976550514,-0.647280390920067,0.004997773738067085,0.005185264567953122,-0.7622179680507332,0.025584260941644826,-0.37340866244234094,-0.005914099914082937,7.268907964430582e-05,-0.0018561338947620243,-0.033622263435972854,35807,416000000,7.46,0,2,3,2.3644550890132168,1.2443746194177387,4.936116122854866
7.362315000000003,0.0,5.0,2.791923719119157,-1.0198611679874605,4.940941964889702,-0.6520214841209797,0.004815501186099801,0.005313129190605352,-0.7581665818612724,0.03358817142457146,-0.38167410204432045,-0.005351140688568156,0.0001632355576930422,-0.0015241256164699735,-0.0460657240182627,35807,730000000,6.99,0,2,3,2.582744337644741,1.1870798186648772,4.935842397181196
7.560000000000004,0.0,5.0,2.9047452729938885,-0.9925971304221798,4.941057434093342,-0.6577150146225839,0.004682478470890339,0.005389414122944384,-0.7532330238052465,0.038794542060134926,-0.3883157328123955,-0.004918656361456314,0.0002111950450967015,-0.0012030363222947926,-0.05272236048767809,35808,27000000,6.28,0,2,3,2.582744337644741,1.1870798186648772,4.935842397181196
7.758285000000004,0.0,5.0,3.0351435485057277,-0.9619758643154167,4.941351927845396,-0.6647346389642114,0.004581732538355553,0.00544384853602793,-0.7470456692874828,0.04332355377506965,-0.395017331173904,-0.004602967863841229,5.2592144683671904e-05,-0.0009784720646166534,-0.05911846456001513,35808,363000000,5.43,0,2,3,2.819153273944676,1.121199037629385,4.936228286948914
7.957080000000003,0.0,5.0,3.160207116592628,-0.9339491002114123,4.941719892723311,-0.6720578137101446,0.004522907915642705,0.005485783651026976,-0.7404645464253242,0.047690379039842565,-0.400651966617075,-0.004468184593310481,7.465288263119874e-05,-0.0007774173184316169,-0.06251373197301291,35808,763000000,4.38,0,2,3,2.819153273944676,1.121199037629385,4.936228286948914
8.156295000000004,0.0,5.0,3.3034487433607778,-0.9034767652470913,4.942220746670428,-0.6805876993225627,0.004494023697508856,0.00551679212249781,-0.7326320715656013,0.05329015106336586,-0.40634823444385326,-0.004256478911312284,-5.875711224234692e-05,-0.0006785104403661535,-0.06814269872847944,35809,256000000,3.28,0,2,3,2.819153273944676,1.121199037629385,4.936228286948914
8.355840000000004,0.0,5.0,3.440956673606645,-0.8758007902650168,4.942800122745074,-0.6892652584403963,0.004482243429740182,0.005541425716049022,-0.724474019963424,0.059531644423551244,-0.4109967323885558,-0.004165367628416768,-1.1335208416340947e-05,-0.0006580173931070021,-0.0706768267264124,35809,675000000,2.23,0,2,3,2.819153273944676,1.121199037629385,4.936228286948914
8.755560000000003,0.0,5.0,3.564030884116386,-0.8521557830750771,4.943315685560474,-0.6969003867284395,0.004476030460802765,0.005560387129649109,-0.7171324133129348,0.066117429744376,-0.41474503233698357,-0.004284045580309751,-2.7553826953408134e-05,-0.0005512115137662477,-0.06975541327847168,35810,10000000,0.69,0,2,3,3.369251675994539,0.9829532692278086,4.93696024742457
8.955555000000006,0.0,5.0,3.6888933221542985,-0.8310441156312682,4.943760359598454,-0.7022640284484614,0.004699407244837932,0.005697722639544378,-0.7118782802386996,0.03411727842077776,-0.42394285726358405,-0.005654742050542343,-0.005828456141898641,0.0022396420945369755,0.026488688126846682,35810,314000000,0.6,0,2,3,3.369251675994539,0.9829532692278086,4.93696024742457
9.155520000000006,0.0,5.0,3.828274907649475,-0.8348732701670707,4.943489166905521,-0.6906483835245528,0.005734874420755133,0.006002751504756933,-0.723143062280675,-0.0768651138336692,-0.445493015196171,-0.009498524218534057,-0.006038375522621209,0.005082322650196147,0.14581909199478105,35810,622000000,1.34,0,2,3,3.6238128838694452,0.9629765301260412,4.936077667436072
9.355365000000004,0.0,5.0,4.004860814487012,-0.8727233407005954,4.942205628263614,-0.6669394824019583,0.006988503074523143,0.006299642885133617,-0.7450524828075569,-0.18417650454242532,-0.4603072010338661,-0.013395608574163404,-0.005091630100650946,0.005305374679664965,0.1856516071711667,35810,914000000,0.67,0,2,3,3.6238128838694452,0.9629765301260412,4.936077667436072
9.555000000000007,0.0,5.0,4.231245403635909,-0.9454624527783243,4.9396220858466595,-0.6314629306263352,0.008480012271928634,0.006871105227177326,-0.7753292491255731,-0.2726825210500704,-0.4591534920461048,-0.01789087210115739,-0.006085692757551442,0.005601968405244406,0.2213657193351537,35811,222000000,4.31,0,2,3,3.9371451946246907,1.0398807628669176,4.933593067102004
9.754335000000006,0.0,5.0,4.47581692819394,-1.024190941313189,4.936143182625178,-0.5913104926643633,0.009152624173975908,0.006801036081651897,-0.8063633651425228,-0.2752140838248305,-0.44077588766983683,-0.0181261057206279,0.002754773163360369,0.0029924079399279435,0.18428690527798608,35811,546000000,9.6,0,2,3,3.9371451946246907,1.0398807628669176,4.933593067102004
10.151745000000005,0.0,5.0,4.634801517461071,-1.0568004006360698,4.9341674932630495,-0.5689017790437991,0.008926086415909983,0.00650582312353396,-0.8223312988373854,-0.23765655133983082,-0.4325055677535354,-0.016579035278945525,0.00334925366587413,-2.3085353129115305e-06,0.15436769899679348,35811,860000000,15.27,0,2,3,3.9371451946246907,1.0398807628669176,4.933593067102004
10.349640000000004,0.0,5.0,4.788342570058275,-1.0685629591620718,4.932383784597527,-0.5494685619687073,0.008420012408150136,0.006461581619103414,-0.8354469766311127,-0.19621689804073247,-0.4305827720381689,-0.015414775251904763,0.0012859401294917916,-0.0010846060717994987,0.15672944427933544,35812,199000000,18.39,0,2,3,3.9371451946246907,1.0398807628669176,4.933593067102004
10.546875000000004,0.0,5.0,4.947484283192627,-1.0638241006647546,4.930585298246598,-0.5252336430174637,0.008046294901104364,0.006671823425627765,-0.8508938618612459,-0.17830240800135755,-0.42977166368516534,-0.014908825209063942,-0.00014464020239302045,-0.0005361527314562409,0.18016065150732175,35812,503000000,21.12,0,2,3,3.9371451946246907,1.0398807628669176,4.933593067102004
10.743360000000003,0.0,5.0,5.104429832669425,-1.0471327069104845,4.9288402792652395,-0.4981650482847441,0.007820451226520161,0.007013484800955589,-0.8670185904817835,-0.1781425734429586,-0.4286722654135328,-0.014812171887606914,-0.00092753873559559,-0.0001484872811374771,0.18810757319442928,35812,882000000,24.53,0,2,3,4.86612338886544,1.1632572770475396,4.925273196474991
10.939005000000002,0.0,5.0,5.251583282889542,-1.024131359621887,4.92722242842426,-0.4716268216260188,0.007698926955852794,0.007418139781632035,-0.8817334284515064,-0.1894032154936509,-0.42684265810428973,-0.014972320969498862,-0.0018943982695418526,0.0002797559062628352,0.19189997692592442,35813,206000000,28.31,0,2,3,5.030791502706786,1.1388426786669141,4.9236804749831835
11.133720000000002,0.0,5.0,5.334573034012181,-1.009234078308712,4.92631581517727,-0.45622377724164337,0.0076729479293555355,0.007673078543366202,-0.8897989181916934,-0.19881476894157576,-0.4250356913133503,-0.015132168509838043,-0.0015971893390087644,0.0005002172940749006,0.1941888898727484,35813,515000000,31.97,0,2,3,5.030791502706786,1.1388426786669141,4.9236804749831835
11.327415000000002,0.0,5.0,5.464819566797659,-0.9848362082055306,4.924855226279382,-0.43259294623643696,0.007676998783479356,0.00806453883489853,-0.9015205875461402,-0.2260492978106572,-0.42002798744722225,-0.015891628179444024,-0.0025027168476299266,0.0010811306196956139,0.18683814851101488,35813,816000000,34.07,0,2,3,5.274617403029284,1.0955566320650425,4.92098070959774
11.711385000000007,0.0,5.0,5.626373394365298,-0.956125386238913,4.9228802683768,-0.40320495919604843,0.007809015172576108,0.008608391546428732,-0.9150358876878713,-0.2630511909821885,-0.41083969749244426,-0.017264495951657716,-0.0028954081471965765,0.00177195066726199,0.1965676448890008,35814,127000000,37.27,0,2,3,5.412652188154321,1.0694795697017814,4.9191532713978114
11.901480000000008,0.0,5.0,5.792210954139623,-0.9281631515782874,4.92057094101128,-0.3736437513929525,0.007995077998653562,0.009135495149584703,-0.9274928401347198,-0.3021373735476093,-0.4021725233557524,-0.018905888542388047,-0.00241493708017515,0.0019278017134638503,0.1525921979919076,35814,511000000,41.17,0,2,3,5.412652188154321,1.0694795697017814,4.9191532713978114
12.090195000000008,0.0,5.0,5.985621438921888,-0.8987874004071483,4.917578311458819,-0.35050423068579417,0.00830151266772506,0.009694252299751759,-0.9364741804401955,-0.34409101832560407,-0.3964878660140665,-0.021149118238184536,-0.0031452060966330464,0.0022567686755792238,0.12469907815102488,35814,964000000,45.04,0,2,3,5.412652188154321,1.0694795697017814,4.9191532713978114
12.277440000000006,0.0,5.0,6.176196523845749,-0.8737805446257066,4.914172858533066,-0.32756180210491803,0.008724804983567662,0.010357677842525387,-0.9447326934585716,-0.38084122442608415,-0.3829630062412096,-0.02379376736384664,-0.004348619268057519,0.0033576548730707145,0.16174832708202302,35815,451000000,48.06,0,2,3,5.412652188154321,1.0694795697017814,4.9191532713978114
12.463125000000007,0.0,5.0,6.382093792586162,-0.8504355401676728,4.90979005896362,-0.2927187675435318,0.009307288314625156,0.011203478056435158,-0.9560876422125029,-0.41818701900119926,-0.35325072685724396,-0.026903780005437906,-0.004044903744215844,0.005029270141676534,0.238651322433725,35815,780000000,51.01,0,2,3,6.153196385008904,0.9215706398234947,4.905750403512865
12.647160000000005,0.0,5.0,6.581331030461075,-0.8339950693678796,4.904332577343168,-0.2564798917712376,0.009967173562692855,0.011398767452950627,-0.9664309539065574,-0.4949558033622524,-0.29355251147227823,-0.03466401132315712,0.002066430397462682,0.007963309599290369,0.09900382865453139,35816,98000000,55.47,0,2,3,6.153196385008904,0.9215706398234947,4.905750403512865
12.829455000000008,0.0,5.0,6.8123800472361475,-0.8474064498838488,4.894416018275588,-0.25042084921905833,0.011467505149387509,0.01089795654156173,-0.9680078146096098,-0.5948037159728468,-0.24077195120572864,-0.04812405581131364,-0.0001441147531977549,0.009179048538499046,-0.009678894639364444,35816,424000000,60.11,0,2,3,6.153196385008904,0.9215706398234947,4.905750403512865
13.188465000000008,0.0,5.0,7.147406546497379,-0.9097113872177589,4.875707463598311,-0.25391461884721767,0.01376025438261653,0.01066655148954884,-0.9670699283993471,-0.6841394919490972,-0.19625697117087632,-0.061467072085573046,-0.001930668372551736,0.008269008412753465,-0.00506271267113334,35816,772000000,60.73,0,2,3,6.153196385008904,0.9215706398234947,4.905750403512865
13.365000000000007,0.0,5.0,7.442577481526813,-0.98446404390615,4.857883783625735,-0.250058756525603,0.015200908743121942,0.010768958828803975,-0.9680514346789615,-0.6914004881409372,-0.19068191516352057,-0.06255828444180282,-0.0016368916703868308,0.0038686420339217875,0.065317044936819,35817,88000000,59.37,0,2,3,6.153196385008904,0.9215706398234947,4.905750403512865
13.711680000000007,0.0,5.0,7.757562718057987,-1.0498220870693091,4.8410103329661744,-0.22066206611472655,0.015206557956150214,0.010672906807033925,-0.9751733703467269,-0.6463000847398331,-0.18490849058428135,-0.053536089680670494,0.005631050271404092,0.000571745425759218,0.22438541054725647,35817,255000000,58.74,0,2,3,7.366912590253506,0.8873481491724614,4.889229602906966
13.881645000000006,0.0,5.0,8.029425822025136,-1.0840149231017637,4.8289731011802,-0.17288157617050043,0.014232912430871054,0.010388178989646689,-0.9847849869701595,-0.6147505873064557,-0.16616324292830728,-0.044972068486856684,0.00381291340545431,-0.0029245827590784756,0.2061295570456423,35817,557000000,61.48,0,2,3,7.366912590253506,0.8873481491724614,4.889229602906966
14.049240000000006,0.0,5.0,8.305835516385603,-1.0934702111727295,4.818876542500813,-0.14627206929472475,0.012762597520008476,0.010694773445464522,-0.9891042511635117,-0.5942469962886382,-0.18923314429956262,-0.0382214586155374,-0.0020747912685692427,-0.008300337140099145,-0.007360848803728004,35817,898000000,66.74,0,2,3,7.906269802714969,0.9965238836372362,4.890745687408302
14.376960000000006,0.0,5.0,8.581060477131306,-1.075362721236201,4.810866131604117,-0.15135092862663818,0.01148002346488402,0.011829262652196451,-0.9883426399838293,-0.5790411926945875,-0.2582047397309509,-0.03461323630709784,-0.005724925267713843,-0.003391812242625747,0.005223518883212819,35818,225000000,69.3,0,2,3,8.159947574387216,1.0343828407574336,4.894153843785286
14.536905000000008,0.0,5.0,8.873535406865653,-1.0281706324694775,4.803843968622084,-0.1417799394903368,0.011369589676191236,0.013127203224905482,-0.9897458551184761,-0.5781896613878682,-0.30183679281295817,-0.03385437834368095,-0.0042980804209946655,0.002018290024352609,0.08747872925596312,35818,610000000,67.8,0,2,3,8.40143605127059,1.043027478874339,4.898009974345921
14.84851500000001,0.0,5.0,9.091499241975688,-0.9793742468946695,4.799244783924785,-0.12431002376515066,0.011593833651900831,0.013739558281632066,-0.992080553962724,-0.579943798686918,-0.3081489999201292,-0.0338422101846769,-0.0009950400453817565,0.002136895568582986,0.11914498754777014,35818,973000000,67.5,0,2,3,8.40143605127059,1.043027478874339,4.898009974345921
15.0,0.0,5.0,9.38325593855864,-0.9059973089147183,4.793527088504088,-0.10834376532732626,0.011228211057700187,0.01403998515727023,-0.9939509216293954,-0.5851125117517761,-0.280179680664779,-0.030902864277896513,-0.0006063905630071531,-0.00499913494422799,-0.027030453384213615,35819,345000000,68.24,0,2,3,8.827109737940022,1.0133407676003978,4.904248009614044
15.0,0.0,5.0,9.649445675141719,-0.8457014237253049,4.789587818651844,-0.11048747369849421,0.010460539798618402,0.0149673564661762,-0.9937097531489063,-0.5883314403715064,-0.2872002205388083,-0.026648729201167953,-0.006183854293340119,-0.0013702249134439626,0.06813333384343423,35819,717000000,68.2,0,2,3,9.068105747675245,0.9853728314245932,4.906740553099657
15.0,0.0,5.0,9.931335277791417,-0.7738127983442348,4.787470044765163,-0.08595595773918568,0.010301501301253664,0.01617563688574956,-0.9961143514533959,-0.6032023341023203,-0.28296616833214217,-0.023081046977237053,-0.0029616995107062394,0.002381742388024577,0.14769561821594834,35820,77000000,66.13,0,2,3,9.068105747675245,0.9853728314245932,4.906740553099657
15.0,0.0,5.0,10.227323122467354,-0.6873201910109116,4.78689223806891,-0.0533970588234704,0.010192020698668664,0.016784510253207596,-0.9983802667514219,-0.6176197342127832,-0.2652911614938696,-0.021217601017628485,-0.0004077361325016682,0.00037222376079171227,0.11630955268628895,35820,596000000,67.22,0,2,3,9.519358207901428,1.0043087912676996,4.9168015702310734
15.0,0.0,5.0,10.610255460723375,-0.5606477533161802,4.78687366464972,-0.02006637361879865,0.009578854522309466,0.01705879509119681,-0.9996072147127928,-0.6218901656899938,-0.2486534803010429,-0.019625805140552982,0.0005477266313391738,-0.000346911659221405,0.11302294878987595,35821,18000000,68.58,0,2,3,9.519358207901428,1.0043087912676996,4.9168015702310734
15.0,0.0,5.0,10.885842460623984,-0.45789671904444423,4.787050992245925,0.003187528229339487,0.009077681667646595,0.01714926277313327,-0.9998066503807954,-0.6228931637351118,-0.23837376665747678,-0.01969318277448105,0.00044826021792232495,-0.0005560850581787236,0.09247252528439276,35821,481000000,69.67,0,2,3,10.043147034959684,1.1641540249328715,4.9484443764697446
15.0,0.0,5.0,11.14529043711017,-0.35157356882013696,4.786809702775093,0.025211825104177632,0.00877195151582369,0.017363008037724274,-0.9994928427424591,-0.6271446953288679,-0.23407995467680429,-0.02024971829852873,-0.00018472193374918788,0.0019498369056236697,0.1351840139250271,35821,887000000,70.18,0,2,3,10.043147034959684,1.1641540249328715,4.9484443764697446
15.0,0.0,5.0,11.42394095354152,-0.2267442731827457,4.78629213199874,0.05507786079064497,0.008457231022749518,0.016701577772195872,-0.9983065470055144,-0.6160703057688315,-0.19932962600097698,-0.020224354403342304,0.006541822676808806,-0.0019564919739423203,0.10497311523067765,35822,333000000,70.41,0,2,3,10.45480869265719,1.2979290418775389,4.985810070357292
15.0,0.0,5.0,11.665590920004364,-0.11717468301643447,4.784960225325725,0.07989013731030548,0.00773367463740374,0.015536508123728685,-0.9966525839792241,-0.5933371720982878,-0.16377497702472896,-0.019394904543714005,0.006673108009636053,-0.001007399305308354,0.15997912414604798,35822,778000000,70.87,0,2,3,10.45480869265719,1.2979290418775389,4.985810070357292
15.0,0.0,5.0,11.90466231556157,-0.005190368444623021,4.783009044143491,0.11580170399041323,0.00707389530700823,0.014510242716067793,-0.9931411673143064,-0.570809698288492,-0.1264095969045202,-0.018224381162295723,0.004801052273251116,-0.001671003292358364,0.14997426769696176,35823,214000000,70.96,0,2,3,10.826832519769455,1.4251858219591536,5.031034182774378
15.0,0.0,5.0,12.128852957835555,0.10810429832266379,4.780788858696263,0.14469474634368273,0.006294315498176226,0.013767663644127457,-0.9893605325717862,-0.5465154726749549,-0.10924008186025366,-0.01687612275492062,0.0032371218367188703,-0.0028261402576390537,0.1109619959606789,35823,573000000,72.26,0,2,3,10.993263131402415,1.4869983908790065,5.055796277448655
15.0,0.0,5.0,12.34776203926121,0.23063005217371485,4.778457644991383,0.1653126535560726,0.005395106402139035,0.01311596448704927,-0.9861392350356687,-0.5239310011182161,-0.10551321823818612,-0.015384713003425213,0.0024976430722745135,-0.003654312922662939,0.06505947676487267,35824,28000000,72.98,0,2,3,10.993263131402415,1.4869983908790065,5.055796277448655
15.0,0.0,5.0,12.544804533890034,0.3529369841736817,4.776477310088899,0.17485482436664995,0.004403723383288176,0.012915781467028566,-0.9844996598298894,-0.5079057161987887,-0.120516357408933,-0.013085219208964199,-0.0011682021636261197,-0.00485652908537304,0.016996652448142413,35824,455000000,72.51,0,2,3,11.311166751289592,1.6053614753712862,5.110604460034076
15.0,0.0,5.0,12.73076786114061,0.48255384005416035,4.775353224879444,0.17929144241505668,0.003425462758188982,0.012789482065821662,-0.9837069045351408,-0.48637460070043614,-0.13146297807280782,-0.010541716967533973,0.0008417703895702289,-0.003216375216652523,0.03746022121049464,35824,902000000,70.76,0,2,3,11.450786902041324,1.656746452976019,5.1391270677418435
15.0,0.0,5.0,12.928891692600356,0.6283414542936624,4.774570355979432,0.1889645465218579,0.0026830823105140197,0.012376385109257596,-0.981902248861225,-0.46648233538450545,-0.12297921187550356,-0.00914575790271539,0.0014361972148435598,-0.0025621747681725537,0.03514170712151099,35825,349000000,68.17,0,2,3,11.450786902041324,1.656746452976019,5.1391270677418435
15.0,0.0,5.0,13.089719732495501,0.7481397330850158,4.773871275542352,0.19318593060456796,0.0020174315697365297,0.01220145219519763,-0.9810842220475451,-0.45991538219274164,-0.11855980913632828,-0.008276077498543723,-0.0006347466069200891,-0.0041383065763511695,-0.004617055537892156,35825,953000000,65.69,0,2,3,11.450786902041324,1.656746452976019,5.1391270677418435
15.0,0.0,5.0,13.267688414103793,0.8714742178209239,4.7728297962054045,0.1744683444405622,0.0005443336484304657,0.012128883010451653,-0.9845879293826263,-0.45838309949681716,-0.0780692702686491,-0.008551106578911522,-0.001400188796196744,-0.012598369357874617,-0.2134975846274756,35826,374000000,63.25,0,2,3,11.796774403478851,1.822032360655281,5.242875723327773
15.0,0.0,5.0,13.45204267624119,0.9554008254197782,4.769883163771447,0.1188969698392709,-0.0014466078275069188,0.01177226597173777,-0.9928357526009645,-0.45476324482697034,-0.04456295498230195,-0.010289238531758078,0.001035631453305541,-0.010745068448159145,-0.27279019996058196,35826,810000000,57.87,0,2,3,11.889945288285059,1.8757012006617222,5.281781303213886
15.0,0.0,5.0,13.670976977438682,1.007475483211481,4.764015251922288,0.05331235495991521,-0.0027204261907473526,0.011422112547595124,-0.9985088519562151,-0.442724350381953,-0.00883821849853182,-0.012029528269355279,0.0013005122468712216,-0.0061322536112129455,-0.2445789286866784,35827,260000000,48.89,0,2,3,11.960666793694902,1.9177990316211753,5.3205232284459765
15.0,0.0,5.0,13.877049536970116,1.0128333615598049,4.757576505917296,-0.0037591928629846505,-0.0036383273962693552,0.013081941513459445,-0.9999007419984319,-0.4101352573740978,0.0304763059356496,-0.007080515216869168,-0.01091444992198376,-0.008665437053423375,-0.2313843637239188,35827,700000000,39.55,0,2,3,11.960666793694902,1.9177990316211753,5.3205232284459765
15.0,0.0,5.0,14.0239564067528,0.9892483776450384,4.7547921080874636,-0.043756657191625636,-0.004104037576648837,0.015429659815196846,-0.9989146296981395,-0.3599450878370098,0.0510380721597379,0.003484458082475403,-0.01316157804467366,0.0013150460631550231,-0.16073997248895466,35828,118000000,32.45,0,2,3,11.960666793694902,1.9177990316211753,5.3205232284459765
15.0,0.0,5.0,14.133457249099502,0.9569023145937458,4.756407907229626,-0.06624412280211256,-0.0029599740287936348,0.017555247524692168,-0.9976446100853119,-0.3029212579238309,0.06442633325876573,0.01583873243334223,-0.011966203874180792,0.005900398900848813,-0.10370087184128352,35828,576000000,28.19,0,2,3,12.116484371269102,1.9929980659509472,5.44338219067484
15.0,0.0,5.0,14.213357932841136,0.9239038260967469,4.761473789133861,-0.0796226934636573,-0.0017262069844568902,0.01909967487811215,-0.9966405818120139,-0.2589807346930678,0.07296011573185376,0.026731879526858404,-0.009007938206195831,0.005020026173951919,-0.08043419220484793,35829,29000000,26.17,0,2,3,12.116484371269102,1.9929980659509472,5.44338219067484
15.0,0.0,5.0,14.2845974538776,0.8864614005951514,4.770376959951008,-0.09191788278620128,-0.0007665375022814207,0.02047815826453909,-0.9955557042568999,-0.2220710189691923,0.07850472836477114,0.03697421339717434,-0.009532460262562381,0.0023041846361593343,-0.07800085659255274,35829,459000000,25.05,0,2,3,12.200642710522299,1.976496586558114,5.482495176464095
15.0,0.0,5.0,14.340970860868953,0.8502423588133776,4.7813522823101575,-0.10370540293828773,-0.00019690583486686904,0.02169186833641589,-0.9943714665443568,-0.1951582058469497,0.08151586751206522,0.04444181260506705,-0.006787005077057984,0.0005901494830595766,-0.07882152203819714,35829,914000000,23.99,0,2,3,12.200642710522299,1.976496586558114,5.482495176464095
15.0,0.0,5.0,14.392311495900328,0.8110213415728564,4.79511717610646,-0.11609169827048066,0.00020879838227126982,0.02265456884624558,-0.9929800826332327,-0.1727203638366294,0.08333629958550459,0.05010054193154233,-0.005590179353021085,-0.00021259644427118474,-0.07645072400919162,35830,404000000,22.92,0,2,3,12.34508900303044,1.8997828809162614,5.4742716278446215
15.0,0.0,5.0,14.433838855907192,0.7740449017691156,4.8093085675155045,-0.12724435592540506,0.0004990752341950157,0.023334412574695058,-0.991596757759339,-0.15618801987816738,0.0842031642319753,0.05339527771794208,-0.0031325394729719847,-0.00040754847816515394,-0.07247920802910812,35830,841000000,21.8,0,2,3,12.34508900303044,1.8997828809162614,5.4742716278446215
15.0,0.0,5.0,14.470242435549645,0.7371470827808374,4.824189398292853,-0.13769274953908628,0.000745584493668898,0.02374457827348658,-0.9901900554089318,-0.1430008012392755,0.0843191412476512,0.05490409385468002,-0.002425835623398598,-0.0003947398283798975,-0.06791358391637914,35831,292000000,20.78,0,2,3,12.34508900303044,1.8997828809162614,5.4742716278446215
15.0,0.0,5.0,14.504525384644836,0.6981424945935416,4.840282152029167,-0.14811483473813264,0.000978673383948631,0.023995496539226953,-0.9886785393011921,-0.13168622442847633,0.08364376391231693,0.05489105670876685,-0.00023272453972822404,-0.000293592185585112,-0.06336117658065632,35831,730000000,19.75,0,2,3,12.566873023986851,1.7538603872947274,5.438428577043504
15.0,0.0,5.0,14.535008492219138,0.6597688118041555,4.856200479320886,-0.15781023213780254,0.0011749472268044875,0.023921688147799085,-0.9871789619758853,-0.12249891448348338,0.08215093581504185,0.053854172972972195,0.0016089716950773436,-6.757058557127493e-05,-0.0589972212765133,35832,235000000,18.66,0,2,3,12.566873023986851,1.7538603872947274,5.438428577043504
15.0,0.0,5.0,14.560808570860319,0.624570333937875,4.870786039216163,-0.16629539945890065,0.001354091865339073,0.023726855305325218,-0.9857895530443324,-0.1154060833019676,0.080272659932538,0.05224591368044631,0.0005819503655857261,3.589829802308486e-05,-0.05539729609154165,35832,715000000,17.58,0,2,3,12.566873023986851,1.7538603872947274,5.438428577043504
15.0,0.0,5.0,14.584378605770944,0.5902140469877009,4.884784281298311,-0.17422634122557246,0.0015217676495510313,0.023531683045322785,-0.984423245428218,-0.10933291306980979,0.07806201213557364,0.04973879713256653,0.0026254791919200215,9.885299476763976e-05,-0.0517585824127309,35833,97000000,16.6,0,2,3,12.807636876350148,1.5817117032379477,5.3681213748628425
15.0,0.0,5.0,14.60748704953697,0.5546088636952627,4.8988623044051,-0.18210249450537808,0.0016566135392329356,0.023070158767394128,-0.9830074795752816,-0.10371944487032655,0.07525071573480265,0.04652965602702893,0.003460813945821428,0.0002546015878124308,-0.047884133891784586,35833,423000000,15.66,0,2,3,12.807636876350148,1.5817117032379477,5.3681213748628425
15.0,0.0,5.0,14.627545965307474,0.5223491836387677,4.911150129528456,-0.18892231083759276,0.0017722731125548504,0.022557706006279356,-0.9817313122313724,-0.09900184208322335,0.07234461110491316,0.043247655229523986,0.003608439783420181,0.0004259495113956291,-0.04436233975866344,35833,720000000,14.71,0,2,3,12.807636876350148,1.5817117032379477,5.3681213748628425
15.0,0.0,5.0,14.647482837730912,0.48917458592719365,4.923217729392582,-0.19561321453242192,0.0018843663069495822,0.021920948674517764,-0.9804342871774339,-0.09443806889910009,0.06904067112292858,0.039518534498056146,0.004698083830589894,0.0005734076353292039,-0.04079179452673998,35834,51000000,13.89,0,2,3,12.959080574284517,1.451378479808304,5.3213661869856965
15.0,0.0,5.0,14.670613053394643,0.45092840328697714,4.935795511080831,-0.20304339412056432,0.0020439334589885377,0.02094739710311712,-0.9789435167539651,-0.10215364923189671,0.06635863354723043,0.03204153825627935,0.005469309417094337,0.0018466669757799536,-0.040059248931356706,35834,359000000,13.1,0,2,3,12.959080574284517,1.451378479808304,5.3213661869856965
15.0,0.0,5.0,14.696699636227233,0.4132793396596143,4.944685818039128,-0.20994251631846367,0.002318115423450189,0.020008831947346456,-0.9775062213750141,-0.10876256979272503,0.06346369863373391,0.025074393143484884,0.004395495307107922,0.0010950462979053555,-0.036381288737175055,35834,670000000,12.26,0,2,3,12.959080574284517,1.451378479808304,5.3213661869856965
15.0,0.0,5.0,14.719255222234075,0.3810069384086572,4.951245246032743,-0.21534120303425897,0.0023805645807314646,0.019257751413300505,-0.9763460647734175,-0.10211790983244846,0.05951254730962763,0.021909913247936386,0.005407047774497187,0.0003265683830022681,-0.03273925467510708,35834,963000000,11.56,0,2,3,12.959080574284517,1.451378479808304,5.3213661869856965
15.0,0.0,5.0,14.738411549095433,0.35270950208061075,4.956698466046641,-0.21996547131060568,0.0023323674172149762,0.018494795215997527,-0.9753295310013188,-0.09368286847490676,0.05557632864601303,0.019653203039520128,0.005371339602788794,0.00014727199442177152,-0.030393739871215075,35835,272000000,11.01,0,2,3,12.965358617264865,1.3848215047750265,5.310300805268547
15.0,0.0,5.0,14.756656134549182,0.32471402537245125,4.961898361777047,-0.22455267254477718,0.0022644596745093806,0.01768943481593825,-0.9742987495482446,-0.08521068688438968,0.05150777612370672,0.017412351724510777,0.005256971053313464,0.00019145924028407535,-0.0283895509710419,35835,584000000,10.55,0,2,3,12.944808236945558,1.3845843831616687,5.312444842185765
15.0,0.0,5.0,14.771992665471233,0.30037432878396153,4.966190774865257,-0.22854901733759703,0.0022114109937446383,0.01700269361854437,-0.9733814076430416,-0.07845352662137349,0.04807613797848207,0.015315417669167209,0.004005649179816828,0.00022248989779427575,-0.025421613099751994,35835,910000000,10.1,0,2,3,12.922308789863028,1.3851320625968755,5.3144126038717605
15.0,0.0,5.0,14.785911951304739,0.277618791776059,4.96992717151213,-0.23201759725068888,0.0021749830724500027,0.016431018641368696,-0.9725703705342141,-0.07263249235960687,0.045132204058440935,0.01330772191281768,0.0040982163682201644,0.00028460126486606896,-0.022221289509616327,35836,206000000,9.68,0,2,3,12.922308789863028,1.3851320625968755,5.3144126038717605
15.0,0.0,5.0,14.79858725047226,0.2563035654522363,4.973121415813828,-0.23509018893980166,0.002144060060425647,0.01587449236940785,-0.971841554247769,-0.06737336908320546,0.04239972064216861,0.011353473001310278,0.0034725401746982243,0.00036567057009051496,-0.01979629469133215,35836,512000000,9.26,0,2,3,12.922308789863028,1.3851320625968755,5.3144126038717605
15.0,0.0,5.0,14.810193398771222,0.236309378021406,4.975787700609324,-0.2378470634542803,0.00212561353098028,0.015373937572290587,-0.9711786129321504,-0.06274828217919817,0.03994725930138483,0.009516607532989486,0.0035175766242900863,0.0003424661684903185,-0.01820986290113069,35836,834000000,8.83,0,2,3,12.989032547535931,1.318590857561843,5.283394765698847
15.0,0.0,5.0,14.820855403719603,0.21748175418998567,4.977972315826814,-0.24043153675904716,0.0020937390016906483,0.014886319126708701,-0.9705496844013363,-0.058614670103084854,0.03773291133501217,0.007867114140196873,0.003202257471457415,0.00024815075505557616,-0.017266086251765955,35837,127000000,8.37,0,2,3,13.039340051239122,1.2814588943301886,5.264497634891072
15.0,0.0,5.0,14.830699296514156,0.19975119337824088,4.9797224040206975,-0.24286490771993102,0.002049082506631267,0.014409247169187732,-0.9699509324986948,-0.05491718616614192,0.035560789958440836,0.006369425261858361,0.0036523831340673496,0.00028147410660039895,-0.01568319530633744,35837,455000000,7.91,0,2,3,13.039340051239122,1.2814588943301886,5.264497634891072
15.0,0.0,5.0,14.842175555791309,0.17874716993104564,4.981375169611233,-0.24554867261775715,0.001991352872758886,0.01375396876375107,-0.9692846394288104,-0.05074961910144077,0.03292358799084673,0.00464933284089485,0.003394016630409169,0.0004064696014438596,-0.013515493901650188,35837,832000000,7.43,0,2,3,13.146006536573942,1.204907826538672,5.223836442619789
15.0,0.0,5.0,14.852906229405225,0.15981067504358692,4.9822998625853065,-0.24787230684470968,0.001998802213846215,0.013153201884097701,-0.9687013562338951,-0.05665748352456988,0.031056213471770087,0.0019011794938799866,0.0032769027711765375,0.0013463628874887945,-0.013728142312174896,35838,190000000,6.84,0,2,3,13.146006536573942,1.204907826538672,5.223836442619789
15.0,0.0,5.0,14.866313436602708,0.1406768238794643,4.982087437849945,-0.25010815404674364,0.0021053943537162074,0.012543046624455045,-0.9681343659716466,-0.06158588532459377,0.029198348234685666,-0.000531282190187505,0.003754984800252714,0.0007840538216896675,-0.012473507194954436,35838,514000000,6.32,0,2,3,13.222206346953124,1.1452958202325694,5.1819524925691445
15.0,0.0,5.0,14.88329101072292,0.11953511019044115,4.980894687466474,-0.252407709812728,0.0021409221409355757,0.011845652848382014,-0.9675460945030347,-0.09972766722102158,0.028691682154142,-0.0072656955342394495,0.003915796833098284,0.00223249467126152,-0.016642698938085232,35838,818000000,5.88,0,2,3,13.225518402402546,1.1375058479545197,5.167930994854406
15.0,0.0,5.0,14.926151740458247,0.08217827302226212,4.975157815562983,-0.2559396637458543,0.0025190778417276648,0.010881770183625497,-0.9666282273170782,-0.16976834567237892,0.02850749532650777,-0.01832863477651901,0.004567573250824353,0.003162309303661459,-0.01808094748412259,35839,129000000,5.45,0,2,3,13.225518402402546,1.1375058479545197,5.167930994854406
15.0,0.0,5.0,14.990890198515608,0.03141471703094222,4.965592173099926,-0.2594261706082402,0.0028785811948933647,0.009817499767488816,-0.965708751369772,-0.18152482571398448,0.02528273611283958,-0.021337905549976426,0.00391798025702883,0.0016558997913307394,-0.013467137614497915,35839,433000000,5.06,0,2,3,13.225518402402546,1.1375058479545197,5.167930994854406
15.0,0.0,5.0,15.034849639369718,-0.002857336625008237,4.958919956324663,-0.26132559658136806,0.0029044509244183585,0.009266453953702252,-0.965201859492274,-0.15779713820603883,0.0224129312901198,-0.01879485776934025,0.002661090275069,-0.0003089829959890267,-0.011049072600144427,35839,725000000,4.73,0,2,3,13.225518402402546,1.1375058479545197,5.167930994854406
15.0,0.0,5.0,15.065909546532447,-0.02779134274387441,4.954178284969859,-0.2627051295777928,0.002688298912084842,0.008992174017824463,-0.9648305181475695,-0.12501637639991076,0.01980581290486392,-0.014526391192119001,0.0019807561329798773,-0.0015352707350757555,-0.009368925202579703,35840,28000000,4.53,0,2,3,13.119786491174839,1.182959105248637,5.125827873514747
15.0,0.0,5.0,15.089706204749476,-0.047811558146542914,4.9506422880085434,-0.26388833825971847,0.0024108782340164212,0.00882033994818864,-0.9645098932617867,-0.09588234171303943,0.01764593297256038,-0.010317624368755943,0.0014727036500516988,-0.001634751038182003,-0.008255644206656143,35840,328000000,4.32,0,2,3,13.123729277635034,1.1785598291087092,5.1168295184391335
15.0,0.0,5.0,15.108363369180516,-0.0646343210941166,4.948078168746478,-0.2650065350334883,0.002131301144368223,0.008578823626348854,-0.9642060971235167,-0.07005794571251403,0.015734034982486815,-0.006409590227418997,0.003879046153087984,-0.001139718267495482,-0.006681395052510197,35840,626000000,4.11,0,2,3,13.14480345411227,1.163931521492352,5.106360910425316
15.0,0.0,5.0,15.120594239832533,-0.0767417798593734,4.946647087217892,-0.265792547118226,0.0018835360988431627,0.008127030365275961,-0.9639941522465848,-0.050627457443888246,0.014098469937706132,-0.0034377382652763786,0.003679856718008523,-0.0007399484388770361,-0.005115351086715236,35840,939000000,3.87,0,2,3,13.182255779915744,1.139316022873172,5.094032998344601
15.0,0.0,5.0,15.129293415672297,-0.08656945992526176,4.9459560234256505,-0.26646021076760096,0.0016635025627855242,0.0076691910422836355,-0.9638139718564295,-0.033921772586363544,0.012514176366482744,-0.0008867232370582543,0.003288779271315434,-0.0005879101081518456,-0.004114784178455011,35841,309000000,3.65,0,2,3,13.227096166038342,1.1104339594937145,5.082077404597177
15.0,0.0,5.0,15.134131466553763,-0.09332344493198097,4.945924347650901,-0.266973825345392,0.0014830105027534859,0.007282137265163727,-0.9636751256191829,-0.021416859866143896,0.011142224763120264,0.0009148879812558603,0.0030419645099755144,-0.0004467381927497627,-0.003609778332247515,35841,663000000,3.43,0,2,3,13.227096166038342,1.1104339594937145,5.082077404597177
15.0,0.0,5.0,15.136559026063557,-0.09844408467084681,4.946384657395658,-0.26748330254930647,0.0013218037558007053,0.006884588451491711,-0.9635369936509968,-0.010850524681488456,0.00984985460770087,0.0023892120819759438,0.0029913120897617773,-0.000283557096736331,-0.0034596210298332153,35842,7000000,3.22,0,2,3,13.227096166038342,1.1104339594937145,5.082077404597177
15.0,0.0,5.0,15.13677364598272,-0.10185287267656296,4.947253182683415,-0.26797511227151544,0.0011875330657003733,0.006518217031385184,-0.9634030526290738,-0.002687389959858337,0.00884398577935082,0.003588783601892502,0.0022506671029987046,-0.00018808902382261294,-0.00325969451751007,35842,377000000,3.0,0,2,3,13.227096166038342,1.1104339594937145,5.082077404597177
15.0,0.0,5.0,15.135277253545052,-0.10390788612046652,4.948453977955021,-0.26843002206086825,0.001090324209909511,0.006242514436159759,-0.9632783426730995,0.003667181375875954,0.008007513200539818,0.004565785056361032,0.0016881242800081964,-0.00012163666980313792,-0.0030799257046965067,35842,772000000,2.79,0,2,3,13.227096166038342,1.1104339594937145,5.082077404597177
15.0,0.0,5.0,15.131529255424013,-0.10504234033824274,4.950345662176817,-0.2689884295565022,0.0009973003117819167,0.005975489667393918,-0.9631243552522435,0.009642388309372824,0.007258425503028637,0.005444140644264033,0.001337433468506788,-0.00013532371241353758,-0.0030309416843010695,35843,219000000,2.58,0,2,3,13.51115246101561,0.9307803900149534,5.024805874502705
15.0,0.0,5.0,15.129864959532224,-0.10676757542004092,4.951908224909491,-0.26953477927536157,0.000993922635708409,0.005766574620354497,-0.9629728768225636,-0.03510356979153316,0.007903404798857452,0.002313085122801204,0.0013473641729433439,0.0018023262668975804,-0.0053711034524894785,35843,517000000,2.34,0,2,3,13.550065626942107,0.9064020367693847,5.014526889328379
15.0,0.0,5.0,15.151276461566187,-0.12289776684218912,4.951337344395502,-0.2705037365638987,0.0012956668486083212,0.005354446275176819,-0.9627031627960263,-0.13713724251310097,0.009395304046088288,-0.005324006761407666,0.004017374158138409,0.0031214466616802383,-0.0073159367730113445,35843,811000000,2.16,0,2,3,13.559616021824237,0.9006738822830425,5.007648795490877
15.0,0.0,5.0,15.211678493331231,-0.16415787343308108,4.947725631555694,-0.2718738019748904,0.001695807216918963,0.0044947129650085,-0.9623209223502122,-0.23840781450634033,0.009842731760781188,-0.012907980434626268,0.003662802464532433,0.0031978737524696044,-0.007554781268481747,35844,88000000,2.04,0,2,3,13.559616021824237,0.9006738822830425,5.007648795490877
15.0,0.0,5.0,15.324116680373844,-0.2388943451920226,4.940274472812206,-0.2735493718460905,0.0022026654707374355,0.003545619672194491,-0.9618489060182859,-0.2748678214590683,0.008309056288051479,-0.015472819584192901,0.0025579681732779136,0.0025176264898618683,-0.005973120050839498,35844,393000000,1.93,0,2,3,13.559616021824237,0.9006738822830425,5.007648795490877
15.0,0.0,5.0,15.391362933060284,-0.2832430221450724,4.935990858608845,-0.27434978534438237,0.0023791543845549947,0.003167309664072367,-0.9616218087457238,-0.24635700030221191,0.006726547506955292,-0.013425287886714005,0.0015555500340269646,0.00021671461638561595,-0.004760473393616849,35844,681000000,1.85,0,2,3,13.461809990369861,0.9651765789172876,4.991595233488832
15.0,0.0,5.0,15.4444493505125,-0.3182524787863865,4.932841499146443,-0.27493768545825764,0.0021763431643580873,0.0030165314928807083,-0.9614548523893565,-0.17961615157616864,0.004839805985244855,-0.008710651788143293,0.0011471063771750778,-0.0018490039224161592,-0.003542641320564144,35844,971000000,1.8,0,2,3,13.461809990369861,0.9651765789172876,4.991595233488832
15.0,0.0,5.0,15.481516185974975,-0.34278260327623344,4.931040378676733,-0.27539283084906174,0.0018164526089067714,0.0029111528403024636,-0.9613256547112429,-0.12025695815116041,0.003329696438906714,-0.004133519703999252,0.0018974069917021552,-0.0021958212983008707,-0.002691658414732956,35845,256000000,1.73,0,2,3,13.412218413074829,0.9981781412898941,4.985743500141891
15.0,0.0,5.0,15.505146214782227,-0.3584789301409155,4.9304609710542415,-0.275738351869339,0.0014513809422006044,0.0027667348196912713,-0.9612276525257575,-0.0720738857072161,0.0021008132961217057,-0.0003010301418633782,0.001251631476861803,-0.001960011741175549,-0.0022058307877159677,35845,554000000,1.64,0,2,3,13.418092490230453,0.995074283782567,4.982727862629164
15.0,0.0,5.0,15.518516419278756,-0.3674496546690861,4.930916455362182,-0.27606576309674685,0.0011259925108668312,0.002653918416990291,-0.9611344251995722,-0.03137217260252564,0.0011807216332275058,0.0028070896945951536,0.0014420130014514143,-0.0015927036315588339,-0.0020697115587609005,35845,849000000,1.56,0,2,3,13.439617080841922,0.9819689123469019,4.979707884553368
15.0,0.0,5.0,15.52227403187694,-0.3701119776362656,4.932115078943873,-0.27636162771993655,0.0008698612941147511,0.002523124663875613,-0.9610500132184832,-0.001446692359856503,0.0005728008253696426,0.00498577953252092,0.0012613390708793304,-0.0012530736626104044,-0.002032793645412312,35846,149000000,1.47,0,2,3,13.439617080841922,0.9819689123469019,4.979707884553368
15.0,0.0,5.0,15.519392810563561,-0.3684293085737963,4.933874016484406,-0.276649643342238,0.000665671640911871,0.0024025373777146705,-0.9609676162774827,0.021909267744442275,7.62907026697318e-05,0.006594475508093537,0.001124525670093135,-0.0009648488230595831,-0.0018715656779022538,35846,537000000,1.39,0,2,3,13.518226959890159,0.9329666520821774,4.973705792725613
15.0,0.0,5.0,15.512052906078663,-0.3637816805303337,4.935886850060253,-0.2768926598994334,0.0005134148671763588,0.0023030094048601935,-0.9608979589148223,0.038816402889790116,-0.00029819281186979955,0.007627837848870392,0.0008638012900519243,-0.0008011215470560273,-0.0018600958014758362,35846,850000000,1.31,0,2,3,13.56601652778247,0.9029686193502374,4.971026595018365
15.0,0.0,5.0,15.501246023559554,-0.3568666571931731,4.938123807236417,-0.27715490790518665,0.0003799227389037393,0.0022124422897739885,-0.9608226255568164,0.051595537507561795,-0.0004753341423959407,0.00823432432724264,0.0011895829629793297,-0.0006910805325333058,-0.001996670971493586,35847,141000000,1.24,0,2,3,13.613544900133919,0.8730572450289601,4.96868919308902
15.0,0.0,5.0,15.487928146136163,-0.3483071102238786,4.940496681066653,-0.27742641570924365,0.00025573451986364907,0.002088677975289455,-0.9607445841069793,0.06060908949424557,-0.0006999407293917647,0.008585210021071158,0.0010996574133059767,-0.0004979566313068062,-0.002029715233220486,35847,531000000,1.17,0,2,3,13.613544900133919,0.8730572450289601,4.96868919308902
15.0,0.0,5.0,15.469493568203056,-0.33632831121127793,4.943468372050486,-0.2777667681346082,0.00014675394280079925,0.0019428133578203318,-0.9606465668806564,0.06783447443699368,-0.001052305850300534,0.008734682015721553,0.0009724646815811866,-0.0003326003252368537,-0.0022269469354796456,35848,28000000,1.11,0,2,3,13.712179858829714,0.810813766622752,4.964554379921105
15.0,0.0,5.0,15.450697243947706,-0.3240359594215191,4.946281240459018,-0.2781164385305281,6.495020305590199e-05,0.0018166526255548692,-0.9605456481468249,0.07199775236634652,-0.0012670589369024542,0.008677215879530891,0.0008897140503449918,-0.0001893851674594771,-0.0021916283685641247,35848,330000000,1.03,0,2,3,13.772176213478838,0.7729039154651293,4.962431712443069
15.0,0.0,5.0,15.427102883436264,-0.3084301082337618,4.950090188277458,-0.27858197809171,7.050609658698073e-06,0.0016177654378537155,-0.9604110912873647,0.035707395234633746,-0.0010423973693569157,0.007345336154080515,0.0008758428066357737,0.00017959194877903428,-0.002064896625597612,35848,625000000,0.98,0,2,3,13.772176213478838,0.7729039154651293,4.962431712443069
