x,y,z,phi,theta,psi,u,v,w,p,q,r
0.999999999991616,-1.6650246310267306e-19,-0.00030594927541650354,-3.141592653589793,5.889557561356655e-10,-3.141592653589793,1.6802735322125825e-10,-3.1616984583817708e-18,0.006097908410027187,6.634068094611146e-16,-1.1650219947086662e-08,-5.399946799853127e-19
1.0003271971806633,2.143097435319084e-07,-0.001241747544382251,-3.141592417028239,0.00021840632752311568,-3.141580029284854,-0.0065153505182768655,4.222363182966378e-06,0.01259468814177011,4.690126426877917e-06,-0.00438527754211948,-0.0002514202171614023
1.0012966063523696,1.0480227653131793e-06,-0.0028184701947495112,-3.1415915076333727,0.0008437219305080353,-3.141533095403704,-0.012828273358683553,1.1734883989829623e-05,0.018925244906251318,1.3003912538614735e-05,-0.008127090141516653,-0.0006853503425550115
1.0028890381540183,2.536513766026739e-06,-0.005018155825634279,-3.141590063349391,0.0018099404992098543,-3.1414432242612995,-0.01893299324806042,1.4754216129903311e-05,0.025085213010259403,1.3602568053738545e-05,-0.011198562676203559,-0.0011101385588970208
1.0050853771794117,4.781189552751628e-06,-0.007821921948235635,-3.141588144125669,0.003052400056555818,-3.1413030161219293,-0.02482732855698353,2.066522748468271e-05,0.03107066756971847,1.802594181641273e-05,-0.013652631568759656,-0.0016912561176631905
1.0078665409757053,8.338548636935513e-06,-0.011210171353120328,-3.141585230975252,0.004511618622329038,-3.1410976511223794,-0.030508382154987742,2.9046026062283197e-05,0.036877614940592385,2.4781612008085512e-05,-0.015538987475597354,-0.0024124032862335204
1.011213322000698,1.3850956341150995e-05,-0.015162759770991598,-3.141580879212247,0.0061338069902955586,-3.1408141082718735,-0.03597394884119893,3.9337049946900436e-05,0.04250229349011317,3.222477985248745e-05,-0.01692073059853611,-0.003253890363789693
1.0151063314996391,2.205804791631492e-05,-0.019659156093947777,-3.1415747279312347,0.007871909267935816,-3.1404410393900606,-0.041222533419393144,5.102267452411802e-05,0.04794131219078167,3.8834548837311943e-05,-0.017868342658080027,-0.004201892214376895
1.0195259763190994,3.38113008288291e-05,-0.02467858461771885,-3.1415664984585976,0.009686088812746603,-3.139968247426503,-0.046253380419689495,6.36239270380999e-05,0.053191788990345545,4.3199838198216026e-05,-0.018454693519290494,-0.005247157580985245
1.0244524691927817,5.008691818137012e-05,-0.030200152151655526,-3.1415559915845095,0.011543775445691774,-3.1393861441667457,-0.05106651214705399,7.67375179895121e-05,0.058251482965754685,4.402257350973921e-05,-0.01875131884692701,-0.006386695556591901
1.0298658682600177,7.19999091979451e-05,-0.03620296047941675,-3.1415430824871615,0.01341938148432098,-3.1386851273450818,-0.055662758623273204,9.003935627433918e-05,0.0631188998662992,4.005874593817464e-05,-0.018825544785052238,-0.007623708824534755
1.0357461408427606,0.000100818922569086,-0.04266620535212718,-3.141527716523079,0.015293767492881458,-3.1378549959356126,-0.0600437727190261,0.00010327347346560918,0.06779335735514591,3.0043496169028745e-05,-0.01873837422332476,-0.00896689739631045
1.042073244658784,0.00013798217438094003,-0.04956926249925647,-3.1415099069403607,0.017153526634113174,-3.136884450055724,-0.06421202369460947,0.00011623362431341608,0.07227501454925567,1.262112361039713e-05,-0.018542976818559057,-0.010429462100008913
1.0488272209731062,0.00018511247672376658,-0.05689176277652792,-3.141489751066903,0.01899019724578758,-3.1357607961109077,-0.06817079481808144,0.00012870032982425182,0.07656488775685899,-1.3999976827830672e-05,-0.018284748502780345,-0.012026008652221415
1.0559882896925465,0.00024403901540496795,-0.06461365384648741,-3.141467413016689,0.02079931485934124,-3.1344694915200093,-0.0719240683428898,0.00014056807954440352,0.08066473855365616,-5.1182494211733534e-05,-0.017998067964836148,-0.013778785345652389
1.063536941546694,0.0003168206821344002,-0.0727152520993373,-3.1414431167423906,0.02257945041318847,-3.1329938593660356,-0.07547652238018329,0.00015165266034704167,0.08457706410969344,-0.00010093794577854653,-0.017709214928985622,-0.015708146387256816
1.07145402571207,0.0004057694751463798,-0.0811772873201756,-3.1414171671463853,0.024331408477116498,-3.1313149400096414,-0.07883346555568198,0.00016181954990283342,0.0883050165392696,-0.00016543027708117278,-0.017436649186904674,-0.017839250111793277
1.0797208288625848,0.0005134817858856013,-0.0899809408875826,-3.14138995160533,0.026057462641667434,-3.129411178142181,-0.08200073317858969,0.00017092164098214126,0.09185229167830951,-0.0002471817284666222,-0.017191444379242988,-0.02019869662957609
1.088319427479283,0.0006429409057207801,-0.09910760786858024,-3.1413708028680847,0.027766519880949178,-3.12655028759441,-0.08499024689950646,0.00013414019800753792,0.09521834263900804,-0.0009129860324500086,-0.017096780684295543,-0.0368350260170556
1.0972721320132135,0.0008097532019789877,-0.108543413317067,-3.141393204102792,0.03058689782438481,-3.1208137625110774,-0.08852685362656817,7.947612992084123e-05,0.09860665385224253,-0.0028848825479353027,-0.0391107510565376,-0.0772411161032312
1.1066164002637573,0.0010460301836064223,-0.11827069353609006,-3.1414661416040364,0.035408691615142214,-3.1112552320545657,-0.09190487237070118,-6.180613422488629e-05,0.1019688081191623,-0.004890777515600654,-0.05684070736383933,-0.11303552674957384
1.1164034502374434,0.0013943884242833885,-0.12826468369247043,-3.141436822595987,0.04337488841622022,-3.0963896720828257,-0.09599924676410368,-0.0002692585145834946,0.10542610928491632,-0.006222379937655993,-0.10102883106975913,-0.18186510984405396
1.126741659502769,0.0019277188975826438,-0.13849139149650408,-3.1410006441698712,0.05637976066037794,-3.0735408520251397,-0.10067561656694422,-0.0006203560015441604,0.10913126204807203,-0.007778616881005659,-0.15638893178942068,-0.2703840680873886
1.1377181606442965,0.0027404501980954677,-0.1489073234507425,-3.139896904198274,0.07412199236049855,-3.0425249029268127,-0.1054520932991811,-0.0011962317978143565,0.11306764288761215,-0.010467802996210045,-0.1958175625753058,-0.34376422562957865
1.149381861332544,0.003931456316362925,-0.15946507375827282,-3.1379592475840776,0.09500760061162992,-3.004728260667102,-0.11035296402373061,-0.001963324363688303,0.11712640580986243,-0.014420969847633107,-0.22056736453437734,-0.4039846207216062
1.1623547601178696,0.006043914268960274,-0.17002395983574833,-3.1326264078342922,0.13899102586147283,-2.935118337908801,-0.12739542461699352,0.0012392550357643254,0.12320741638137345,-0.03987338905195353,-0.6280762776474562,-0.9081921295388142
1.1773311974550216,0.01015169851357383,-0.18030049094881603,-3.120680445054551,0.2071010720602183,-2.8333148041174034,-0.14356025011003876,0.005519704612790109,0.13287904129550782,-0.07012388488839486,-0.7411353694416274,-1.0506845948810666
1.1927430426136345,0.016238110670992144,-0.1902730125812417,-3.079255819335749,0.31991685182551494,-2.6522180529460857,-0.12848662058642787,9.599905437858409e-05,0.14526120192904346,-0.04246919580318828,-1.475996905573007,-2.055903153602995
1.2142810897562584,0.02846685469747889,-0.1964037707375305,-3.017782963611703,0.48412991348800205,-2.4873301399480674,-0.2797232753789545,-0.006313923453499254,0.16966219648945932,0.021913416665451105,-1.9242172359242862,-0.9453727638868556
1.2455915773842876,0.05083173668218984,-0.1929158304655513,-2.9399227718385053,0.6588052899244464,-2.362498227910242,-0.3997947115285262,-0.011921976793347847,0.199968251591926,0.19005965081294915,-1.872835894362683,-0.617482111352606
1.2814857209758328,0.08090879576090569,-0.17782294402997018,-2.821144117233162,0.8204123806673589,-2.2306360162603007,-0.48578049123561157,-0.017462747075539818,0.22818062921104396,0.39840154459956567,-1.7777162974354923,-0.45795406020235846
1.317613667228994,0.11539774541137325,-0.15091340050129193,-2.640975874451173,0.9626347658169454,-2.063788245686214,-0.5424123134134214,-0.02361291883311287,0.25001947959269166,0.5894789911503387,-1.6875879969588738,-0.34925131549993976
1.3506549829567043,0.15107062369231686,-0.11317031418969825,-2.3775978533862046,1.0776997602267882,-1.8338174127648532,-0.5754473849852937,-0.03055495230967235,0.26340619933930637,0.7353672645924074,-1.6032102021505261,-0.25084853210467956
1.3781792882838046,0.1851507634248924,-0.0663597936909797,-2.0169852377561543,1.153908257274316,-1.5210659180365724,-0.590279965616724,-0.03803529661214176,0.2675945048632186,0.8351306020467109,-1.5215350679535724,-0.14531392817536495
1.3985212524260486,0.21543462750807987,-0.01273601686695196,-1.587963290233829,1.1802679583661422,-1.1498502799919537,-0.591531309589089,-0.04560997011401009,0.26268953949951035,0.8972155003056222,-1.4405448824043794,-0.023380268644609247
1.410697313521004,0.24028793868697496,0.04518445145034696,-1.1701058804845184,1.1584091360222297,-0.7960047281323311,-0.5829627863140189,-0.05277639823899451,0.24931678040803612,0.9288277926265401,-1.3594300935298802,0.11986424639996163
1.4143375293927245,0.25861198005046426,0.1047965564017196,-0.8194265068856681,1.1028919637408676,-0.5119472917695781,-0.5675309746610839,-0.05917862811831935,0.2284935165753684,0.932065591001121,-1.2773409229472397,0.2646280270602506
1.4096029954228757,0.2698804399632704,0.1635364459940232,-0.5407959947913746,1.0276376386153487,-0.2990937064147354,-0.5474907766961737,-0.06481314566303097,0.20148082551170807,0.9066266741013572,-1.19371758142675,0.3856129343989029
1.3970964824573953,0.2741805582092505,0.2190215682772797,-0.32112255585421484,0.9413349405229489,-0.14148693290431094,-0.5245303915226158,-0.06985469490302325,0.16951480324411858,0.8550090063056178,-1.1098817215276413,0.47166932776460324
1.3777658170103622,0.27215281928556184,0.26921481551125004,-0.1475988394949972,0.8494050632302101,-0.024171864421983776,-0.49990598817731235,-0.07447833852553506,0.13376741845162482,0.7808456167387829,-1.027477817658607,0.5240972672303404
1.3527917935957352,0.2648354469458222,0.3125575962899472,-0.010617144017264192,0.7556447900210249,0.06410710096163062,-0.47453175637177386,-0.07877679930156127,0.09529041839176748,0.6877733286347084,-0.9479001302082095,0.549284254673853
1.3234661365787717,0.25347079775718423,0.3480250486395282,0.09661335471278612,0.662824665516992,0.1315228300093902,-0.4490466113009307,-0.08276803402480087,0.05496840652346902,0.5788662297333661,-0.8720529916392059,0.5536652967713774
1.2910798664236711,0.2393265179073523,0.3750985594339076,0.17869453585497166,0.5729512517572914,0.18393138124339442,-0.42386947836076555,-0.08643721763015524,0.013490230666298767,0.4564934384109912,-0.8002767018145982,0.5420942825359963
1.2568396031185984,0.22355792947624853,0.39367987994952086,0.23859899883577548,0.4874767503090265,0.2255000155157568,-0.39924786430134745,-0.08977862505608483,-0.028610994876923142,0.3222768076421358,-0.7323705957613054,0.5179305587563288
1.2218306379926205,0.20711169765502163,0.4040007446058035,0.2781023183331776,0.4074704613660876,0.25919548351587024,-0.3753010170405273,-0.09282838626098251,-0.07043126454247736,0.17680603479981102,-0.6679208811829184,0.4835490757000915
1.187017331297989,0.1906576714561312,0.40655756738394955,0.29802420991651274,0.3337143322900374,0.2871304098434241,-0.3520589899925177,-0.09568872750789101,-0.11091282620608046,0.018647878816693556,-0.6066672623608861,0.4407749685191135
1.1532392399872864,0.1745536487503542,0.40202011398421195,0.29836895967792304,0.26676249558190557,0.3108010545481481,-0.3294941035896729,-0.09847815423018533,-0.14923408799054982,-0.15042629683503453,-0.5483014224602817,0.3911639074768294
1.1212137281966645,0.15887015039616037,0.39115995456632513,0.28048687521259236,0.2069707695511062,0.3312040006926887,-0.3075438503503548,-0.1009974377311504,-0.18464431700177963,-0.29516182467296426,-0.4924099170968411,0.33628804437109966
1.091525933192487,0.14350007209285479,0.3748219443847502,0.24903945171477462,0.15445298055276957,0.34879323089879016,-0.2861281567541123,-0.10302287378046893,-0.21626861059327784,-0.3875598819216149,-0.43869521410323525,0.2778507774336598
1.0646065206064463,0.12828417616783705,0.35390749022440415,0.2098939822467821,0.10904861426495939,0.36352164969016426,-0.26516300919453656,-0.1044764702479744,-0.24329340390761328,-0.4265246235452906,-0.38710569687652685,0.21747997408773473
1.0407137622587854,0.11310321345543613,0.3293455990737769,0.16815969986270016,0.07035465698287849,0.37502515758151583,-0.2445706015286714,-0.10534369051377239,-0.26516054791604016,-0.4240353490830486,-0.33777745990853697,0.1565422240404945
1.019933737315303,0.09792195672733135,0.3020509422021981,0.12761864439254703,0.037799082228225006,0.3828156915285835,-0.22428684421311354,-0.10560490158360301,-0.2816162227695889,-0.3927614010591017,-0.29093679465760286,0.0960043676701477
1.0021998670318637,0.08279737238733796,0.2728819829359043,0.09092834208449446,0.01072449737766414,0.3864019651238568,-0.2042663981580385,-0.10522073597153968,-0.2926642354796329,-0.341896891669915,-0.2468342915066864,0.03628786305544029
0.9873250123731153,0.06786776219084635,0.24260991407150484,0.05996875520943353,-0.011538805353763044,0.38532792640344854,-0.18448635655047607,-0.10414096092412821,-0.29849548300139694,-0.2773701284777745,-0.20572559074011654,-0.022818395398858948
0.9750387192480438,0.05333371792103403,0.21190208013434025,0.03610098181375274,-0.02962492726425032,0.3792598679377404,-0.1649503183660965,-0.10231081971477841,-0.2994276015580798,-0.20304332599698918,-0.1678992126282791,-0.0793141801055153
0.9650271888953617,0.039434756432838954,0.18131873961721834,0.020303163575882882,-0.044104447204470064,0.3683387704261798,-0.14569293052002097,-0.09966579010177883,-0.29586260429740274,-0.12166653596662759,-0.13372727400037857,-0.1286512242004103
0.9569712222315137,0.02642576778577337,0.15132028248225057,0.01323593113330348,-0.05544982550503249,0.35318222296875895,-0.12678209595390852,-0.09614240822523501,-0.28825974890341105,-0.03536021837091683,-0.10366314343874579,-0.1681372493618063
0.9505742377671188,0.01455731051968559,0.12228099560849041,0.015297783609450189,-0.0640355891755138,0.33466804779851583,-0.10831471934531864,-0.09169982379815152,-0.2771168268983826,0.05369224582837983,-0.07812669607086996,-0.19707006661664023
0.9455816627555681,0.004051918777252623,0.09450549364954042,0.02628786358002325,-0.07016719221864273,0.31374913407047067,-0.09040632727276184,-0.08642252716637644,-0.2629847791173107,0.13500825101663408,-0.05733881492788805,-0.2161363928328375
0.9417973504236092,-0.004940164841204915,0.06824419202661103,0.04464290415838544,-0.07412591216010339,0.29133180826000293,-0.07318012443041669,-0.08049445568773313,-0.24649976459804476,0.19542465372126402,-0.04120221067991624,-0.22675247816255253
0.9390864996124512,-0.012372434180319195,0.04370326782552648,0.06784106341057144,-0.07620999645230354,0.2682068822023334,-0.05675870953652516,-0.0740829523335563,-0.22830954688584248,0.22945035226316285,-0.02930008029307474,-0.23054157221677454
0.9373632170704392,-0.018300236926704662,0.021047489588982574,0.0931730521593863,-0.07674720318082845,0.2450178103251747,-0.041258170026693165,-0.06731861591818665,-0.20899514292988322,0.2381913283409757,-0.02098679193536044,-0.22902896755052526
0.936571808406076,-0.022857032347429355,0.00039940741198291453,0.11824180117188063,-0.07608082519323005,0.22225676965849928,-0.02678359189197127,-0.06030772584748965,-0.18903774158469078,0.22589926002698268,-0.015502820666803065,-0.22351972536807227
0.9366693148917965,-0.026224021113561903,-0.01816101632531499,0.1411324749930292,-0.07454449359511779,0.20027932783087365,-0.01342558089817388,-0.05314904144916368,-0.1688208629509371,0.19725204756800105,-0.012075518602170895,-0.2150806761282404
0.9376126888025164,-0.028602706186075504,-0.034594569643729346,0.1603807580626429,-0.07243918191166547,0.1793283237064867,-0.0012575566714519738,-0.04594313037395122,-0.1486471770824543,0.15609924343259848,-0.009992145838821187,-0.2045663475742427
0.9393508890808271,-0.03019379487352372,-0.048898928312295,0.17486820878538065,-0.07001851984311222,0.1595594944975614,0.009660058269328118,-0.038794600210657164,-0.128756873900761,0.10519598600582751,-0.008640517320723426,-0.19265575756947956
0.9418193890782613,-0.031182692544087474,-0.06110375048589574,0.18371501438401464,-0.06748147770150516,0.14106457064418781,0.019257715118174316,-0.03181082864520975,-0.10934202617347649,0.0463576516713281,-0.007509198068497671,-0.1798863043800544
0.9449380160000972,-0.031730023952758694,-0.07126540821971102,0.1861949126396106,-0.06497189325591611,0.12388971478813995,0.02748930100756842,-0.025099267844739204,-0.09055695950572754,-0.01925324551015072,-0.006221034797586353,-0.16667875428638615
0.94861348835123,-0.03196436477274002,-0.07946155681337413,0.18179300121961695,-0.06258484183667483,0.10804877726894939,0.0343438172691386,-0.018730203468622093,-0.07252330549582714,-0.08736156427386138,-0.004545762031193388,-0.15335447867900798
0.9527427029011043,-0.031971455740103245,-0.08578512590069476,0.17075263421243622,-0.06037093399431683,0.09353278921692885,0.03984173112424083,-0.012707341361693597,-0.05532824575601758,-0.1481792599800075,-0.002386340261841372,-0.1401553794525638
0.9572172618271748,-0.031789980167528875,-0.09033997770999051,0.15422476815321398,-0.05833676634943526,0.08031646917379248,0.04403063885197313,-0.007037831170576879,-0.039038095316573346,-0.19417595151481787,0.0002519697663249258,-0.12726154408203139
0.9619289814045238,-0.03142068799747807,-0.09323944682542509,0.13389258965782358,-0.05645054003190694,0.06836180490694109,0.046980608325533454,-0.0017530898665225369,-0.023716097809648062,-0.22226580480876038,0.0032953421418458946,-0.11480286045585598
0.9667747595385814,-0.030842145704666753,-0.09460597499599231,0.1115467928331995,-0.05465442434136351,0.05761999717105278,0.04877957958703438,0.0030972571846827586,-0.00942997762935102,-0.23310937842165166,0.006621865480576097,-0.10286789302665365
0.9716599927500386,-0.030026649178804314,-0.09457019443798867,0.08879401871643126,-0.0528794108475357,0.048033377839174066,0.04952859050220361,0.007457565768207017,0.0037496111403829053,-0.2294155011755179,0.01008927375139467,-0.09151239387911005
0.9765005140111259,-0.028952316260767916,-0.09326984039986021,0.0669299305880426,-0.05105812993194698,0.039538005080109344,0.0493373720217713,0.011282307120098563,0.015727019475504984,-0.21448645875693223,0.013551579195210923,-0.08076823736334056
0.9812234989401464,-0.027609801103938268,-0.09085123183847407,0.04692544463978222,-0.0491344665237377,0.03206653812025718,0.048320499703254235,0.014545647706055903,0.0263792257333158,-0.19141967476534807,0.01686363603758671,-0.07065240751163943
0.9857674200883176,-0.026005338972051182,-0.08746681020326738,0.029464573590118618,-0.04706969086798108,0.02555086013546556,0.04659397407507948,0.017241932697925642,0.035618369934752585,-0.16283147159938832,0.019889356104649772,-0.06117419433238061
0.9900814075427893,-0.02416083652039764,-0.08327015737144296,0.014994446036399761,-0.044844923402681536,0.01992408360357113,0.044272306463190324,0.01938319501271441,0.043398146837834516,-0.13085225708972614,0.022512646159921438,-0.052339853921449735
0.9941243981397031,-0.022111734933966582,-0.07841181141534094,0.003769773315223915,-0.04246066815089816,0.015121709106206605,0.04146618136017893,0.02099554668992308,0.0497117210136607,-0.09722044194415869,0.024645395583259823,-0.04415488429224184
0.9978642346929573,-0.01990357892656515,-0.07303610319485532,-0.0041133820498072664,-0.039934367573451125,0.0110819317028385,0.038280658982284395,0.02211543624302672,0.054587868419449244,-0.06339211669663293,0.02623186578089734,-0.03662443471246132
1.001276805149766,-0.017588018658321384,-0.06727895959224733,-0.008694421724685118,-0.03729681705610354,0.007745272355327038,0.034813883986970516,0.022786188643660284,0.05808602120725659,-0.030638445429787862,0.027249269005552808,-0.029752420762413686
1.0043452627840068,-0.015218776657484898,-0.061266516809132796,-0.010134028818594862,-0.0345881013492671,0.005053806313837783,0.031156217443876942,0.02305496538601979,0.06029078131314144,-0.0001261492506077096,0.027705243112434604,-0.023540028901104945
1.0070593349999926,-0.01284800654440792,-0.055114344672048295,-0.008714034823167611,-0.031853531029399654,0.0029502662178877894,0.027389720084090432,0.022967669050396704,0.061306478368377326,0.026749588322918672,0.027633065253059436,-0.017984125808046883
1.0094147085976168,-0.010523567812992789,-0.04892708852086742,-0.004901415999538957,-0.02913994055029425,0.0013771884339846122,0.023587920050615777,0.022562156707912673,0.06125314905838081,0.04779519262182854,0.027085616720289835,-0.013075725961205403
1.0114124670962978,-0.008286182729350028,-0.04279837532262569,0.0006408088287977459,-0.02649247824846674,0.0002762162442835912,0.019815792286644207,0.02187991375435071,0.06026151415336101,0.061500723743203874,0.026128979772083737,-0.008799637164926542
1.0130585626360973,-0.006166935425560613,-0.0368108223297179,0.007153284782213458,-0.023951814771120315,-0.00041208466621928797,0.016129897725323986,0.020966746659306226,0.05846594571143733,0.06744204531451722,0.024836276402627644,-0.005135150563990517
1.0143633016790445,-0.0041865050394264075,-0.031036067069400645,0.013880324368499172,-0.0215519946273541,-0.0007477544061908444,0.012578638600972681,0.019868790185885683,0.055998305151572954,0.06608132995571961,0.023282406876389904,-0.0020567679271943098
1.0153408267954869,-0.0023560045146252128,-0.025534854554240337,0.02014363799985551,-0.019319139602543674,-0.000790448253563774,0.009202596211857258,0.018628856565461413,0.05298354121447529,0.058466001371611884,0.02154008092767037,0.0004652372367629048
1.0160085902516962,-0.000678878371562263,-0.020357251233063294,0.02538626374135436,-0.017271017574550688,-0.0005982558642972432,0.006034926962599932,0.017284101997250088,0.049537098243446244,0.045948170519551156,0.019677161870490952,0.0024617952521757565
1.0163868236267453,0.0008467444569674874,-0.015543027431314421,0.02919212369148449,-0.015417334144034822,-0.00022683967867100102,0.003101799791544848,0.015865191254324316,0.045763784745405295,0.029980908599505307,0.01775510639629728,0.003963907884782861
1.0164980103687975,0.002225734009487241,-0.011122202892913803,0.031289442392140036,-0.01376056138811408,0.0002717867246747202,0.00042286347124830345,0.014396645597646402,0.041757626594114874,0.011996262305298662,0.01582819436116758,0.00501002785510499
1.0163663725236747,0.003464000075675718,-0.00711571543730445,0.031545400614850116,-0.012297099753807404,0.0008505446165158436,-0.00198802874412681,0.012897969060139639,0.03760228931576631,-0.006648256099696226,0.013943059043832369,0.005644827091804705
1.0160174531661963,0.00456713899067232,-0.003536157793971725,0.029967332880692824,-0.011018629395497333,0.0014681146625161357,-0.004121173600629181,0.01138762763967032,0.03337167427708284,-0.024412180122782876,0.012137836841267242,0.0059169764831050325
1.0154777193096443,0.005539828658287864,-0.0003885354392796825,0.026730895035567883,-0.009913444052690379,0.002089357903915915,-0.00597193042413579,0.009884374382418676,0.02913047191110989,-0.03958041891784902,0.010443474253515161,0.005877322793355357
1.0147740518348183,0.006385365865946369,0.0023289586882806143,0.022163749552199786,-0.00896757088275175,0.002685399650836789,-0.007540874391001678,0.008403155191763967,0.024935367687623042,-0.05087861121366859,0.008884214008098048,0.0055774226019075146
1.0139332570282105,0.007105544496471129,0.004624168930542525,0.016692188568620443,-0.008165696690541928,0.003233403627851839,-0.008833155502636648,0.00695531424244334,0.020836339537542714,-0.057614385003205974,0.007477512338156831,0.005068242878111003
1.012981626684747,0.007701018749466028,0.0065102083339789426,0.01078308553900091,-0.0074918856796482615,0.0037161303151276603,-0.0098578632174469,0.005549715419778238,0.01687753377915502,-0.059656610966500906,0.006234108819847379,0.00439900536678647
1.0119445496878583,0.008171991869890816,0.00800469380725619,0.004892662489213236,-0.006930110164022289,0.004121383201005477,-0.010627408168103087,0.0041940206207041674,0.013097756286689825,-0.0573284215726098,0.00515829718468405,0.003616202346409225
1.0108461776642454,0.008519030406937338,0.009128984579792134,-0.0005719892310008393,-0.006464639920151096,0.004441424254908676,-0.011156927961597148,0.002895715327060854,0.009530584075878886,-0.05126727374412171,0.0042484434921193715,0.0027628013921971195
1.0097091466531536,0.008743821599750637,0.009907429757823237,-0.0052775391184222585,-0.006080337038058417,0.004672408812509906,-0.011463723297080158,0.0016626595358790843,0.006204271655958519,-0.04229280465435888,0.0034977440574787324,0.0018776384604407058
1.008554355640521,0.00884974324881297,0.010366642509266433,-0.008977169413351915,-0.005762891281347659,0.004813861064882042,-0.0115667292437337,0.0005031453855942584,0.003141611727850825,-0.0313029881214299,0.002895177815424253,0.000994982563296146
1.010124831621272,0.008009602726572074,0.009588391594848962,-0.026293609978058477,-0.005247906280841696,-0.008455870098618286,0.04268214367276377,-0.016687927777258235,-0.019171544161948304,-0.3041780567553753,0.012031487490130124,-0.25847949540102444
1.0189466171091937,0.004670301086942452,0.00597749204339846,-0.07591229173306929,-0.0034680221348466623,-0.050021877202039974,0.1347546891393923,-0.04020411991236415,-0.05694465600351427,-0.651930913418074,0.062450918608573346,-0.5449350856548815
1.0375986240350679,-0.0029778036245112056,-0.0014810324914967831,-0.1561685150521177,6.423858172169573e-05,-0.11432585238375446,0.24847710613560448,-0.061772365582064906,-0.10578608899913394,-0.9066084010967735,0.1454184857040975,-0.7010631231534367
1.0666663305134254,-0.017118186114888388,-0.0131530961313711,-0.2560591341123702,0.004504137747028627,-0.1874750324592195,0.36830726398144026,-0.07659409154297232,-0.15983624050042536,-1.0490143554656401,0.22083547047331736,-0.7063866652142962
1.1052112029279004,-0.039817898381504985,-0.028741317625553972,-0.3657730747805401,0.008154522054707467,-0.25965566270555696,0.48490297491856343,-0.08602096360874,-0.21357435233318103,-1.1104028903730325,0.26458997810465423,-0.6475620552458048
1.1514032394889842,-0.07263806172135512,-0.04739731269319352,-0.47840108980006557,0.009545266686051754,-0.3256904641829086,0.5912122184205068,-0.09282047654111178,-0.2647011386467592,-1.116237521994897,0.27320819802699503,-0.5515726453450547
1.2031569513978342,-0.11637653078832326,-0.0680329998855276,-0.5889766997785603,0.00883579406800091,-0.3824030654496974,0.6856419849414597,-0.09829300088149097,-0.3136306888268237,-1.0803423675017305,0.2609078884156049,-0.4380736284508149
1.2586155694772851,-0.171077700859859,-0.08960084515857192,-0.6934392626850969,0.007217612926329648,-0.42727725713287684,0.7673351642244499,-0.10390404901003697,-0.36120522315592507,-1.0060072348981135,0.21851781587849298,-0.30553344623952117
1.3163026652171623,-0.2361138378948592,-0.11119951187640277,-0.78686868302302,0.0057345118447841735,-0.45573764285996504,0.8340932599153533,-0.11290847596057271,-0.4090845852564303,-0.8741132566348706,0.11202362546991275,-0.13749850405161124
1.375411798630214,-0.3101473657687624,-0.1322209683913195,-0.8626701268490891,0.003852213871188341,-0.4542254885311524,0.8824309730995422,-0.12944722720861862,-0.4637249071751731,-0.6670126229028743,-0.19452756219625303,0.13140289394167054
1.436684634592946,-0.3903009197677763,-0.15289598185722886,-0.9064502643712721,-0.006582075137917973,-0.35889435869803465,0.8868571482413037,-0.16200827653511665,-0.5570598040490053,-0.24293568857396855,-1.3030796940064804,0.8444345001649303
1.5058250541387534,-0.4706963421795142,-0.17434687037434618,-0.9203488389564524,-0.02525473036296873,-0.18259235934281792,0.8726691987958771,-0.19286537654634325,-0.6520304768164216,0.010848753770168279,-1.663936440579606,0.9929261093278311
1.5875431707793313,-0.5454986805878124,-0.19676006107321825,-0.9161054663216521,-0.04782870087659023,0.01918011605309281,0.8638388503685852,-0.2229153652557941,-0.7351255596274388,0.2117312462367747,-1.8091911608822888,1.0852806992899406
1.683724770379179,-0.6090490408162498,-0.22009836643199887,-0.8998573461101647,-0.07564026241939747,0.23332390215394208,0.8555446970634106,-0.25010032220548695,-0.8011511908347488,0.3613615699740143,-1.9030749409218517,1.1085611640634747
1.7922813476624577,-0.65700056155554,-0.24330241641943287,-0.8732918923650304,-0.13283340524234472,0.4351738082917688,0.8243040704242736,-0.28078097956688763,-0.8560835443940388,0.5501238384969092,-1.9413353945796468,0.6234404090689053
1.908647996827866,-0.6888884420050115,-0.26336677129661645,-0.8439126220658457,-0.2402200828538954,0.6031342903845001,0.7762175567832906,-0.30764788624403444,-0.8975867569909151,0.6226441930873398,-1.9672614846068703,-0.049526934615668844
2.028678100727703,-0.7075425050814516,-0.27615307747450457,-0.8231502394301606,-0.40589416569326436,0.7258993168565225,0.7167364642109211,-0.32717343433728463,-0.9284597265608079,0.5479142571027186,-1.9890821344503211,-0.7720387579567806
2.1491890078477223,-0.7181503543578076,-0.2776908516266676,-0.8220649357796928,-0.6152003982901817,0.8155687810199412,0.6514129779903877,-0.341733205982341,-0.9524785707408887,0.3448473301982846,-2.0072203357504845,-1.1555357837965607
2.2679020527853884,-0.7258896392550139,-0.2654773507063004,-0.8635565397388995,-0.840917967939629,0.906883900611854,0.5864183371572229,-0.35689048551582275,-0.9727461915020319,0.04047004668258892,-2.0146307329709905,-1.2721616441815427
2.382826564725455,-0.735701967760401,-0.23819493640053793,-0.996963712213481,-1.0654072002730592,1.052163825997123,0.5231413756846248,-0.37691033643356353,-0.9918535468683568,-0.3286336109087622,-2.0130963677979907,-1.2984294118627555
2.4917001066041444,-0.7528077407125461,-0.19568812135435237,-1.3657793540692904,-1.2645963228448573,1.3974697402901277,0.4626247260360476,-0.4019696472047903,-1.011646324643834,-0.6460408004927432,-1.9928050095373946,-1.2969910316098494
2.591832178428205,-0.781762054481803,-0.13957344846244574,-2.2946222532624687,-1.346609158007664,2.277653565931067,0.4056934003852889,-0.43038703547907947,-1.0302991772101708,-0.8439906284111567,-1.9505219966868486,-1.2887412002446927
2.6805411405841784,-0.8255560729427742,-0.0733405219601663,-3.080133680868612,-1.2227124725089944,2.9988289946387003,0.35287043015298264,-0.46080974884640685,-1.045902916715292,-0.9558459923698981,-1.8848995786026088,-1.2824895563627376
2.7558413484961326,-0.8855618755576767,-0.001824063402358549,2.876427204984373,-1.0247565015926274,-3.032773162727731,0.30451551539081956,-0.4921326483016594,-1.0576084805628263,-1.0197749619137724,-1.7994743683005796,-1.28275634439123
2.816902061905752,-0.9617302008001589,0.06949633656469655,2.6947513962618594,-0.8155294188610166,-2.934646898747469,0.2608262173879034,-0.5233143639930137,-1.0653573996976184,-1.0557211728993172,-1.6985554824533327,-1.2917897363821287
2.8642396349320194,-1.0528029143063298,0.1351741578332559,2.5608674080401856,-0.6083229958549065,-2.8918736224582546,0.221887022402122,-0.5534660727790203,-1.0696356681025792,-1.0753347859378646,-1.585137814920136,-1.3096723791103602
2.8996735766340436,-1.156565916884654,0.19038778297546458,2.4451733201669232,-0.40685082367649134,-2.87449525223457,0.1877232925872575,-0.5818914838445286,-1.0710838857038472,-1.084503905530418,-1.4624065395199197,-1.334701472151917
2.9260934413086956,-1.2701217088776915,0.2313979914841472,2.336465488843091,-0.2122569192420968,-2.8712460436179783,0.1582173851795111,-0.6080102751038243,-1.0702308062858321,-1.0845130219672923,-1.3338697323668929,-1.3630741647354634
2.9471109257383756,-1.3901559120775646,0.2558569972528748,2.2298798218147753,-0.024742619698434654,-2.877412830177016,0.13300465843998088,-0.6312546661514993,-1.0672959325778137,-1.0746559595993388,-1.2025967531659698,-1.3919893655422433
2.96662674917065,-1.513203895363737,0.26297300963752945,2.1229949036015707,0.15565543518721214,-2.8911999718560897,0.11209768479878375,-0.6508107020777417,-1.0622175406166434,-1.054897718063442,-1.0701272025681958,-1.415295020427508
2.98837192926678,-1.6359274671760886,0.2534906259091045,2.0142601140924574,0.32886859609778146,-2.9124173814414904,0.09537389318957878,-0.6660045317559611,-1.0547135114181427,-1.0243521607237234,-0.938866567445787,-1.4307995910379743
3.015531412189893,-1.7553648553279415,0.22948657848085707,1.9022118833311785,0.49489141133301495,-2.942046015647422,0.08245127294584184,-0.6764207078092117,-1.0443378844093119,-0.9820298881131532,-0.8114322976117435,-1.438721679210836
3.050473671835967,-1.8691224314464405,0.1940479403332411,1.784756330273199,0.653734393451831,-2.9823910511922915,0.07275467455326662,-0.6818836235819474,-1.0305813159867456,-0.9276029975431886,-0.6898051288259014,-1.4397430023790836
3.09459906759848,-1.9754941755834892,0.1508830917791174,1.6580655025550606,0.8052194589716315,-3.0378091029670293,0.06555458030492049,-0.6824516513311053,-1.012995249873726,-0.8624278999657208,-0.575276550406386,-1.4340419810987077
3.148313202714603,-2.073498996342938,0.10390670021084353,1.5144938757608832,0.9485949094921722,-3.116468774051288,0.06005116374524495,-0.6784215921819162,-0.9913225141738728,-0.7900797222606276,-0.4690941486506784,-1.420677586494181
3.2111092641592016,-2.162833384189383,0.05684403142338536,1.3383771561290023,1.081852948603586,3.048761789064423,0.055539910266071975,-0.6702540390953844,-0.9655476056738928,-0.7136305538749232,-0.37356195889572913,-1.3986851189380005
3.281724688677415,-2.2437567679453063,0.012911014341860785,1.0972588401380314,1.200159661765557,2.858681050927888,0.05144173090260403,-0.658448474126939,-0.9358017787104642,-0.6333673132880036,-0.29163772286726414,-1.3683478986684867
3.3583380479521794,-2.3169445477881405,-0.02539705720993595,0.7307369546694098,1.2917430879051026,2.5355406699158114,0.047284267036050806,-0.6434980924519323,-0.9022150191620179,-0.5473000001850342,-0.22667125033102883,-1.3298404790155767
3.4387759020889126,-2.3833410894524083,-0.05641969367494531,0.20036154051544297,1.3328992807369637,2.0400446483476906,0.04271170102230458,-0.625836398247888,-0.864820114595204,-0.4509266912933885,-0.18174619255681138,-1.2833570483388852
3.5207083806146375,-2.4440320495022214,-0.07936619065260594,-0.3273006616588161,1.3069676212332206,1.537441099903232,0.0374877207950066,-0.6057980581879714,-0.8234862951784789,-0.3375229744913344,-0.15952450928095988,-1.2287648505183753
3.601818848404364,-2.5001419760078303,-0.09429035533245769,-0.6692949869964923,1.234985869457455,1.2085910105678777,0.03149405409804635,-0.5835848622777605,-0.7778220449003475,-0.1955982287657652,-0.16054275327270395,-1.1658433789839877
3.6799229404941447,-2.552759770594473,-0.10201562394320644,-0.8534018499311512,1.1447018446055728,1.0222846913404775,0.024688321186932715,-0.5591914361602558,-0.7270260745155499,-0.006705422370381858,-0.18305572458261746,-1.0940165880033967
3.753015500857454,-2.60288091206192,-0.10403246989731176,-0.9383615741110817,1.050269805064168,0.9142269195803558,0.01705160191791354,-0.5324728616496113,-0.6697603152963282,0.24535115990031786,-0.22235664461228175,-1.0125651414317267
3.8193997178819834,-2.6512938801559778,-0.10229650848830658,-0.9569750020589493,0.9579890155395593,0.8477893502141336,0.008551044979676072,-0.5041802415368477,-0.6061771579164583,0.5011025354075408,-0.2710297663967731,-0.9209508875865778
3.8780785953172168,-2.698378993983659,-0.09875659156872077,-0.9308884405086987,0.8708468612137679,0.8045142241804686,-0.0008456376141216578,-0.4755261212358593,-0.5395015228408626,0.6961042245821826,-0.3206995753356846,-0.8192260443690731
3.9288785096858523,-2.744083372076936,-0.09490729445855726,-0.8763308050945892,0.7903212645960438,0.7752015246016573,-0.011105733540798244,-0.4471985018242991,-0.47351946274228984,0.8185807896574068,-0.3640558435494892,-0.7086964045159636
3.972202917093306,-2.788097843087558,-0.0916659582109729,-0.804476202233726,0.7171157536972,0.7552166479651804,-0.022055846197532463,-0.4192973086272814,-0.41070374110729463,0.8858763388570259,-0.39612067633838083,-0.59269791643798
4.008730828506171,-2.8300450670979145,-0.08947148415919212,-0.7225202054791173,0.6513920437319075,0.7420385897364676,-0.03337887560392165,-0.3916559426590618,-0.3522038503166536,0.9161037153628333,-0.4144002455409468,-0.47734954399967017
4.039219873103447,-2.8695933652808674,-0.08842743985055025,-0.6353165585615187,0.5928025395896441,0.7339027314799278,-0.044630802454456706,-0.36406010122895077,-0.2984386774555506,0.920591268056392,-0.4183265494824835,-0.3716284742673313
4.064404447200468,-2.9065071146466512,-0.08842183782336871,-0.5465162558321778,0.540582529256454,0.729120815600693,-0.055309991097214566,-0.33633739012792524,-0.24951860974226941,0.905607867950521,-0.40938809102297874,-0.28410835858695105
4.084949698694518,-2.940656074650025,-0.08921963490285471,-0.45897868741127706,0.4938015640970114,0.7260754548694032,-0.06497423749069835,-0.3083864982715651,-0.2054271563008635,0.8749557049037938,-0.39142122092582415,-0.2172828956042789
4.101440701014543,-2.971997686594094,-0.09053467865438469,-0.3747864852658112,0.45162710399678885,0.7236456742782209,-0.07331486760344325,-0.28017920879847763,-0.16607119807335535,0.8314421913855432,-0.3692468974846168,-0.16619886983417778
4.114392357301252,-3.000547469704709,-0.092080956464555,-0.295357406443692,0.4133934037608645,0.7213456337599726,-0.08013655166989725,-0.25175281187693327,-0.13128971641687756,0.7774277599381736,-0.3461071848376661,-0.12585871647466196
4.124260994573018,-3.0263541755372017,-0.09360053838692776,-0.22168698999685765,0.3785452966906705,0.7190755396593386,-0.08533697767065265,-0.22320051172067668,-0.10086001507608723,0.7149070086997011,-0.3236614791818322,-0.09311489207776993
4.131460036405593,-3.0494885448463966,-0.09488346451081728,-0.15339856368933485,0.34693853617847836,0.7200397893819124,-0.08916802450869216,-0.194626122332467,-0.07465618848382614,0.6458292274413271,-0.30606159663251603,-0.007309826388979929
4.136404682240512,-3.0700134969809327,-0.09577403447572698,-0.09111886384193202,0.3178558032519191,0.724651579322949,-0.09134258472453076,-0.16617797265898857,-0.052151822362264975,0.5711936613340722,-0.2874450830923297,0.023846488947651772
4.139409400704852,-3.0880153740149825,-0.09612931969251022,-0.036782107176719155,0.29050566556775553,0.728919403857604,-0.09192036931134713,-0.1381132935029508,-0.03302165515121284,0.4914714242786321,-0.26911515715031487,0.02374588731679362
4.140699653771498,-3.103593241789755,-0.0958322662029213,0.008651365262958956,0.2647473340453272,0.7308918642696899,-0.09102177282841947,-0.11066116357931795,-0.01690341659636124,0.4078587464349077,-0.2516926065653533,0.00840856469734423
4.14045501333927,-3.1168378062307647,-0.0948017210776623,0.04482138415304485,0.2406498938106644,0.7299784404954064,-0.08880599284764523,-0.0840277074589128,-0.0034087839494189157,0.3214932683935906,-0.23528780582213085,-0.011741587018863254
4.138832348808739,-3.127826200240709,-0.09299422200574507,0.07168037114714879,0.21827772755309,0.7263827493474845,-0.08545368449737108,-0.05839976535657161,0.007855850019380307,0.23326193369030787,-0.21974449028425413,-0.030649381654216063
4.135975823578533,-3.136624824057124,-0.09040402297129789,0.08931631246847124,0.19761935541119946,0.7207276754675893,-0.08115273298148455,-0.033946586845295015,0.01724572180504761,0.14379349132035874,-0.2048118601382139,-0.04505100878796135
4.1320194963804155,-3.143294955832662,-0.08706221180017801,0.09784153454728241,0.17859281701845947,0.7137496464052887,-0.0760900931555568,-0.01082215326415673,0.025102869566119852,0.05351149885981568,-0.19029547798126545,-0.05466591516163096
4.127087063604954,-3.147898029147797,-0.08303166176054731,0.09733946962203434,0.1610798435456193,0.7060984965813419,-0.07044391992698626,0.010832311990891814,0.03176767726514615,-0.037134757745450726,-0.17607695343143676,-0.060277124503483895
4.121291668976794,-3.150500276091173,-0.07840208725288121,0.08813255488491148,0.14495451751380722,0.6982858353682813,-0.06437905296204742,0.030885824656779245,0.037559274062888295,-0.12057568813419339,-0.16212017180574742,-0.06280768873069102
4.114737896957407,-3.151177723199279,-0.073284974382173,0.07168346511272738,0.13010355641768062,0.6906806013252297,-0.05804507646869749,0.04922664065313145,0.04271518349197959,-0.18350307672321944,-0.14846544114688065,-0.06310058868197471
4.10752824368271,-3.150024178877236,-0.06780632641355241,0.05042954404559728,0.11643937360160504,0.6835223061534038,-0.05157552207014567,0.06572866528440835,0.0473270311274238,-0.21980871746787486,-0.13519219621389073,-0.061706131848399653
4.0997705840572385,-3.147159046951073,-0.062097069265713276,0.02702488309912666,0.10390169641402233,0.6769539465289492,-0.045087911489279646,0.08026271398789683,0.05134817960495086,-0.23040825102072118,-0.12238387366960751,-0.058935509758413086
4.091581582990708,-3.142729913551744,-0.056282977189503244,0.003811863893567225,0.09245195597964455,0.6710551824296946,-0.03868421459616495,0.09272950651166832,0.054649875687451305,-0.21983806625004046,-0.11010722797485578,-0.054976343468737476
4.0830854666288925,-3.136909575782891,-0.05047639724301906,-0.017380887406108395,0.08206546658625281,0.6658642033458105,-0.032451566368011435,0.10308200848485868,0.057081732444545674,-0.19340271203706771,-0.09840576179009365,-0.05003512357521218
4.074409891186353,-3.129889526519761,-0.044771111923044254,-0.035231308896962646,0.07272372713811578,0.6613916575108173,-0.02646316047880777,0.1113305188271266,0.05851448324281487,-0.15579056890131526,-0.08730384143978963,-0.04430330520913106
4.065680780254926,-3.121872077120983,-0.039240491149568894,-0.04883604445773323,0.06440793186407595,0.6576377824557398,-0.02077912879913593,0.11753667664312575,0.05886275599277141,-0.1107205767952381,-0.07681865292485782,-0.03785085676304618
4.057017362993195,-3.113062551840382,-0.03393834362516118,-0.057615960571437516,0.05709385899669907,0.6545922669417209,-0.01544726859374122,0.12180305189399439,0.0580932098923299,-0.06104378886951792,-0.0669573631160041,-0.03100091848791527
4.048528132090918,-3.1036622081451757,-0.028901620106636057,-0.06123991099025195,0.050748181934338214,0.6522435827653283,-0.010504382398068956,0.12426235134724571,0.05622382846891246,-0.008975762651754609,-0.05773731009914915,-0.023721825613558515
4.0403077084839065,-3.0938625893752554,-0.024154088950992105,-0.05958406790495379,0.045327411354100906,0.6506197109118953,-0.005976820608676332,0.12506219562355303,0.05332011642609808,0.043074818962383306,-0.04918583718961051,-0.01555575531803547
4.032434272935517,-3.08384327474687,-0.019710222364936022,-0.05290458104118347,0.04078969313347495,0.6501457528024057,-0.001879619408002207,0.12433013569575889,0.049512848479370965,0.08933024168816117,-0.04143849168262473,0.00064552116939314
4.0249469571003,-3.0737323463897384,-0.015571489237573417,-0.0420242420262737,0.0371001287585942,0.6519432596648891,0.002012076095897549,0.12302557099366347,0.04520630113223424,0.12465450492911484,-0.0343896642809203,0.03127613261711711
4.017844143633441,-3.0636029381555865,-0.011729979002308245,-0.028074778343444125,0.03415591956188557,0.6564237802322106,0.005731249694417002,0.1213036286076276,0.04059836252545939,0.14865280014485746,-0.027927982301200874,0.05564293269316061
4.011114151521875,-3.053513553356533,-0.008179614018974272,-0.012190737657784608,0.031831324396709,0.663301496558232,0.00920679959131479,0.11913829601851442,0.03583350134163298,0.1620145368757839,-0.021575968157027527,0.08026772403789771
4.004732985652474,-3.0435418947828086,-0.004919372545503275,0.004556430367117556,0.03009941245252324,0.6737140256990648,0.012117714855861588,0.11622783957564699,0.031003254418501696,0.16426794926715985,-0.01398759291305293,0.12651802627681952
3.9986880308128865,-3.0338127957794225,-0.001957743679058269,0.020840521958378197,0.02881252917018075,0.6864697625453681,0.014467921597107029,0.11186502754477698,0.026190568010652168,0.15222917951464812,-0.008674510110210589,0.12863461481322935
3.9930117761792987,-3.02444365215117,0.0006899831933628633,0.03529478397014924,0.027803309993677763,0.698142811044103,0.01626395330473614,0.10631016107386859,0.021594859236818396,0.12911847726639508,-0.005124908242068561,0.1057454151918266
3.987748622818845,-3.015516462016939,0.0030097648590958685,0.046930605293159615,0.027043473991965605,0.7069820275305043,0.01752854897100931,0.09979438358118865,0.017346411296389228,0.09808077476451198,-0.0029474242910511,0.07212784939167297
3.9829419970940263,-3.0070929024967796,0.004990786097854633,0.05509099836953836,0.026534406856490996,0.7124019779519729,0.018296681129933816,0.09251916780274601,0.013514636742231162,0.06191818168025362,-0.0018111781858810897,0.03713202234532693
3.978626602187814,-2.999223866942528,0.006627045169801306,0.05939658375904145,0.026252232972736603,0.7145555632669709,0.018612003368179128,0.08465984226791089,0.010120411448725459,0.023041006853531942,-0.001437794383147789,0.006478413735460215
3.9748248765262986,-2.9919544006487757,0.007918517990113718,0.059698311461548595,0.026133508967731325,0.7140176808653593,0.01852407863260695,0.07637084578825187,0.007148921918714269,-0.016459232329497586,-0.001623060077621448,-0.016878354701772704
3.9715461603808198,-2.9853248719277263,0.008871914317633857,0.05609306761201109,0.02608435388720245,0.7115559126637377,0.018086481465477335,0.0678030221238641,0.004558038152585439,-0.05340407333444335,-0.0022451419971801384,-0.0319880877735814
3.968787230277482,-2.979369117817452,0.009501031265020325,0.049064996688853654,0.026003241148327968,0.7079127427146377,0.01735574029621728,0.05910485153544313,0.0022805644428310935,-0.08373205378964244,-0.003243681027486328,-0.04048637809122755
3.966535442490183,-2.9741126134027285,0.009826346205304357,0.03943029885406819,0.02580639745199382,0.7036006440513362,0.016390158173127483,0.05040317263622707,0.00024189166728684207,-0.10491137842057716,-0.004553263150998436,-0.045325121366558134
3.9647725543642927,-2.969571274598091,0.009873884054831332,0.02816252925234665,0.025438829869063078,0.6988416411019225,0.015248247461101724,0.04180340716050052,-0.0016201165675225006,-0.11615925315553813,-0.00607157538549351,-0.04938997410235591
3.9634773560030405,-2.9657509169600287,0.009673757119132728,0.016236044122600383,0.024871292016892237,0.693624220211066,0.013986449569472028,0.03339377233166935,-0.0033436890202929743,-0.1180479944104781,-0.00766751187369292,-0.05450790590116798
3.9626267340808408,-2.962647428316236,0.009258598986132857,0.0045213611094810586,0.024092007651215455,0.6878118643770745,0.012657010535328105,0.02524991524813399,-0.004942658854117218,-0.11194298163914419,-0.009213283118525583,-0.061375586209904166
3.962195687496596,-2.9602473852068663,0.008661980320806334,-0.0062666850351446104,0.023101096434915584,0.6812207978475067,0.011307532327228437,0.01743837926316721,-0.006411201263834772,-0.09952195786317616,-0.010595297139946818,-0.07023441231161133
3.962156934290959,-2.9585289271953084,0.007917013060822086,-0.015581978861714493,0.02190790966079006,0.6736766359205728,0.009978798641910473,0.010018377987397709,-0.007730518813529713,-0.08247057288232414,-0.011741741750419836,-0.08063782998550074
3.9624805279351927,-2.957462775305159,0.007055224269643597,-0.023038543890689222,0.02053060756706314,0.6650468418624016,0.00870550392207148,0.003042279835182459,-0.008875686872806538,-0.062331278840415054,-0.01260762541231639,-0.09216106715027289
3.9631337698210922,-2.95701330160851,0.006105730519510206,-0.028393753263423697,0.018996368518035833,0.6552513640952542,0.0075148314123428305,-0.0034442491386569457,-0.00982142169507283,-0.04046577768479585,-0.013188175922601233,-0.10415018200368659
3.964081230866044,-2.9571394211204773,0.005094711621310482,-0.03153069914672423,0.017340638534033365,0.6442828731486444,0.0064261917642548655,-0.009396391023112918,-0.010546420387236317,-0.01806756143129006,-0.013513862722258263,-0.11578280038829598
3.9652849278027946,-2.957795074144559,0.004045151557810106,-0.0324440679392829,0.015605738124923272,0.6321989607423443,0.005452871889597019,-0.01477364031964916,-0.011036379262255104,0.0037951384780493085,-0.013623136704900852,-0.126559103055291
3.9667053239767838,-2.9589303244673224,0.002976855393418058,-0.031239120779131015,0.013838318664033492,0.619102136093617,0.0046018891238237564,-0.019549740971650877,-0.011285959290562116,0.02387242291462805,-0.013562509420979226,-0.13607195042644502
3.9683028028653657,-2.9604929766379557,0.0019067059929527494,-0.028171312207951577,0.012085605659255793,0.60512931468404,0.0038748648254372446,-0.023714636910814352,-0.011300686849623978,0.04053227135637033,-0.013375828461259714,-0.14404278435131457
3.9700388950260015,-2.962429849883485,0.0008490713498441781,-0.023642017517093647,0.010390961110729647,0.5904378570467446,0.003269069506676574,-0.02726657685396397,-0.011097647981873317,0.05259865502791773,-0.013096480316007367,-0.150353821480398
3.9718770821305025,-2.964687553617125,-0.00018373660011322785,-0.018139299139967344,0.008790120831599078,0.5751900112817611,0.0027784390744868405,-0.030210078483948168,-0.010703824262131643,0.05954500305921104,-0.012744377653655046,-0.15504414703147548
3.973783322082193,-2.9672131354083295,-0.0011810402342287722,-0.012174726500043353,0.0073086965637194495,0.5595517420718377,0.0023930148301561606,-0.03255590179781462,-0.010152975242534865,0.061438149799542346,-0.012337431149424257,-0.15802950732640794
3.9757262913550258,-2.969954721675891,-0.0021334817993218136,-0.006230459021934688,0.005959958072022765,0.5437289265765134,0.0020970222143867193,-0.03432160633924199,-0.009482045069922278,0.058793040923448205,-0.011913156812046133,-0.15863733477620967
3.9776775538495275,-2.9728620766864484,-0.00303284273738623,-0.0007224422340315456,0.004742225163338832,0.5280227260613162,0.001869760396732028,-0.035531803508048763,-0.008727718822158325,0.05240537334534845,-0.011527213439806963,-0.15566534575674323
3.979611838140026,-2.9758869995554083,-0.003871983818405496,0.0040203037439009385,0.003636221640893441,0.5128891603762191,0.0016867103300176496,-0.03621783212627458,-0.007923691731745659,0.04320558024823544,-0.011256797013969432,-0.14723780361142957
3.981507393105035,-2.978983598769536,-0.004644878079495701,0.007763690322440889,0.0026000857381432677,0.4990589043477519,0.0015179995012266998,-0.036416979145382285,-0.007098937157388431,0.0321519182429862,-0.011247391041490815,-0.12975828463008898
3.9833459113494043,-2.9821087138251428,-0.0053466964665170895,0.01036812650634786,0.001534766774794505,0.4881913966443977,0.0013021780181818052,-0.03617157780706163,-0.006276810700299649,0.020156775439795892,-0.012168051244609568,-0.08839168773327115
3.9850885235211915,-2.985252064582468,-0.005976001821828858,0.011854634558262347,-0.00010907420835188291,0.4880592405588479,0.00011436689689684871,-0.035833195259660354,-0.005510903266480617,0.009499203242325933,-0.0208504129789741,0.08434839782550899
3.9867775111570634,-2.9883833038248753,-0.006534410891540675,0.012347202637224202,-0.0022164462457986123,0.49821260662791983,2.8901667200961525e-06,-0.03545216803832203,-0.0047975868426540095,0.0005844441272857908,-0.01911439264257639,0.1184336077749615
3.988501863628657,-2.9914515052464963,-0.007023486722398957,0.012008102510867091,-0.0039036340895232248,0.5087434326126195,0.0005517724733364538,-0.035053189164728424,-0.004129998363368156,-0.006634584273753793,-0.012321498081395894,0.09318455677309036
3.9902870242158417,-2.994440179141826,-0.0074446307699621,0.011019328099882422,-0.004900872639005418,0.5162769974989491,0.001193848103134326,-0.03464365820918264,-0.003500830498096795,-0.01230663290881084,-0.0060439134918405185,0.05834668010641023
3.9921247996463425,-2.9973522329809725,-0.007799383074489301,0.009540778665284792,-0.005301351516435976,0.520470986467541,0.0018192983734987352,-0.03422983703957838,-0.002903953693905796,-0.016605380663721435,-0.0011679480585805974,0.026005802259734347
3.993991800840344,-3.000200195843225,-0.008090318345143349,0.007569124758968577,-0.005847874268972325,0.5222777973640805,0.002146956789727514,-0.03380930749164834,-0.0023565065069852246,-0.02231924426165054,-0.009475029791918305,0.010341908726967493
3.995870190374506,-3.0029931016529505,-0.008319725212297565,0.005158937206858548,-0.007098515447553622,0.5237638519155716,0.00247121434068661,-0.03337561321034645,-0.0018354799572091914,-0.02534046112095117,-0.015478142932243385,0.01947638043596949
3.9977612170654537,-3.0057280715337353,-0.008488759476796816,0.0025536192762225076,-0.008857340440262679,0.5273347469795295,0.0027925959626153413,-0.03292908863329473,-0.0013328828048160817,-0.02583352424169605,-0.019639370737985343,0.051729736985773836
3.9996720864844266,-3.008397718013545,-0.008598652802772761,8.288196685405248e-06,-0.0109439573005187,0.5351643539862798,0.0031134028801001914,-0.032468846959673926,-0.0008409578818691824,-0.023188021328651283,-0.022174559161911293,0.103939161525153
4.00162979550974,-3.0109817186708705,-0.008652164006873249,-0.0020692247971392454,-0.013039219961498509,0.545832309208492,0.0038541911346396504,-0.03199333682861568,-0.00038117404860553097,-0.015577556641315441,-0.020258513703134903,0.10924244005604138
4.003652793906444,-3.013464570437264,-0.008652156869613471,-0.003458715901774345,-0.014927211735062179,0.5572477486976692,0.0045882215712972465,-0.031503783218115824,8.589662593936332e-05,-0.008869216368954798,-0.01841023275951973,0.11870759656098907
4.005738841349282,-3.01584182897629,-0.008600158332942448,-0.004249715860722398,-0.016615513458548763,0.5698154163154026,0.00530452366319121,-0.030981793052038638,0.0005554906267674996,-0.0029039774391054146,-0.01657355553717305,0.1321229059512424
4.007883661320078,-3.0181068986240205,-0.008497961977859366,-0.004532419942772039,-0.018113816730977148,0.5846313698849881,0.0059693297925995535,-0.03039814172639726,0.0010217615062166662,0.0024213565457753194,-0.01491441465272047,0.16305027397978702
4.010082870734048,-3.0202466671747765,-0.008347822009074107,-0.004369675522705313,-0.019421698920154558,0.6021383005556863,0.006631162677064276,-0.029691692722052847,0.001475842311567114,0.007366789129522846,-0.012996949312405855,0.18607382696955668
4.012300058669286,-3.022230880241793,-0.008156272814663513,-0.0038108649109116336,-0.02049081924958218,0.6225420385891103,0.006939916678189978,-0.028289919295298765,0.0018464194604881268,0.011861125309669146,-0.010221205563586773,0.2203950510008855
4.014469464729583,-3.024014893813828,-0.007932756352232314,-0.0029044924087980226,-0.021261030959205028,0.6438918519416524,0.007014987059355822,-0.026173851622219746,0.002148644657360539,0.01503873805603089,-0.006751804120325215,0.20702896779470256
4.016525862060675,-3.0255663603626703,-0.007685512849690062,-0.0016979390673006437,-0.021710193301122584,0.6625167524990239,0.006884669077030075,-0.023490127919571443,0.0023819867455588924,0.01691662432610322,-0.0031829458368977386,0.16689678064102162
4.018409948798233,-3.0268706528703886,-0.007422170841979858,-0.0002690279145329007,-0.02184683876086463,0.6764773092029638,0.006575343715571357,-0.020373941298616933,0.0025471686856268516,0.01753922369121882,0.00012469736720136434,0.11382123861776305
4.0200727021861535,-3.0279242416594885,-0.007149553499187534,0.0012839900173326909,-0.02169606802153749,0.6849202923303639,0.006111980747421082,-0.016948522345815245,0.002646543648339621,0.016984286113604696,0.0029659143922256687,0.05612302825710937
4.021477314107204,-3.0287296456458668,-0.006873588936664142,0.0028531405155939947,-0.02129295899686919,0.6876597359292844,0.005519108235911785,-0.013324677344313463,0.0026842127024722857,0.015367234878427574,0.005234722339102755,-0.0008514525859697453
4.022599513571581,-3.029291981111697,-0.0065993087801258545,0.004330224361639677,-0.02067919373035466,0.6849476477114848,0.0048210408883928154,-0.00960083533897029,0.00266591146516804,0.01284398163752749,0.006902043367299833,-0.05295687098456282
4.023426935390651,-3.0296168667201475,-0.006330909618775052,0.005611117014820502,-0.019901915808590645,0.6775568781480034,0.004042225521758059,-0.0058634581430232115,0.0025987138535627273,0.009610982768250849,0.00799097570898401,-0.09418036988598666
4.023957842585556,-3.029709502667973,-0.006071852569984057,0.006602697665826418,-0.019013956592790676,0.6667845138745282,0.003207306109113195,-0.0021872852663925905,0.002490625034303687,0.005903394532987466,0.00855363989173427,-0.12070099077985495
4.024199167925565,-3.0295750460455886,-0.005824984728018337,0.00723448557582187,-0.01807206535804447,0.654171943822271,0.0023407928418691863,0.0013645415397696727,0.00235010254897751,0.0019759554611685605,0.008650953493561653,-0.13134433065117904
4.024164267771568,-3.029219796597768,-0.005592659353892042,0.007466649340636158,-0.01713319041919008,0.6412705552332243,0.0014669594128993283,0.004738356651607579,0.0021854749524032563,-0.0019030296672931234,0.008344482442899362,-0.12690095640924243
4.023870751088821,-3.0286526768440227,-0.00537683552969496,0.007291968916110171,-0.01625251453391422,0.6295926708025795,0.000607625305496531,0.007889177214570319,0.002004451725583249,-0.005462777277294462,0.007654950434781565,-0.10725280039132495
4.023338007362685,-3.0278866026626914,-0.005179149555740929,0.006729088207834523,-0.01549225013736914,0.6209580197462287,-0.00022312670675693773,0.010782288517310426,0.0018137175955339117,-0.008458609732354396,0.006435224019915862,-0.066341258754888
4.022577590623943,-3.0269410744474565,-0.00500143897644941,0.005744952002264355,-0.015054314997970369,0.6222470317888317,-0.001101566653187318,0.013455656517672525,0.0016108731326171888,-0.010707284391588244,0.002533882220148188,0.09051707615789956
4.021593878375329,-3.0258340479424093,-0.004844939822495148,0.004390882741982193,-0.01495911366610995,0.6353672482831046,-0.0017510126144724576,0.016026510729862876,0.0014142178460934379,-0.012259480803129332,0.0007062724576730232,0.16961024626036575
4.020391685669248,-3.024580503614582,-0.0047107258831382,0.002822981179401335,-0.015013637248724733,0.6553180017507529,-0.0023434729553449716,0.018464243550242142,0.0012088709028483108,-0.012914972597342571,-0.00037256978443633317,0.22702004582796054
4.018986273402299,-3.0232080647794266,-0.004599675697209992,0.0012076150836237286,-0.015091141248972297,0.6779597719744999,-0.0027305181218449507,0.020486559358340477,0.0010119179225459374,-0.012368169309203291,-0.00027879889685740764,0.2258265025962383
4.017411964424171,-3.02174557316505,-0.0045113016222213,-0.0002769111706652288,-0.015095875764846205,0.6987437598732822,-0.0029586262577620983,0.02210140796347825,0.0008234062497420643,-0.010861164741093821,0.0003750871128537391,0.19127822948890655
4.015705926128013,-3.0202157109105987,-0.004444615383713922,-0.0015109624373779165,-0.015002227871949884,0.7152738858943183,-0.003065298184952751,0.023321283294227786,0.0006431598163486518,-0.008693182060859037,0.0012134241839666792,0.14103330800538538
4.013906391026241,-3.0186361232802565,-0.004398229474758455,-0.0024266057466388884,-0.014820013515935022,0.7265662150542526,-0.003080012244699885,0.024163235883023094,0.0004710185757692065,-0.006143638751524084,0.002009345222383624,0.08616893096782957
4.012050880714479,-3.0170211292654954,-0.004370479977028597,-0.0029982729068563124,-0.014573373117949075,0.7325288822186979,-0.003025443583444761,0.024648275280759684,0.0003072061504325372,-0.0034733773012269563,0.0026322015221172776,0.033878554636099546
4.010174720515289,-3.0153834115217273,-0.004359536359907622,-0.0032356015686914757,-0.014288933020161843,0.7336432155665946,-0.002918390051809113,0.024800610076480177,0.00015247635592294728,-0.0009300473812274466,0.003025184303616725,-0.011285571041893233
4.008309889526252,-3.013735385313931,-0.0043634953206924615,-0.0031778934688807834,-0.01398989463683605,0.7307908546649801,-0.002771067766454553,0.02464691727187228,8.091143215396085e-06,0.0012625883737425287,0.0031794579746355816,-0.04541654507592305
4.0064840332175296,-3.012090281587097,-0.004380461342974395,-0.0028896649090257385,-0.013694052038255213,0.7252544089707182,-0.00259229359252044,0.02421569944797885,-0.00012434454520376064,0.002925629471356744,0.0031148171378568255,-0.0650040415750188
4.004719715779459,-3.0104628011223538,-0.0044086085968773545,-0.0024521750727984305,-0.013414940121389395,0.7185358107078593,-0.002388523374130578,0.023536634231622475,-0.00024308145216923283,0.003942316273792634,0.002866531879558712,-0.06927226464539278
4.00303421139782,-3.0088690516733205,-0.00444621667040636,-0.0019535716701231946,-0.013165174355744495,0.7121594687499231,-0.0021656122222983277,0.022639949017153188,-0.00034648981333243895,0.004269923557359544,0.00244702621340124,-0.058408122405909216
4.001439599008976,-3.0073261421945405,-0.0044916882449029145,-0.0014822338396137454,-0.012962150750645308,0.7077144272283153,-0.0019304765160938274,0.021555893816992303,-0.0004333026869451364,0.003937808980501772,0.0017988159271479906,-0.030822473287750424
3.999937613002011,-3.005849698313219,-0.004544359467397588,-0.001118262359569719,-0.012857406163205303,0.7078603115128426,-0.0017320741262107262,0.020415914934214994,-0.0005182675950913824,0.0033371512700300044,0.00031746395974905874,0.03332975623427481
3.998529507846227,-3.004443140274519,-0.004604248189975568,-0.000860309109419165,-0.012778904528604633,0.7113262765069337,-0.0013225258873952445,0.019279790771426525,-0.0006008383506714535,0.002683947820719347,0.0011925270904454663,0.03595338371791123
3.9972243704004664,-3.0030982295325703,-0.0046711228540251715,-0.000657582414337568,-0.012588202150866578,0.7140473926249306,-0.0008528047431859366,0.01814573223637732,-0.0006803619878918012,0.0020421266174535414,0.0026003975920754225,0.01862234531641053
3.996025993039503,-3.001810823193168,-0.004744763309997349,-0.0004961982595285975,-0.012273306449611675,0.7151022468763756,-0.0003943995227115152,0.017015574849230056,-0.0007563964900255701,0.0014341539434174645,0.003723153680061365,0.0025710752433982793
3.9949339818623764,-3.000580102930407,-0.004824946366155474,-0.0003810201066257978,-0.011877437531157062,0.7151180805339433,2.4640242823162786e-05,0.01589519532281029,-0.0008281761144630829,0.0008647285259303432,0.004245649444056331,-0.0022332111509902807
3.99394526654003,-2.999407094731844,-0.004911444670530777,-0.00032024442074571775,-0.011452493991121356,0.7151362529294667,0.0004058092670790295,0.014789256023798958,-0.0008959255853616764,0.0003527517341578444,0.004310815359294089,0.0025763134867897507
3.9930562765978936,-2.9982928133192366,-0.005004033020929882,-0.0003146280276060925,-0.011030699913678034,0.7157884602044854,0.000768529959533819,0.013700073264585296,-0.0009599074614543043,-8.932676482337925e-05,0.004179148295893012,0.0104255461494426
3.9922639207126194,-2.9972375605266666,-0.005102469646079822,-0.00035816196211471967,-0.010626310740545823,0.7172667775379769,0.0011175298603737596,0.012628358279654363,-0.0010203239535215185,-0.0004506376353051603,0.003954958794038666,0.0190805623763484
3.9915683717241643,-2.996238752962495,-0.00520650355048767,-0.0004284689670207671,-0.010225554944667705,0.7182588621839321,0.0015220535995768385,0.011573568233007037,-0.001078241784135404,-0.000732931505198783,0.004106592112315924,0.0008709347180561428
3.990969568317695,-2.995294271589073,-0.005315875823608573,-0.0005131913595211369,-0.009824957909703341,0.7182867812760076,0.0018683900709875075,0.010536032832388662,-0.001132721389612577,-0.0009399153813100456,0.003960391081073777,-0.000304736577291437
3.9904635208655344,-2.9944053742968446,-0.005430322970790182,-0.0006174306629084077,-0.009444309729823507,0.7185021597698471,0.0021885981380301914,0.009515532075146537,-0.0011839350533142,-0.0010855261494811942,0.0037031303444330825,0.004593537160617625
3.9900472277449337,-2.993572331624466,-0.0055495635712104405,-0.0007382173487866558,-0.009090546000331162,0.7192606615804117,0.0024932051465780284,0.008511512827111888,-0.001232019545772353,-0.0011699776098229326,0.0034113293825989957,0.010547314492008544
3.989717653848267,-2.9927954131987584,-0.005673274320544541,-0.0008716461538859272,-0.00876615505228452,0.7208385380166634,0.0027727878013327017,0.007522925401269408,-0.0012762965110251455,-0.00119612415433236,0.003096541662009257,0.02094075776038643
3.9894725020029753,-2.992074325110649,-0.005801082433891532,-0.0010103223965596448,-0.008472046341460608,0.7230557720109142,0.0030539530430238075,0.006547676892636729,-0.0013168383339068413,-0.0011735743975672408,0.0027854073643163862,0.023387944177184945
3.9893097118942262,-2.9914093770732273,-0.005932437079909235,-0.0011484556992695308,-0.008203373688847737,0.7259798887819859,0.0032975171904430726,0.005576104886623118,-0.0013501483575468962,-0.0010807583719183607,0.0025622807719142514,0.034987915587973185
3.9892258992972525,-2.9908039443237953,-0.0060662839582696455,-0.0012849083339552165,-0.00794567309607995,0.730407770492316,0.0034850991618480824,0.004585327661704678,-0.0013692676030701084,-0.0009132750624779167,0.0025187318597513697,0.05334765367916043
3.989218026558317,-2.990268501013198,-0.006198742610683831,-0.001418209223937523,-0.007661388758503763,0.7355209312449335,0.0035412287430376774,0.00348688491600764,-0.0013241165270737015,-0.000932345020438318,0.0030645582182508234,0.048981009149665446
3.9892835779442217,-2.9898170724315967,-0.006324118386887544,-0.0015495496545748955,-0.007312274524442885,0.7395976576237006,0.003481990414151967,0.002321617679579497,-0.0012278264475476667,-0.0010603585808603524,0.003840131169980417,0.03275308713900052
3.9894192999916016,-2.9894600151440716,-0.006437953727683409,-0.0016813114488734462,-0.006887829788228789,0.741836119714564,0.0033247333909756684,0.0011245028863805103,-0.001092241678182715,-0.001232739026608078,0.004629641527851378,0.012201154591153594
3.989620856219473,-2.9892045598333454,-0.006536890541181635,-0.001815344173979601,-0.0063935708569100285,0.7420443521786425,0.003087086203667408,-7.470483480044742e-05,-0.0009279365606870711,-0.0013958560333574427,0.00531103821871239,-0.007918572918653112
3.98988277441367,-2.9890551333293023,-0.006618539531322112,-0.0019517481289638237,-0.005843447660473954,0.7404214514871909,0.0027861294631328715,-0.0012507470798033336,-0.0007442366502194948,-0.001506771804621858,0.00582335285480242,-0.024398704750016223
3.9901986074243188,-2.9890135393031985,-0.006681357998472078,-0.0020882119683934717,-0.0052550213263628295,0.7374178338171757,0.0024380724728735393,-0.0023821149246053886,-0.0005492539468844114,-0.00153280749762796,0.006143125502221523,-0.03553971283493568
3.990561251831112,-2.989079095936376,-0.006724536646631368,-0.002219507563578043,-0.004646619635586352,0.7335782163331782,0.0020579152515342604,-0.0034508588263461844,-0.0003499367813159163,-0.0014520803915980091,0.006270351384623298,-0.04116150876376581
3.990963329231386,-2.9892488198100464,-0.0067478954570211695,-0.002337701227542678,-0.004035605910242647,0.7294248043504025,0.0016591767515996164,-0.004442288219038361,-0.00015213537324094614,-0.0012541125892200512,0.006220360360373469,-0.041869382452981954
3.9913975340261865,-2.9895176668986205,-0.006751789839958394,-0.0024330389924053716,-0.0034374022996315552,0.7253845096460863,0.00125392138706975,-0.00534469425115672,3.928324419819109e-05,-0.0009403995663324848,0.006016620502304486,-0.03894146180209351
3.9918568921884994,-2.9898788324572037,-0.006737024976487536,-0.002495232679092291,-0.0028650315056059374,0.7217481824829693,0.0008526765658814964,-0.0061491290531797025,0.00022037184194164126,-0.0005237918307080418,0.005687317987086184,-0.033812655378495704
3.9923349086970688,-2.990324094417547,-0.0067047752514297265,-0.0025149156951974738,-0.0023289014394405083,0.7186709165181656,0.00046441139139644766,-0.006849218784910972,0.0003880207562539242,-2.72139992716456e-05,0.005262405862067629,-0.027765773166673627
3.9928256190474025,-2.9908441688812815,-0.006656507711403214,-0.0024849724202713874,-0.0018367679076332474,0.7162004411747424,9.65051378332343e-05,-0.007440980253899727,0.0005398860593723514,0.0005184571041866908,0.004771178390013499,-0.021673034780889718
3.9933235816778936,-2.9914290481138157,-0.006593909840073305,-0.0024015238146526145,-0.0013939075700201884,0.7143064991274275,-0.000245121182222586,-0.00792262629418253,0.0006742949678706952,0.0010770113470593174,0.0042395714919934374,-0.01622682372386495
3.993823836607897,-2.9920683088519557,-0.006518823217753496,-0.0022644957162799954,-0.0010033472780035674,0.7129260070937302,-0.0005560760540540216,-0.008294347128669456,0.0007901561866426538,0.001610661000615403,0.00369012650588129,-0.011398211421255737
3.994321872765703,-2.9927513683083884,-0.00643318302780292,-0.0020776736925446535,-0.00066619389888755,0.7120000514669046,-0.0008332343676191092,-0.008558078474897316,0.0008868820298500823,0.0020837078767079785,0.003140091875884989,-0.007132308217126917
3.9948136036626414,-2.9934677004496937,-0.0063389638595127305,-0.0018483283553601543,-0.0003820271672516691,0.7115054262963324,-0.001074833340900203,-0.008717264546338315,0.0009643193178176478,0.002465685298450953,0.0026025077347621023,-0.0027720862474475633
3.995293892067752,-2.9942084966727096,-0.006239330660222738,-0.0015873794330128204,-0.00014193319756611281,0.7146449371358478,-0.0013403980921967412,-0.008776857765408005,0.0009987964745348415,0.0027308389160866373,0.0021276553563745935,0.06489621296693293
3.995761282135324,-2.994963067303952,-0.0061370769976418675,-0.0013057299965534136,5.550341589697551e-05,0.7222183578403251,-0.0015513736069302153,-0.008740775145665996,0.00102096708919585,0.002868689945434612,0.0016306611255471318,0.08619090897862007
3.996215633766286,-2.9957201162165026,-0.006033456519877541,-0.0010154510796815512,0.00020314601631969082,0.7304296018033006,-0.0017111199453404174,-0.008616643218383752,0.0010308194146860692,0.0028754448700269108,0.001152464594054054,0.07819133773406993
3.9966546072162425,-2.9964706403659815,-0.005929694668581219,-0.0007302127494015039,0.00030142692785205667,0.7370649469324785,-0.001823680945040822,-0.0084126716734162,0.0010286447626664818,0.002756866971875447,0.0007110055163687019,0.0548993304078412
3.997074741364493,-2.9972072209792113,-0.005826959046592719,-0.0004627859433603404,0.0003545774950934507,0.7410975027955321,-0.0018935494467186534,-0.008137257632814402,0.0010149968879651875,0.0025289604754518058,0.0003113480838085692,0.026086989360232963
3.9974723262434364,-2.997923513886802,-0.005726336898408004,-0.00022351628815094662,0.0003680498674868163,0.7422997464487255,-0.0019254619928214885,-0.007798811994502728,0.0009906540865933058,0.0022154631408052767,-4.797915949757592e-05,-0.001863195364835935
3.997844009000016,-2.998613918823146,-0.0056288185515783575,-1.959193793927607e-05,0.00034705544009855393,0.740956164459444,-0.001924139635824451,-0.007405686486311211,0.0009565780071214839,0.001845195480918306,-0.0003709144061223301,-0.02485541399583443
3.9981871752742455,-2.999273386103862,-0.005535285826727,0.00014518350150607976,0.00029594661428377706,0.7377000370447997,-0.0018940936399678733,-0.006966114297424674,0.0009138717806489527,0.0014491063511253913,-0.0006614275722210024,-0.040111422138604545
3.998500148595898,-2.999897329521314,-0.005446504634046534,0.0002702119106933858,0.00021813753725231496,0.7333482785163162,-0.001839477274160098,-0.006488186214909282,0.0008637346351569031,0.0010570050312942213,-0.0009222847086018394,-0.046840811152036706
3.9987821968671704,-3.0004816434059425,-0.005363120897792229,0.0003576393771709612,0.00011638975482163922,0.7287116252975183,-0.001764003574228679,-0.005979848987180204,0.0008074231860441706,0.0006951824508135395,-0.001154314453097412,-0.045902938583902875
3.999033394346763,-3.001022783000659,-0.005285658960386516,0.00041176632206662157,-6.722932823593873e-06,0.7244600938909598,-0.0016709152429238028,-0.005448876189165945,0.0007462153477467815,0.0003844471090214654,-0.0013559996583435603,-0.03920655324891362
3.99925441309356,-3.001517856642651,-0.005214522405621058,0.0004384053135961764,-0.00014835256646605655,0.721045359716694,-0.0015630150214041068,-0.004902810004574332,0.0006813736200176055,0.00013890845273611976,-0.0015234859562929864,-0.029191150643197664
3.999446306052192,-3.0019646968305613,-0.00514999693141491,0.0004442435166806778,-0.000305033677035336,0.7186693691389593,-0.0014427518486246251,-0.004348883943194373,0.0006141176032668506,-3.456579762785764e-05,-0.0016510871099379338,-0.018418804494015218
3.9996103232483566,-3.0023618944601838,-0.005092254998606912,0.0004362481274841954,-0.0004725265524766821,0.7172908641347164,-0.0013123639188352544,-0.0037939380603407994,0.0005456002098193382,-0.00013620160891983035,-0.0017324919752730677,-0.00921105967552832
3.999747783317907,-3.0027087953864258,-0.005041362162839587,0.00042113201911374174,-0.0006459060559209748,0.7166702786053643,-0.0011740849908154901,-0.0032443353612005552,0.0004768887076967615,-0.0001725985685010011,-0.0017629863557424659,-0.003230442048995463
3.9998600002912235,-3.003005472145857,-0.004997285035002719,0.0004048541594129162,-0.0008200942851073555,0.7164799480216676,-0.0010305766862200969,-0.002705882007231152,0.0004089493858172012,-0.00015541478573183803,-0.0017452231489404162,-0.0005862598212892641
3.9999482684830365,-3.003252673205817,-0.004959900182877452,0.0003921483220508356,-0.000990642740073641,0.7164473857732852,-0.0008848666724687673,-0.0021837657893595524,0.000342646039498169,-9.959927338637381e-05,-0.001688564784398643,-6.546382832496525e-05
4.000013891515278,-3.0034517453799565,-0.0049290037940248254,0.0003861591870961067,-0.0011541695051910741,0.7164380985586308,-0.0007399267742190363,-0.0016825326674683755,0.0002787353275253079,-2.1619897639221574e-05,-0.0016038036434060756,-0.00011849317926223692
4.00005700723314,-3.0036062810811828,-0.004905393804098764,0.00038243932831190716,-0.0013209059131083962,0.7195712103525478,-0.0006420707156099503,-0.001214769844074185,0.00019655763935224113,2.5272072633511352e-05,-0.0017282760447639852,0.06216330826374031
