x_ref,y_ref,z_ref,x,y,z,eta,e1,e2,e3,u,v,w,p,q,r,sec,nanosec,angle2,angle3,control_mode,std_test
0.0,0.0,5.0,-0.15206088495236691,0.7022678823049644,4.963881916804522,-0.6920533132606342,0.00010133001397292311,0.000453173420721143,0.7218462412252743,0.023292677100306546,0.014756797758038028,0.00011433516477432156,-0.0009957677548300126,0.001260400608771306,0.011170162997586885,33326,269000000,6.25,0,2,3
0.0,0.0,5.0,-0.14845100037021208,0.7103277774953342,4.963659504829313,-0.6930870579306205,2.563089521704074e-05,0.00017544404751351864,0.7208538677787057,-0.0718975500574924,0.0062293322790697644,-0.0014389372632201628,-0.0009276323169160605,0.0020633009171433514,0.00719696954547544,33326,637000000,5.91,0,2,3
0.0,0.0,5.0,-0.14608978893229876,0.7504917477119456,4.962897587797028,-0.6939015082469429,-0.00014158654083655975,-0.00020490693513108984,0.7200698818996787,-0.1578226048557365,-0.0005948299123280962,-0.0030740120276856113,-0.0010140762924493174,0.002356491449972964,0.007106156044756062,33326,914000000,5.78,0,2,3
0.002985000000000067,0.0,5.0,-0.14459701134414826,0.8337829470125648,4.961246396872293,-0.6951771947389817,-0.00038793455040083183,-0.0006331677804734452,0.7188380321881879,-0.2313748175090761,-0.00563192256011519,-0.005164988472908224,-0.0003449551229550707,0.0021954062049189815,0.010255260076519335,33327,198000000,5.65,0,2,3
0.026595000000000202,0.0,5.0,-0.14416543601130014,0.9132982362805883,4.959547680780815,-0.6964295490200596,-0.0005999945826353708,-0.0008807560620970094,0.717624377740177,-0.2499826849339418,-0.006171617264352073,-0.005775652644818661,0.0001069411787568697,0.001900419840694667,0.011253313186898595,33327,479000000,5.43,0,2,3
0.07312500000000033,0.0,5.0,-0.14359893431951112,0.979791991934369,4.958206546716302,-0.6975469448824156,-0.0007720544586538224,-0.0009834298910437686,0.7165379937468566,-0.21222863307442769,-0.0021999784662089313,-0.004712171362811369,0.0009771997042662406,-3.6122003543859194e-05,0.010428442055854248,33327,793000000,5.18,0,2,3
0.1047600000000004,0.0,5.0,-0.14213122407342227,1.025713094666082,4.957307286440875,-0.6984380430336189,-0.0007450587900431712,-0.0007929435265391131,0.7156696976757727,-0.14477889320021126,0.0041655713268054445,-0.0031149675500910237,0.0009513460895504977,-0.001770537210177281,0.00869613668328384,33328,74000000,4.97,0,2,3
0.18432000000000054,0.0,5.0,-0.13930217502424663,1.0566867078516673,4.956725814479941,-0.6992314089739666,-0.0006323328593908339,-0.000521215092432,0.7148949329756533,-0.08115092417812193,0.010539244369848138,-0.0015755659563885572,0.0007254957040458976,-0.0020543734081002185,0.0074746225891431095,33328,365000000,4.79,0,2,3
0.2320650000000006,0.0,5.0,-0.1355421006984732,1.0709747781400005,4.956498135331756,-0.6999119614278463,-0.0005068651072030933,-0.0002769413732325839,0.7142288937318789,-0.03271704145740029,0.015952460070478215,-0.0004482819180270375,0.0007302239055206883,-0.0018572353951640252,0.007261418431880884,33328,619000000,4.63,0,2,3
0.3430350000000007,0.0,5.0,-0.13101207479846827,1.0739761359962108,4.9564941900630926,-0.7005405424275225,-0.00042333266033949625,-7.896370576439439e-05,0.7136124739447486,0.004286934443307777,0.020997601981590418,0.000319526825018424,0.0008920725520056294,-0.0015120644775379333,0.007760800963296788,33328,914000000,4.48,0,2,3
0.4060800000000008,0.0,5.0,-0.12440867287508788,1.0673422083789468,4.956692437179996,-0.701425190650632,-0.00037042414595469413,0.00014584981893248216,0.7127429715083179,0.03969607336263255,0.027129630984564564,0.0010041083133338613,0.0009125134170062665,-0.0012934757819493825,0.01010349506032071,33329,385000000,4.36,0,2,3
0.4740450000000009,0.0,5.0,-0.11672618450330201,1.0532439475664197,4.957017955312798,-0.702456382193121,-0.0003410576481068063,0.0003334061378171208,0.7117266354691102,0.06569553583288193,0.033239019903956654,0.001434937509676574,0.0010578812407402438,-0.0011100959454779513,0.012392763073876267,33329,800000000,4.19,0,2,3
0.624375000000001,0.0,5.0,-0.10753307735519309,1.0332775386411008,4.957450960291309,-0.703731548733712,-0.00033820455027829915,0.000522920510429743,0.7104657060609422,0.08529144660601991,0.03899768058351698,0.0017232394280121666,0.0011938623970308981,-0.0009635212450120889,0.01511850132374093,33330,121000000,4.01,0,2,3
0.7065600000000011,0.0,5.0,-0.09497414785933297,1.0049763435136077,4.958001820707044,-0.7055069995035682,-0.00037140917110118477,0.0007375923772723733,0.7087024704798089,0.10117428927150204,0.04629178553802754,0.0017540674747645508,0.0012818812251680356,-0.0008328801925472362,0.01852865498221945,33330,456000000,3.79,0,2,3
0.8845200000000012,0.0,5.0,-0.0820681525176232,0.9772672946689089,4.958498892141279,-0.7073339503521432,-0.00040867969654467286,0.0009167502014802773,0.7068788264117165,0.11079434547172314,0.05317811155882013,0.001737437474971479,0.0011834187603199098,-0.0007016112363089633,0.021159289826755412,33330,902000000,3.5,0,2,3
0.9801150000000013,0.0,5.0,-0.06470350965908961,0.9428905403993985,4.959062559002136,-0.7097316161343697,-0.0004845448623111048,0.0011110401965097071,0.7044711235141251,0.11791118002822154,0.06197771530709958,0.00160592341092629,0.0016083323998827836,-0.00049692615107233,0.024272427981486544,33331,207000000,3.2,0,2,3
1.1840850000000014,0.0,5.0,-0.045700665212133534,0.9094492875646271,4.959572555880803,-0.7122482167144502,-0.0005906366450263108,0.001297654280176786,0.7019262390228822,0.12188937458450808,0.0708328631211799,0.0014522661245251489,0.0014241024814509728,-0.000436496807765252,0.02712129080464365,33331,481000000,2.83,0,2,3
1.2922800000000014,0.0,5.0,-0.023997504275566572,0.8753578172312921,4.960043114470498,-0.7150471476262691,-0.0006900303827744824,0.0014680362284945163,0.6990743489781607,0.12406641499669932,0.07990396022279514,0.0012285051324449332,0.0014605830870095815,-0.0003229898709378176,0.030143735239107627,33331,746000000,2.44,0,2,3
1.5206400000000015,0.0,5.0,0.008348926705872485,0.8341314065726081,4.9605641435441505,-0.718537150965451,-0.000853061032593067,0.0016584437510303962,0.6954860778862879,0.09244018425861042,0.09312079792628651,0.0006532417496389208,0.0013282978784445731,3.17046653819375e-05,0.01769682166923303,33332,16000000,2.0,0,2,3
1.6406250000000018,0.0,5.0,0.03648293317503975,0.8174704462066567,4.960753428908468,-0.7195241567819161,-0.0010248642765133926,0.0017486935725362317,0.6944644551964315,0.024749649541422936,0.10408921035260894,-0.00033256436429895573,0.001649596890729299,0.0014105760556049063,-0.0010974183851431007,33332,295000000,1.47,0,2,3
1.8917550000000016,0.0,5.0,0.06264469729011432,0.8224431450736048,4.960619383827687,-0.7186725299289446,-0.0013327118664091188,0.0016906599473375137,0.6953453532407864,-0.0529919629309609,0.11479201490114566,-0.001639940113514237,0.0017476809148320172,0.0025629778747315868,-0.017994931295106653,33332,524000000,1.32,0,2,3
2.0227200000000014,0.0,5.0,0.09839478695583317,0.8520736897202514,4.96000140564188,-0.7157963111620745,-0.00180625151997995,0.0015909737181360932,0.6983049814979422,-0.13137068041846472,0.12911092320108836,-0.003488514593641997,0.002206069439125713,0.0029022588933003135,-0.037294554203981534,33332,807000000,1.45,0,2,3
2.2950000000000026,0.0,5.0,0.14122646265085453,0.9057967828046136,4.958840635022624,-0.7106046764003235,-0.002362483331634508,0.0015135067922784884,0.7035859022519486,-0.19412059378681862,0.14340395187860785,-0.005388307827596803,0.0022806373635830823,0.0028768606171070132,-0.055930224698386155,33333,68000000,1.92,0,2,3
2.4361350000000024,0.0,5.0,0.1858577480000684,0.9701209084902958,4.957362015211651,-0.704143223016344,-0.0028385773916331626,0.0014436862396421373,0.7100508289753544,-0.21976787301864031,0.15429062989163927,-0.00633749650359663,0.0013698110592486046,0.002600003585939703,-0.06065564703021664,33333,334000000,2.75,0,2,3
2.727945000000002,0.0,5.0,0.22818844503017519,1.024477312486372,4.956164462389101,-0.6988232445879818,-0.003133871719037219,0.0013797021007809509,0.7152862001280937,-0.19259734758324126,0.1644281992953872,-0.005710527496640956,0.0009577022069606755,0.0008541356464775163,-0.04908115224679932,33333,632000000,3.77,0,2,3
3.0318750000000025,0.0,5.0,0.27365988454069645,1.0643321116443605,4.955226696418771,-0.6951861315343068,-0.0031674004935107066,0.0015396100851961738,0.7188211458334158,-0.1276543051296699,0.1767699270707886,-0.004558218737454497,0.001369708400034142,-0.001333683280790865,-0.0332503786921734,33333,887000000,4.61,0,2,3
3.188160000000002,0.0,5.0,0.33049739339326445,1.09017015378866,4.9544935656948965,-0.691992472519304,-0.0031423393675695218,0.0018837607556049794,0.7218954184127607,-0.0635688338724742,0.1958341082621073,-0.0034095771543325368,0.0019678311446114094,-0.001731520205794368,-0.02471386906108819,33334,185000000,5.18,0,2,3
3.5089200000000025,0.0,5.0,0.3885041303566329,1.0982461907438865,4.9540900272511985,-0.6900401737461034,-0.0031482552545797605,0.0022482190929286184,0.7237607288435931,-0.01633897326125364,0.2146990178063278,-0.002711050580420941,0.002127086077052809,-0.0016936348060880846,-0.009834189859248,33334,462000000,5.69,0,2,3
3.6732150000000026,0.0,5.0,0.441830305154626,1.0953584870530662,4.953907542507987,-0.6899241100897865,-0.0031729530710618466,0.0025666948612332423,0.7238702002176317,0.016477394712707753,0.22992156303584704,-0.002371907534976943,0.0024679106900293846,-0.0017036392250702193,0.008516100569977425,33334,757000000,5.99,0,2,3
4.009185000000003,0.0,5.0,0.533388963270043,1.0768535596275879,4.953804331872329,-0.693641669110856,-0.003258418052684364,0.003124310707979951,0.7203060851245804,0.05627724229764593,0.25408949523491603,-0.0022928253692650366,0.0023677729132032255,-0.0019248333273935714,0.043340831689420156,33335,106000000,6.0,0,2,3
4.180680000000002,0.0,5.0,0.6113542340049958,1.0538191084188302,4.953851137818604,-0.6991139950764719,-0.00333791511700984,0.003554771501992593,0.7149935970415783,0.07927203869599961,0.270106247114173,-0.002382771880386096,0.002931489029833756,-0.0017817713796830503,0.05906712649448309,33335,381000000,5.41,0,2,3
4.530240000000003,0.0,5.0,0.6944494068144293,1.0262268064085696,4.953946466727697,-0.7061396924886948,-0.0034750992018103668,0.003983523119158134,0.7080528157708775,0.09603255231931804,0.28491591023180624,-0.0027325876263009237,0.0024995629928525886,-0.001653068102314137,0.07319282231037505,33335,637000000,4.55,0,2,3
4.708125000000003,0.0,5.0,0.7760797469294813,0.9982067965627305,4.954039245238184,-0.7139083614495334,-0.0036001702785801604,0.004338954810616368,0.7002164406078728,0.10798906742312009,0.29646432818642987,-0.003135274814556824,0.0025435909037696547,-0.0015899474647085299,0.08527074023731984,33335,922000000,3.42,0,2,3
5.069655000000004,0.0,5.0,0.8617209250454752,0.9692013521137725,4.9541142146263235,-0.7227316075530027,-0.0037451106046118075,0.004679487556482992,0.6911028143385182,0.11813389994500312,0.30748259132718053,-0.0036628972863308996,0.0024103833766275784,-0.0014994061984907603,0.09549371607135981,33336,256000000,2.17,0,2,3
5.253120000000004,0.0,5.0,0.9972349494141306,0.9253671961165973,4.954079098235856,-0.7373562794167213,-0.004012301657336836,0.005166642204429746,0.6754723713435445,0.13229540533113954,0.32298172838759964,-0.0048280483445434464,0.0024350016019525356,-0.0014792900174143142,0.10825692224898376,33336,547000000,0.76,0,2,3
5.6250000000000036,0.0,5.0,1.127351607478168,0.8884202035482207,4.953843518351543,-0.7503226222284836,-0.004182245127392492,0.005476494878132121,0.6610359138516728,0.12518374864880805,0.3376569981567977,-0.005738176204578412,0.0007078155817907827,-0.0008912626356050168,0.08141390644595958,33336,819000000,1.69,0,2,3
6.002880000000004,0.0,5.0,1.2271748747509972,0.8709539982219919,4.953529521435323,-0.7559094577500927,-0.004344141980955589,0.005577216345569784,0.654638002847562,0.07997183656362773,0.35440832536390976,-0.006939470534775565,0.0027619254751698463,0.0016255358559646993,0.010662473596312338,33337,59000000,3.88,0,2,3
6.386040000000003,0.0,5.0,1.3303857877411627,0.8760102986905962,4.95273349498371,-0.7526164181321238,-0.004880113386453777,0.005492146314571749,0.6584182166223584,-0.006664350911801402,0.37990705544995207,-0.00919390583664796,0.0026558506760920864,0.004058333797729574,-0.06554716019309126,33337,368000000,4.83,0,2,3
6.579375000000004,0.0,5.0,1.4381055907564928,0.9015632533362883,4.951518009984703,-0.7449540189330658,-0.00548422742705193,0.005348303816493715,0.6670718316428058,-0.07493495627146604,0.4045674939017875,-0.011050161800084267,0.0030511438353642006,0.0043958692003798205,-0.09753862250363454,33337,640000000,4.27,0,2,3
6.969105000000003,0.0,5.0,1.5762721974980103,0.9513016790936448,4.949613113193026,-0.7317334868834233,-0.006315524873611889,0.005276646524570551,0.6815411765406787,-0.13770453268005692,0.4278374364034726,-0.013539261790562546,0.003869058218697319,0.004808678386325482,-0.13609760790131986,33337,896000000,2.96,0,2,3
7.165320000000004,0.0,5.0,1.7127042767272571,1.008819482958462,4.947373368193498,-0.7158605526344337,-0.007025850544377498,0.005167638623492633,0.6981888011971462,-0.16682168737889097,0.4385610102963694,-0.015077924436174691,0.0007729632898190175,0.00451486221209052,-0.13529487187042832,33338,268000000,0.76,0,2,3
7.560000000000004,0.0,5.0,1.8449514553723807,1.057388283606759,4.945304813067253,-0.7040137087550149,-0.007377564828106927,0.005011838532081166,0.7101303759851034,-0.13502212409546344,0.4442215010220071,-0.014981892490403345,0.00108450990410347,0.0007734530186098709,-0.055655081814620644,33338,555000000,1.81,0,2,3
7.957080000000003,0.0,5.0,1.9888583465475156,1.0855609420896708,4.94319392462624,-0.7031410119621785,-0.007361203680434805,0.005334369351255767,0.7109923167522999,-0.056014705616518924,0.4540726694824978,-0.01474058782161812,0.001223346544065862,-0.0025512794991300325,0.01961751204362372,33338,863000000,3.68,0,2,3
8.156295000000004,0.0,5.0,2.1364685075036993,1.0916181759367698,4.941210201290202,-0.7069418960215594,-0.007219274393080264,0.005773455048514857,0.7072112166414519,0.006698664547961646,0.46829316163649015,-0.014493153300928716,0.0016718794086045818,-0.003082425132561184,0.04675269337894861,33339,141000000,3.79,0,2,3
8.555625000000004,0.0,5.0,2.2888430694586255,1.0827552179499436,4.939433077080389,-0.7136599337204753,-0.007112020751844847,0.006264564604865642,0.7004282071656046,0.052969998814220556,0.4817228853390265,-0.014330638978948772,0.001981589048227761,-0.003547140863702225,0.07733896854915656,33339,423000000,3.16,0,2,3
8.955555000000006,0.0,5.0,2.4255532393652532,1.0672891339209951,4.938024470870478,-0.7224509003248404,-0.00703555352151832,0.006740305163871203,0.6913535751645256,0.08514905419461587,0.4901753895741551,-0.014342112879626709,0.0023859497105149785,-0.0039169292449514614,0.10529243809287436,33339,849000000,2.06,0,2,3
9.155520000000006,0.0,5.0,2.585653552792047,1.0448698702088364,4.936581686661765,-0.7357583497884147,-0.007006252510709493,0.007339174326761367,0.6771681472592949,0.11562995902285342,0.4989744777472936,-0.014555217987053809,0.0026189830350631382,-0.004200157991363085,0.13820795429637656,33340,222000000,0.61,0,2,3
9.555000000000007,0.0,5.0,2.7708042173580956,1.017621934046652,4.935087451847066,-0.7540312879471037,-0.007062774397593457,0.008010035709540586,0.6567516831669123,0.14634627499624348,0.5051023981298944,-0.015187460653976428,0.0026336182600061875,-0.004123466851524427,0.16594714106759056,33340,517000000,1.62,0,2,3
9.953280000000005,0.0,5.0,2.9178302468479678,0.9967985496767572,4.933949301376586,-0.7697561391453122,-0.007174995284648435,0.008495510634270722,0.6382412020465548,0.16922466153195642,0.5069066885790171,-0.015829917794403722,0.003102884261352301,-0.004031387379654916,0.1833096452173777,33340,798000000,4.75,0,2,3
10.151745000000005,0.0,5.0,3.1325908728519445,0.9688058067230646,4.932245496842613,-0.7945303489569698,-0.007546251166271689,0.009287489571404408,0.607106515544935,0.2077768435850964,0.5070259386542914,-0.017619143619500437,0.003924006296074367,-0.004446382172318408,0.2153609530068934,33341,67000000,7.52,0,2,3
10.546875000000004,0.0,5.0,3.35292569787878,0.9451812608320191,4.930207868891465,-0.8205825964320563,-0.007773729821837125,0.009874808594807927,0.5713897616449719,0.23438580351506388,0.5070726269119717,-0.019376558026764794,0.0001833969704989613,-0.004004622451247997,0.22052042186260223,33341,414000000,12.05,0,2,3
10.939005000000002,0.0,5.0,3.55523722379273,0.9383163261745067,4.928173912871608,-0.840425722771714,-0.00765413565721966,0.009815137030614676,0.5417837961733936,0.21426089064204717,0.524412918822083,-0.01968229359431933,-0.0035590435572885326,0.0007019259953722212,0.14125663874438033,33341,715000000,17.13,0,2,3
11.327415000000002,0.0,5.0,3.714722614815471,0.9542733605472256,4.926632242601855,-0.8491168560651858,-0.007600719950839398,0.009212546227079966,0.5280699980061518,0.17519732188438414,0.5533967254261728,-0.019381631263750317,-0.0027320056688040495,0.002465060742906644,0.11014626143150963,33342,41000000,21.25,0,2,3
11.520000000000007,0.0,5.0,3.912446918378681,0.9946410239315541,4.924707548210877,-0.8596202196557301,-0.007708175400816346,0.008626036684540594,0.5108025582180866,0.1567031721471101,0.5856560248782191,-0.019954841374270227,-0.0005048798357165651,0.0010155834161196253,0.13640888646477833,33342,356000000,23.14,0,2,3
11.901480000000008,0.0,5.0,4.139518498472275,1.0548221936198863,4.922281700636407,-0.8735173817613825,-0.008365220892995464,0.008597224903259282,0.4866451423410215,0.18071959691089962,0.5980080590989288,-0.021894797373133112,0.005862608668394387,-0.0005569900281443552,0.150809483602643,33342,666000000,25.48,0,2,3
12.277440000000006,0.0,5.0,4.322121306232484,1.1012418311525942,4.92004741884868,-0.8847837228403548,-0.009378687691142536,0.009089747950777723,0.4658188279751529,0.23701476920645187,0.5824109227660975,-0.024709521203755646,0.010800810196087696,-0.004271385523679783,0.17816072067944333,33342,991000000,28.69,0,2,3
12.647160000000005,0.0,5.0,4.547038607816302,1.1348396271254353,4.916423121049396,-0.9017260372329825,-0.011132797679837408,0.010866399062316848,0.4320279342396038,0.35306587046225346,0.5289657723612101,-0.030916314704261337,0.014649823151557939,-0.009641040651331423,0.2443285018671304,33343,271000000,31.41,0,2,3
12.829455000000008,0.0,5.0,4.71375017519736,1.1433958576887926,4.913015854927688,-0.9158625163295416,-0.012662415160778082,0.012494606932267876,0.40109774272915566,0.42854115384620134,0.48467109596289804,-0.035965488783908865,0.018753420044959057,-0.011509914202179061,0.27940798026975244,33343,578000000,35.77,0,2,3
13.188465000000008,0.0,5.0,4.936849525820251,1.1404971559116648,4.907391426166946,-0.9345486035801929,-0.015048952174717656,0.014785830159234436,0.35520953789454585,0.5128423847137124,0.41972962998567775,-0.04357710244662052,0.013253759152576094,-0.012537541442725342,0.2830586599884555,33343,947000000,39.72,0,2,3
13.365000000000007,0.0,5.0,5.178770445172655,1.1258654151524334,4.899854827453411,-0.9500643116119901,-0.016906007275188338,0.016668940262587313,0.3111497021527879,0.5791269838831925,0.36085425762296885,-0.05073971285433977,0.00892754151209374,-0.010176562045671744,0.21609973919112235,33344,240000000,45.49,0,2,3
13.711680000000007,0.0,5.0,5.400250667130156,1.10758114773375,4.891823739425355,-0.9585606557197133,-0.01799779279620315,0.017818197699850546,0.28376056912719,0.6221083728871346,0.32781304182899434,-0.056863388255238415,0.004227864292261074,-0.006840370497229742,0.11962087155552581,33344,613000000,50.99,0,2,3
14.049240000000006,0.0,5.0,5.642933159882458,1.0843972290488224,4.881659909650476,-0.9617652338159706,-0.018360616979538665,0.018598224094924464,0.2726254368681631,0.654931735863993,0.3153440856437265,-0.06396719362560735,0.00019161941651191228,-0.0041429775137658,0.00851955842335883,33345,28000000,54.47,0,2,3
14.376960000000006,0.0,5.0,5.8635819726288805,1.0605397320425454,4.871084202106867,-0.960827096453392,-0.018144283670421372,0.019193021230271837,0.2758871211693031,0.6754457555930153,0.3200807736665808,-0.07060508203488366,-0.0018286754198015842,-0.00356376174295292,-0.053091209701960906,33345,385000000,56.03,0,2,3
14.536905000000008,0.0,5.0,6.105047998178274,1.030642750468166,4.858089065712381,-0.9575571138371284,-0.017627300156575734,0.019940892116518037,0.2870122172498857,0.6912782345640986,0.33211697100613874,-0.07752004294361191,-0.00015296374442641536,-0.004059808179590618,-0.08501489573973231,33345,657000000,55.83,0,2,3
14.84851500000001,0.0,5.0,6.335910945098922,0.9977787673499483,4.844611737357206,-0.953697787579961,-0.01732433241157613,0.020831825121759778,0.29954370721762236,0.7004977312721035,0.34352312785913297,-0.08261727237372649,0.0026291188078175765,-0.004306038681534119,-0.08442317339358851,33346,21000000,54.66,0,2,3
15.0,0.0,5.0,6.631718290381699,0.9497053708886782,4.826626762558912,-0.9491996688597388,-0.01752467058908244,0.022077401611688807,0.3134094173686912,0.7057974034007375,0.3543660534168681,-0.08636472211956683,0.005965509944871883,-0.0038312213746394264,-0.06735838469467126,33346,389000000,52.81,0,2,3
15.0,0.0,5.0,6.882790006581038,0.9072163524660514,4.811382861441966,-0.9462118236633221,-0.018191476229244108,0.023021938565918713,0.3222145951023912,0.6910195865401414,0.3917842111519472,-0.08863428533013948,0.009342440262116725,-0.00028873395336859176,-0.0397742296627257,33346,684000000,51.61,0,2,3
15.0,0.0,5.0,7.121764212154776,0.884782317033774,4.797437294789924,-0.9449408043893299,-0.019396199821037238,0.02332290274945596,0.3258323278004931,0.6539974830862544,0.4574618752409726,-0.09003557153657463,0.007085739480316988,0.0028608399361473857,-0.021067031411803328,33347,47000000,50.53,0,2,3
15.0,0.0,5.0,7.378710779326203,0.882720027781693,4.783217426832326,-0.9438577090702536,-0.02062034043639167,0.023205973052258345,0.32889042157478215,0.6122054316852752,0.5139212728640727,-0.08991008632584711,0.007431687754433369,0.004166315466136439,-0.02030047089647269,33347,301000000,50.1,0,2,3
15.0,0.0,5.0,7.634799894316705,0.8987122694928745,4.769636219515774,-0.9428087997011528,-0.02206798678408409,0.02310885855469844,0.33179896296050704,0.5741566423994755,0.5496573846860034,-0.08995696783535892,0.011246710801060544,0.003531106040099985,-0.01623846255824901,33347,649000000,49.73,0,2,3
15.0,0.0,5.0,7.902772381818243,0.9285321826550055,4.755513695901157,-0.9419966736701402,-0.024029387473554303,0.02335842979973606,0.3339449641622528,0.539934385050327,0.5647258400854013,-0.09097750896378332,0.01259446698895772,0.002040868230324122,-0.010589470002742019,33348,3000000,49.33,0,2,3
15.0,0.0,5.0,8.148899635567501,0.9636393245391516,4.742370030499024,-0.9414402747295569,-0.025773637847298164,0.02374988785091156,0.33535335325045085,0.512179991271449,0.5656817047865779,-0.0914114109312954,0.010092932916450081,0.0012085270100214984,-0.00774225227360148,33348,326000000,48.97,0,2,3
15.0,0.0,5.0,8.358491529678682,0.9975377933565593,4.7311122401835215,-0.9410631936948818,-0.02682177129665036,0.023987042808421604,0.33631128413213596,0.49126683716615976,0.5587110328110854,-0.09034400535879669,0.003899293005815707,0.0011274479788880853,-0.006139719471320859,33348,664000000,48.67,0,2,3
15.0,0.0,5.0,8.604605046070937,1.0378657167955507,4.718070819192299,-0.9407692735576985,-0.026967744140827775,0.02389383045602053,0.3371275716576942,0.48001957143481916,0.5259087561819944,-0.08475707464552588,-0.0038748588394810213,0.00016260173794080401,-0.002803603706524882,33348,964000000,48.42,0,2,3
15.0,0.0,5.0,8.79942159291761,1.0615087034701,4.708400200007196,-0.940677077170482,-0.026097565183522475,0.02360111337829934,0.33747376346139185,0.48792735561288164,0.4777210386131002,-0.07661693747818622,-0.012267545571376104,-0.0006582755645467842,1.4811741166909087e-06,33349,292000000,48.15,0,2,3
15.0,0.0,5.0,9.013779620486913,1.0697091344869167,4.6991425811291645,-0.9408172486419043,-0.023911437402014256,0.022938306131004754,0.3372906490418718,0.5096285840848418,0.4106282802961102,-0.06430691038989025,-0.016892291750991717,-0.0002926313442230821,0.001649604473641375,33349,592000000,47.95,0,2,3
15.0,0.0,5.0,9.220219517198938,1.0591231009410245,4.692124507170719,-0.9408243257288205,-0.02137771083059655,0.021924859983731032,0.3375083437653758,0.5241526790454045,0.3578079126556959,-0.05245042843091595,-0.017623542953515425,0.0015258078860824753,-0.004959503030477208,33349,976000000,47.79,0,2,3
15.0,0.0,5.0,9.407470954829181,1.0368895618979206,4.687478966004801,-0.9402950056834978,-0.019007485341961897,0.020765071869671376,0.33919438317562595,0.5288538201494674,0.32321592763132423,-0.04278684105523203,-0.018146231923310552,0.0025804796678130515,-0.024440561537630856,33350,295000000,47.58,0,2,3
15.0,0.0,5.0,9.612952546820555,1.002801153365692,4.6841221184987365,-0.9380194588492903,-0.016303921754464063,0.01944797151408782,0.34565221445767724,0.5225864574912833,0.3015215382066302,-0.03393927829460123,-0.01651174188737059,0.0026065660449603456,-0.05731655073759612,33350,588000000,47.19,0,2,3
15.0,0.0,5.0,9.823183065650051,0.9610345227164195,4.6822595809377425,-0.9334709351962895,-0.013600087632673081,0.018277677850555004,0.35792873208578707,0.5070576403993816,0.2936617676576333,-0.027081667945501226,-0.014826735605311114,0.0015248112958943238,-0.09174416190944612,33350,917000000,46.18,0,2,3
15.0,0.0,5.0,10.015684658465442,0.922535747247312,4.681376357423406,-0.9272041106875941,-0.011572338252355787,0.017420425986298033,0.3739721204446351,0.4605710184767621,0.32983522760794354,-0.025962890119334912,-0.008059877563937334,0.004512040186455124,-0.10651976335793734,33351,228000000,44.4,0,2,3
15.0,0.0,5.0,10.171983436715712,0.9098943663636243,4.679828807614523,-0.921386143057138,-0.01072552823192495,0.016557684089284357,0.38814737088383916,0.3955410321617536,0.38792218728622285,-0.028710002940796713,-0.005786394012829987,0.005254945699562086,-0.11702486517606303,33351,554000000,42.13,0,2,3
15.0,0.0,5.0,10.336864725561249,0.9166200299814264,4.677121979131068,-0.9139440926582958,-0.01010904358994336,0.015827521324926954,0.40540534320777005,0.3263112549913125,0.4367956068338302,-0.030955901327788714,-0.0031603045272277086,0.0044344075377011904,-0.1312370106461458,33351,874000000,40.15,0,2,3
15.0,0.0,5.0,10.518858132756458,0.9436756182962942,4.6731137284426465,-0.9043795297415922,-0.009695649472086953,0.01526149584307086,0.4263458071921462,0.25590978442059303,0.4698431689113403,-0.031955814844316685,-0.0015887668837422098,0.003965946552852984,-0.13690102059626952,33352,165000000,37.74,0,2,3
15.0,0.0,5.0,10.6740500564367,0.9788710333286276,4.669209611818492,-0.8954014805741344,-0.009444926332130428,0.014832859722307334,0.4449123152090611,0.20363232061350534,0.4821364245659205,-0.031229062698739662,-0.0016895132489480602,0.004135454082643264,-0.13357626012293622,33352,513000000,34.79,0,2,3
15.0,0.0,5.0,10.84269283452801,1.0263011041498007,4.664938876287785,-0.885422087940117,-0.009192780511057753,0.01423406948194273,0.46447885876563044,0.15283798299069454,0.48131646831478986,-0.02887556716925781,-0.0019713186247827252,0.004915750014333753,-0.12255872716195881,33352,791000000,32.15,0,2,3
15.0,0.0,5.0,11.002642482942646,1.0776131775630786,4.661192757262967,-0.876452594063565,-0.008997606234184797,0.013479908386673437,0.4812153213595647,0.12395316787813777,0.462012241131336,-0.023743277041343845,-0.0028817961265303893,0.005010224003854091,-0.0851296805194579,33353,99000000,29.35,0,2,3
15.0,0.0,5.0,11.127365969573159,1.1138518088281562,4.659658329917672,-0.8724320716425411,-0.008779095126133401,0.012772370083134693,0.4884895847617734,0.13905338878957618,0.4246929037677858,-0.014716462032186206,-0.0038920983570278622,0.003639700526036904,-8.371817870056475e-05,33353,430000000,26.96,0,2,3
15.0,0.0,5.0,11.23795626386221,1.1315859244612585,4.660904525608139,-0.8759475910486332,-0.008469061868914482,0.012096879548020256,0.48218021343928835,0.1909889782530793,0.3728523891160921,-0.0023417103514080067,-0.005786754081782419,0.0019667394781208714,0.10266283206874505,33353,723000000,25.85,0,2,3
15.0,0.0,5.0,11.344475911791044,1.1342019058632322,4.6649009661965835,-0.8844016661251497,-0.008069595001736454,0.011377687271433228,0.4665180841338526,0.23838766933832956,0.32617956326681297,0.008880610896981219,-0.006603732663279516,0.0014460284319284256,0.15467885095858946,33354,57000000,26.26,0,2,3
15.0,0.0,5.0,11.455748891239574,1.1247806088970822,4.671824069380587,-0.8945156251361506,-0.007597978223506803,0.010607768697747754,0.4468462177947261,0.2759939682637375,0.2839438255023501,0.018843631074041235,-0.00641804804217827,0.0014121037906988931,0.15453509258804843,33354,434000000,28.29,0,2,3
15.0,0.0,5.0,11.564226771717474,1.106777760857307,4.680901365827411,-0.9035507671494464,-0.007141726928296911,0.00989633617705087,0.4283072138668683,0.30131498082711,0.2494543690058033,0.026481968703581417,-0.005884948132006684,0.0015051851619318768,0.13807408831780776,33354,763000000,30.58,0,2,3
15.0,0.0,5.0,11.670326682931908,1.082917393422318,4.691483134450193,-0.9111372610597607,-0.006732191148866602,0.009260140719564805,0.41194395116897453,0.3179372461779044,0.2208987245078542,0.031641429388810566,-0.004929272108711302,0.0015220919408420741,0.11803092784248292,33355,45000000,32.74,0,2,3
15.0,0.0,5.0,11.796114082164843,1.0487558713073166,4.70547807291873,-0.9173985610361124,-0.006209950767158132,0.008724736175604599,0.39782558452040995,0.32630169094960004,0.19481264345477234,0.034926162180981365,-0.004544021885521943,-0.001248821479293838,0.03683005415950902,33355,353000000,34.63,0,2,3
15.0,0.0,5.0,11.896788202097097,1.0197499460129242,4.717202537056223,-0.9174921292464608,-0.005532996439833464,0.00871975622466738,0.3976198493191386,0.30617804106122426,0.1987275891922488,0.032077924034675236,-0.005303121633914998,-0.0022725647113475134,-0.041403189607081003,33355,691000000,36.18,0,2,3
15.0,0.0,5.0,11.993786823119303,1.0035415714690874,4.726543382640162,-0.9132094868160298,-0.0048188968306922,0.008894699244435877,0.4073648189864828,0.24551856586061632,0.2356623687652571,0.019952653451523535,-0.0008143302920871065,-0.002773208734652144,-0.11071771150454879,33355,994000000,36.02,0,2,3
15.0,0.0,5.0,12.08636681644893,1.007354434393032,4.731670967759405,-0.9051489519217636,-0.004505170955165712,0.009381169271869019,0.42496714218006304,0.1704708822506824,0.27864842718899063,0.004008152023541859,0.0012373932577247615,-0.0032962538625724846,-0.1575193353346549,33356,320000000,34.62,0,2,3
15.0,0.0,5.0,12.18094635310557,1.0310722316945196,4.732551244112883,-0.8940884950496838,-0.004355952781520796,0.010080889409811606,0.4477556971874995,0.09996752473249862,0.30946316906393745,-0.010218865159040379,0.0032771218229754595,-0.00251718111030641,-0.17417253548046574,33356,669000000,32.22,0,2,3
15.0,0.0,5.0,12.276887657896198,1.0722913295510919,4.72946119349632,-0.8811934552826379,-0.004494878300554976,0.010670910450027197,0.47261403079709363,0.03855207362684125,0.3244251890831973,-0.02103077573382369,0.00393510358662752,0.0002613411240304231,-0.1714581303531304,33356,941000000,29.12,0,2,3
15.0,0.0,5.0,12.356716698717609,1.1173245580094733,4.7243062765422605,-0.86986800103833,-0.004837269757251424,0.010873606428784158,0.49314098012039853,-0.004385855566903989,0.3265513712605634,-0.02775573745893936,0.004272917385605979,0.003438916314735252,-0.15671959408791736,33357,213000000,25.77,0,2,3
15.0,0.0,5.0,12.438037973947708,1.1706740673489684,4.717139094929144,-0.8596843767547846,-0.005515795436135119,0.010557288026194232,0.5106866867600683,-0.024676553703283394,0.31449535580310733,-0.029853479375450652,0.0027762553372667753,0.00793963026808342,-0.0882836349774152,33357,476000000,23.06,0,2,3
15.0,0.0,5.0,12.510916897601136,1.2139782973054505,4.711206969404292,-0.8563355038125792,-0.006209647588345937,0.00968967842119451,0.5162916378549806,0.00878386576700613,0.2863332041569313,-0.022373195581248374,-0.000976559539367372,0.007135635451049893,-0.002377641413886522,33357,752000000,20.82,0,2,3
15.0,0.0,5.0,12.56753530213383,1.2343718863554023,4.70891743416972,-0.8578495245471593,-0.0063803804504754535,0.009048643168504263,0.5137816715651977,0.06492602021091712,0.2568012294489457,-0.010860623247231468,-0.0022634478000327363,0.0043040639411628945,0.04548275574052241,33358,24000000,20.11,0,2,3
15.0,0.0,5.0,12.629394536260307,1.2422665516755529,4.70919840413834,-0.8613362947148067,-0.006360889267542471,0.008484991180471177,0.5079245331930335,0.11902658561198529,0.22926464815396205,0.0011887755708520084,-0.0035247698633611435,0.0026014604372903705,0.06287935830187052,33358,300000000,20.36,0,2,3
15.0,0.0,5.0,12.691407080746467,1.2381775403658049,4.71210146334017,-0.8652274193678448,-0.0061559045705170705,0.008004432219247036,0.5012779136146192,0.16055391924330914,0.206107353690186,0.0117205837831966,-0.003934480400857865,0.0014280231312113756,0.06444923419621773,33358,632000000,20.99,0,2,3
15.0,0.0,5.0,12.758375126879908,1.223716125434357,4.717727865073926,-0.869314512763765,-0.005834548569998229,0.007600228799678687,0.4941664420652968,0.19247084352052488,0.18448227603564424,0.02105168017701853,-0.004067475265401299,0.00048072335800952715,0.06144788931123912,33358,939000000,21.7,0,2,3
15.0,0.0,5.0,12.81957912783445,1.2036488366535052,4.724738579161546,-0.8728287343108996,-0.005503088544948184,0.007303739719497296,0.48794095130846454,0.21288069086794645,0.1672402476658206,0.02776637161530472,-0.0035925389965996146,0.00012568876996965628,0.05742992216255516,33359,208000000,22.45,0,2,3
15.0,0.0,5.0,12.88485392695771,1.1767703967416379,4.7338264312023695,-0.8762671523500879,-0.005175976675634786,0.007049533236180588,0.48174618945962877,0.22727359097057076,0.15107314579079456,0.03310956572887589,-0.003314497803330596,-1.2474740884726998e-05,0.0509746514580911,33359,496000000,23.08,0,2,3
15.0,0.0,5.0,12.96338963866248,1.138776159949948,4.746393859670319,-0.879831923648846,-0.004807157764154293,0.00678035576241298,0.47521227271434896,0.23739718589616904,0.13470077111768236,0.03708770942856505,-0.002807250461955846,3.3921940101322434e-05,0.04205854711472057,33359,795000000,23.68,0,2,3
15.0,0.0,5.0,13.039651863331251,1.0986866043760373,4.75954051944809,-0.8826147070785331,-0.004520933314566052,0.006517914234797719,0.4700301658454152,0.2256489970756149,0.12989146309779903,0.03532202893660755,-0.0022516550416185055,0.0009523550943413284,0.02734523714025272,33360,106000000,24.26,0,2,3
15.0,0.0,5.0,13.094429104091054,1.074504873534191,4.768074858323561,-0.8838225266910364,-0.004446998056099665,0.0062936194214444656,0.4677588650964714,0.19136372719490574,0.13900425600586924,0.027633060222696272,0.0008036168878788885,0.002477195198480331,0.01299712330364855,33360,394000000,24.67,0,2,3
15.0,0.0,5.0,13.169349252098778,1.0640710326251366,4.7749394610121065,-0.8837036565234319,-0.005020916032589878,0.0057467676681439645,0.4679846284982857,0.0969986919065283,0.17046938145724438,0.005598573287574843,0.0017137511349574197,0.004473656190384645,-0.010991223189193988,33360,691000000,24.78,0,2,3
15.0,0.0,5.0,13.217870469455452,1.0757078523168608,4.775311296281437,-0.8825150654359316,-0.005445286236931234,0.005467528017640326,0.47022081437744456,0.0403824682329027,0.18732527484188094,-0.007815048788284845,0.0017923940276887151,0.0010293075376921479,-0.0457632151665166,33360,953000000,24.57,0,2,3
15.0,0.0,5.0,13.264999254568671,1.1032909591684825,4.7721200582760055,-0.8773065320787738,-0.005543280458623627,0.0058126449382048,0.4798632450735254,-0.01659425622215878,0.19964944882753005,-0.0198880798655507,0.0019604560520747327,-0.0018805362969942507,-0.09972651096177287,33361,192000000,24.2,0,2,3
15.0,0.0,5.0,13.312940426051192,1.1496890611919321,4.764922021339642,-0.8688442922175655,-0.00567495878157074,0.0062026593589004425,0.49501405812427424,-0.06894203073204354,0.2050811002165545,-0.030128129854998048,0.002314010225745733,0.0011800579500231834,-0.10444881481816992,33361,427000000,22.92,0,2,3
15.0,0.0,5.0,13.345702410942236,1.1918328714384914,4.757670068576718,-0.8628987502463832,-0.005963342194536969,0.006166752205299531,0.5053040238711137,-0.09154341056264835,0.2032832852942609,-0.03445408941282558,0.0012358750723251433,0.0032112765438796487,-0.0866924827278126,33361,675000000,20.98,0,2,3
15.0,0.0,5.0,13.385247437360615,1.2412637621962173,4.749007676698614,-0.8582044741486099,-0.006154316400834628,0.0057518135336837636,0.513238854318357,-0.0558624067987495,0.18169158095291524,-0.026108181585395084,-0.002924491286648845,0.0027772797238867497,-0.03408798474993091,33361,913000000,19.69,0,2,3
15.0,0.0,5.0,13.418417641777095,1.2653788915398312,4.745056712261477,-0.8571492326929959,-0.00591044503291218,0.005381690922500432,0.5150061134939428,0.004911347946039625,0.15807491372459642,-0.01278373852186832,-0.003890685047736042,0.0010092808452100144,-0.006051922537153587,33362,167000000,18.71,0,2,3
15.0,0.0,5.0,13.450519742176507,1.2745775382062843,4.744118206888078,-0.857160221787531,-0.0055698380185798205,0.005095875802327857,0.5149945272907318,0.05443316653605954,0.1401411136169819,-0.0012453961505353114,-0.003874833055306226,0.00028847483406480023,0.004508106439971016,33362,429000000,18.45,0,2,3
15.0,0.0,5.0,13.493474817967293,1.2714924046070895,4.746263198219937,-0.8577736234827233,-0.0051190251580677726,0.004855818718533398,0.5139792091741868,0.10496678813643005,0.12173251784766533,0.011450127812462216,-0.003376359723006317,-0.0008368564238026011,0.01120260694733588,33362,742000000,18.39,0,2,3
15.0,0.0,5.0,13.531641754177645,1.258571072246759,4.750622711371497,-0.8585507504798713,-0.0047240690914393795,0.0047595296177882045,0.5126847363628901,0.13737154116956307,0.1089684573335584,0.020313441086460743,-0.0033617045346545638,-0.0012965653240826214,0.013335512994672172,33363,66000000,18.41,0,2,3
15.0,0.0,5.0,13.57051617575514,1.2386606791591797,4.756843015440645,-0.8593798067028238,-0.004319643079388719,0.004704186385305594,0.5112979162342988,0.16049079674435854,0.09840504151555382,0.02729583860400602,-0.0029256420020828955,-0.0014797671724409156,0.013035709798714379,33363,309000000,18.47,0,2,3
15.0,0.0,5.0,13.609569184548533,1.2137668757450664,4.764514745474406,-0.8601147815297873,-0.003960394825217684,0.004686251701310971,0.5100636400605191,0.17596600542184332,0.08951913347112753,0.032555763570182736,-0.002442947584313515,-0.0013989608305564616,0.010882560945901787,33363,665000000,18.52,0,2,3
15.0,0.0,5.0,13.648439554496036,1.185401955822673,4.77320644752517,-0.8607091548181525,-0.003658280915467,0.004674517435938874,0.5090623897713384,0.1862103566574817,0.0821976699419402,0.03606300962231229,-0.002285860705342202,-0.0011267541935922054,0.008590698598709423,33363,923000000,18.54,0,2,3
15.0,0.0,5.0,13.699561892492131,1.14399852384073,4.785774887945355,-0.8612679610247881,-0.00329086610493672,0.0046305361644912784,0.508119304541082,0.19373713657989883,0.07415194171443638,0.03866880836349039,-0.002057419305856456,-0.0007508565033731429,0.005215953524384531,33364,211000000,18.52,0,2,3
15.0,0.0,5.0,13.74649468885579,1.103158250065418,4.798044744759877,-0.8615669136425044,-0.003026714933449563,0.00456204756159393,0.5076144994336613,0.19347402689898163,0.0697607201817702,0.03924189326469538,-0.0015027094832475996,-0.00027816795409307815,0.0019219909859202744,33364,518000000,18.43,0,2,3
15.0,0.0,5.0,13.791738166580119,1.0649390391863789,4.809881711146059,-0.8614763273926045,-0.0029426213894766956,0.0044621300873211,0.5077696010166342,0.15982899601724207,0.07641679139471555,0.033704614868554764,0.00048236087195618893,0.0021000349306632415,-0.008570363752369303,33364,776000000,18.29,0,2,3
0.0,0.0,5.0,13.841356145509517,1.0453313108270368,4.819789710622654,-0.8598631185125122,-0.0034277532437447717,0.004027271005664225,0.5104972566213105,0.056510274775292677,0.10269221506323518,0.015741295391141604,0.0017915989019456902,0.0042541223137959605,-0.022675187574350275,33365,74000000,18.07,0,2,3
