x_ref,y_ref,z_ref,x,y,z,eta,e1,e2,e3,u,v,w,p,q,r,sec,nanosec,angle2,angle3,control_mode,std_test,x2,y2,z2,real_x2,real_y2,real_z2,time
0.0,0.0,5.0,1.159313151116513,0.7809984389887168,4.916825167104588,-0.043395926603132184,-9.300642064042275e-05,-0.005329704178694923,-0.9990437323548097,0.07860459003794491,0.0977554090545473,0.0030046711011114204,0.004637077563529601,-0.0011690563155752898,0.021340500461519696,24260,358000000,1.74,0,2,3,-1.190243565543322,0.953870436418346,4.893595595605008,-1.190243565543322,0.953870436418346,4.893595595605008,9.560585021972656e-05
0.0,0.0,5.0,1.1343234067598673,0.758210761169745,4.9181372454246945,-0.040328883598542475,-0.0002488428191864591,-0.005878503665835918,-0.9991691360423405,0.09654107703185855,0.09320744999873205,0.004816405169787638,0.004457341628949507,-0.0011091530723206233,0.02540130190027412,24260,685000000,1.51,0,2,3,-1.169615493212388,0.9257800620351805,4.895019846519446,-1.169615493212388,0.9257800620351805,4.895019846519446,0.6001970767974854
0.0,0.0,5.0,1.1125336335993763,0.7416027874834531,4.919445261776758,-0.03768821054384347,-0.0003523843244414345,-0.006282808823898425,-0.9992697338179382,0.10684212741560228,0.08970708957547346,0.005924645317704555,0.003963778362958692,-0.0009663687478678185,0.02711373526835814,24260,999000000,1.22,0,2,3,-1.1437207050799112,0.898375458598521,4.8971969195370235,-1.1437207050799112,0.898375458598521,4.8971969195370235,1.2691965103149414
0.0,0.0,5.0,1.0867129826772284,0.7241796576744168,4.921119155685243,-0.03464670047576729,-0.0004470341352221618,-0.006698416271320548,-0.9993770747451036,0.11509347408857207,0.08568922416457153,0.006866184871876392,0.0035419316873230855,-0.0008381520387956698,0.027953842072747648,24261,308000000,0.99,0,2,3,-1.1212690320270071,0.877786799353772,4.899296083242116,-1.1212690320270071,0.877786799353772,4.899296083242116,2.0892539024353027
0.0,0.0,5.0,1.057026171582155,0.70608003525992,4.92315563121821,-0.03130474245853404,-0.0005303072719314655,-0.007088509462400533,-0.9994846096400902,0.12119874523109815,0.08153661129878342,0.007578422283767555,0.003196868169652589,-0.0007077447833125916,0.027740098994399887,24261,669000000,0.74,0,2,3,-1.0947618977163347,0.8556508189008083,4.901933464133632,-1.0947618977163347,0.8556508189008083,4.901933464133632,2.7230942249298096
0.005294500000000001,0.0,5.0,1.0185201829518842,0.6846244375969628,4.925883185388158,-0.027190005379709004,-0.0006028690501471128,-0.0075075444451470075,-0.9996019092282507,0.12608504154254713,0.07677446830569143,0.008085951874501063,0.002422901820864354,-0.0005034972502926394,0.02677200063772034,24261,986000000,0.57,0,2,3,-1.0617833724370027,0.830170205377594,4.90536527367405,-1.0617833724370027,0.830170205377594,4.90536527367405,3.3260462284088135
0.011872687500000001,0.0,5.0,0.9712254152434773,0.6602557369045103,4.929335083290208,-0.022530735387967515,-0.0006511249135383928,-0.00786131505659634,-0.9997150302585258,0.12899945990101658,0.07197091217803757,0.008501498298575617,0.0015403703173433314,-0.0003774525083599656,0.024950287843239494,24262,297000000,0.55,0,2,3,-1.0250874309322937,0.8035398181090023,4.909315552556878,-1.0250874309322937,0.8035398181090023,4.909315552556878,4.170640468597412
0.021036000000000003,0.0,5.0,0.9220017551884548,0.6328089933242546,4.933461658718248,-0.018855539023554635,-0.0006252289516426785,-0.008120784962672795,-0.9997890430428208,0.07488320406737568,0.06979732618220788,0.008553481733881475,0.0009002343688280234,0.0006842650748239976,0.002174505607399624,24262,581000000,0.82,0,2,3,-0.9769741945920775,0.7704651182445357,4.914593758685541,-0.9769741945920775,0.7704651182445357,4.914593758685541,4.953244209289551
0.047011500000000005,0.0,5.0,0.9101234703748932,0.608033099495282,4.936917562700032,-0.019930871871178146,-0.00042621181973937806,-0.008263347151387605,-0.9997671207755308,-0.021091361458632312,0.07066458010648255,0.00815961144956413,0.0006978242311106442,0.0022811034114056383,-0.014576177181879757,24262,839000000,1.05,0,2,3,-0.9272423920953046,0.7334487643462868,4.92078769827185,-0.9272423920953046,0.7334487643462868,4.92078769827185,5.706498861312866
0.08300800000000001,0.0,5.0,0.9331813953445003,0.5829372871668552,4.939951839733074,-0.023300135590866577,-2.3691379497272312e-05,-0.00835517574435599,-0.9996936001387857,-0.11424783074148497,0.07083788564032939,0.007149220574165847,0.00027364491472781083,0.002630033304740209,-0.02445763002469903,24263,151000000,0.82,0,2,3,-0.9130124935551948,0.7037331634184874,4.925694455085268,-0.9130124935551948,0.7037331634184874,4.925694455085268,6.46539044380188
0.10469756250000001,0.0,5.0,0.9948928502209549,0.5517013820976809,4.94295326294332,-0.028953447542828747,0.00041361062796113797,-0.008364635702098616,-0.99954567663074,-0.19507573987920948,0.06861745124351823,0.005090427713332519,-0.00031835945719649317,0.002308201942469168,-0.031965161178959534,24263,456000000,0.38,0,2,3,-0.9332532085932195,0.6777774928261038,4.929632722053974,-0.9332532085932195,0.6777774928261038,4.929632722053974,7.199620485305786
0.1288125,0.0,5.0,1.0729163513674873,0.5226351392774633,4.944946815574464,-0.035033402007366876,0.0007457753226764187,-0.008259207455808534,-0.9993517349037626,-0.24010394983403915,0.06442627873232898,0.00304896546087042,-0.0012241173863003496,0.0020194526769046206,-0.0351839407812804,24263,695000000,0.59,0,2,3,-0.993706407753047,0.6478079412870261,4.9334369422406485,-0.993706407753047,0.6478079412870261,4.9334369422406485,7.979871034622192
0.18421200000000001,0.0,5.0,1.1355656428078191,0.50167642271025,4.945987228590664,-0.03951798688382935,0.0009280642129784709,-0.00808319810675358,-0.9991857331436598,-0.2334266536730553,0.06039231870611809,0.002213863266423596,-0.0026209811494481983,0.0001999142668296372,-0.028794868012482766,24263,962000000,1.28,0,2,3,-1.0629664359417421,0.6249354960808055,4.9355959064326775,-1.0629664359417421,0.6249354960808055,4.9355959064326775,8.580992221832275
0.2154433125,0.0,5.0,1.1914385009166342,0.47956518063525355,4.947178451710692,-0.04255985800863471,0.0007135256561115336,-0.007670653877326516,-0.9990642173736967,-0.15366478885157514,0.0565852847126735,0.003036903541397997,-0.0032985494271997595,-0.002140251513083058,-0.014919997738616075,24264,178000000,1.83,0,2,3,-1.1199047076162085,0.6081161080274021,4.936788497287679,-1.1199047076162085,0.6081161080274021,4.936788497287679,9.174319982528687
0.2489935,0.0,5.0,1.2217805774795067,0.4624455235303888,4.9483455694727985,-0.04416418252501153,0.00043498207477260997,-0.007262792854462498,-0.9989977915953795,-0.09450528005297164,0.05469830266576026,0.0037901569182094046,-0.00324624511449656,-0.0021010465161452885,-0.010110729999723844,24264,385000000,2.22,0,2,3,-1.1646329840608027,0.5890602843769428,4.938353441106668,-1.1646329840608027,0.5890602843769428,4.938353441106668,9.809612035751343
0.322944,0.0,5.0,1.2382972288079188,0.4468925069029167,4.949632243320377,-0.045201596894826446,0.0001990265999193305,-0.006868774456430018,-0.998954251186728,-0.0462879074843921,0.05336255523047599,0.004311009882530717,-0.0028773771873602527,-0.0016973923266050406,-0.005092233095638221,24264,632000000,2.44,0,2,3,-1.1844642485025647,0.5727654626995976,4.939999698551387,-1.1844642485025647,0.5727654626995976,4.939999698551387,10.454378128051758
0.36329106250000004,0.0,5.0,1.2436616526264748,0.43158840284533617,4.9510744117228525,-0.045451573302137394,4.9973201841440294e-06,-0.006503362830332459,-0.9989453742479035,-0.005275082575588376,0.0521615201159088,0.004491936544468772,-0.0023453610083379317,-0.0013940142025603564,0.0013535994526137074,24264,921000000,2.6,0,2,3,-1.189521037589959,0.5566272001505154,4.941832013702355,-1.189521037589959,0.5566272001505154,4.941832013702355,11.054076433181763
0.40585050000000006,0.0,5.0,1.2385474489293575,0.4165747370310465,4.952618512385326,-0.04483402677486498,-0.00017020083751425382,-0.006185227399241891,-0.9989752870000563,0.027412234159414507,0.05070082246933218,0.0044659968116707634,-0.0018988182887369476,-0.0011879946555382048,0.006837421506133978,24265,301000000,2.67,0,2,3,-1.1809262555682465,0.5393884576677139,4.943901252947198,-1.1809262555682465,0.5393884576677139,4.943901252947198,11.69510555267334
0.4505956875,0.0,5.0,1.2273094592403415,0.4045355013637772,4.953917826532645,-0.043721970482597294,-0.00029136720085073953,-0.005953527347576771,-0.9990259555759273,0.0484384874797591,0.04933747723040028,0.004270172910571295,-0.0018042870692625002,-0.0009400982207807829,0.01010178621072555,24265,719000000,2.65,0,2,3,-1.158078899451028,0.5211306249990939,4.9460849067709605,-1.158078899451028,0.5211306249990939,4.9460849067709605,12.348400592803955
0.5465368125000001,0.0,5.0,1.2088364145491397,0.3915389388840226,4.955313028588125,-0.04200944273878654,-0.00038984576878900706,-0.005699059268707038,-0.9991008835270365,0.06490646076217672,0.04759430549315897,0.003978302149667012,-0.001695383912192483,-0.0006693063880902628,0.01239063039975008,24266,75000000,2.56,0,2,3,-1.1292428017223692,0.5055061793605645,4.947850721171371,-1.1292428017223692,0.5055061793605645,4.947850721171371,12.95610499382019
0.5976795000000001,0.0,5.0,1.1896952570857329,0.3809351800784495,4.956484393297094,-0.04033682904191055,-0.0004451445915031023,-0.005489230244390362,-0.9991709615578608,0.0736362451246891,0.045938998863135364,0.0039070638535385425,-0.001835709349506942,-0.00044981822782119707,0.013251305244921241,24266,420000000,2.42,0,2,3,-1.0882236203169702,0.48776152441584397,4.949706873018224,-1.0882236203169702,0.48776152441584397,4.949706873018224,13.574223041534424
0.6509014375000001,0.0,5.0,1.1707327236023133,0.3715839737237592,4.957528551527311,-0.038721454292136914,-0.0004702729314627896,-0.005287695476676648,-0.9992359421565148,0.07713145628555967,0.04438462816169972,0.0037394486693939537,-0.0016264881537608744,-0.0002572570906522742,0.013458217290462926,24266,822000000,2.31,0,2,3,-1.04447678991166,0.47154631449897283,4.951250735258294,-1.04447678991166,0.47154631449897283,4.951250735258294,14.17519474029541
0.7061760000000001,0.0,5.0,1.1497865519813841,0.36185037980608714,4.958592006129392,-0.03701877097248585,-0.0004751787716278477,-0.005096969634467995,-0.9993014588708289,0.07734329186656363,0.042580128645380445,0.003469091343634662,-0.0013008464179620205,-0.00010345858143523401,0.012896102998638526,24267,155000000,2.14,0,2,3,-1.0071322667404412,0.4590754003707252,4.952311417889344,-1.0071322667404412,0.4590754003707252,4.952311417889344,14.757581949234009
0.8227765,0.0,5.0,1.1276477482931906,0.35180338720851717,4.959656358560149,-0.03524181267091053,-0.0004685682230212689,-0.004927927144121377,-0.9993665546822902,0.07484982723281697,0.040586642227724706,0.003226296759541551,-0.0013430518492896226,2.7655210388388696e-05,0.01222898208652623,24267,425000000,2.0,0,2,3,-0.9603479886230812,0.4446512195795324,4.953381075764903,-0.9603479886230812,0.4446512195795324,4.953381075764903,15.271627187728882
0.8840491875,0.0,5.0,1.109497311128931,0.34349733600035076,4.960511600472826,-0.03383567957629657,-0.0004453093118147876,-0.004784174605793912,-0.9994158594702047,0.07093054468642764,0.03901321014060147,0.0030537595905970063,-0.0010814365168698714,0.00012903755362003722,0.011168316723342286,24267,725000000,1.86,0,2,3,-0.9075360520452554,0.4294991738902845,4.9543067436623005,-0.9075360520452554,0.4294991738902845,4.9543067436623005,15.8443763256073
0.947268,0.0,5.0,1.0904670182619123,0.3341130484871009,4.961445789437798,-0.032442223095773104,-0.0004146846121359472,-0.004658333796028433,-0.9994626707003724,0.05417693933253102,0.036911948311050005,0.0027487058354378384,-0.0006691944122394489,0.00018379047759253808,0.007125481397451949,24267,977000000,1.76,0,2,3,-0.8605206406983469,0.4168216555963731,4.954914395778549,-0.8605206406983469,0.4168216555963731,4.954914395778549,16.52767562866211
1.0124063125000002,0.0,5.0,1.0813910124872521,0.3239850619556949,4.962221554643475,-0.03201996263805024,-0.0003367589425162902,-0.004586359046882969,-0.9994766500007719,-0.015789453589258148,0.03439274412827674,0.0011376547662159935,-0.00019763685372709006,0.0016562386008445174,-0.0038531712561962195,24268,245000000,1.67,0,2,3,-0.8090959506077894,0.4025039009909639,4.955432465592523,-0.8090959506077894,0.4025039009909639,4.955432465592523,17.113919973373413
1.0794375,0.0,5.0,1.096548163354259,0.31499994292728667,4.962229958288372,-0.03305648688271973,-5.7131420674034e-05,-0.004582036568530261,-0.9994429800403113,-0.1089640213444831,0.032122280155710455,-0.0015649568069222963,0.00031010054897251393,0.0027318422098687734,-0.011769104548875475,24268,531000000,1.7,0,2,3,-0.770914221331929,0.38810616022408395,4.955794672616181,-0.770914221331929,0.38810616022408395,4.955794672616181,17.714193105697632
1.2190720000000002,0.0,5.0,1.1482323909577892,0.30172651652803995,4.9612653570919365,-0.035276892210160116,0.0003838261153126317,-0.004677290201000845,-0.9993665576303228,-0.2103455309571721,0.028436357755997364,-0.0050681716036978155,0.0007962533800309757,0.002939866203632846,-0.01483177056798013,24268,825000000,1.87,0,2,3,-0.7579617395121255,0.37746832677875714,4.955929967900188,-0.7579617395121255,0.37746832677875714,4.955929967900188,18.426891088485718
1.2916220625000001,0.0,5.0,1.255907335760946,0.2828594401595576,4.958612555398944,-0.038394245198498766,0.00097180598504726,-0.004840716968041618,-0.9992504715975871,-0.29584011660788595,0.02327173302583887,-0.008592442194122514,0.0005476633646139817,0.002849708175745036,-0.014293519325292436,24269,82000000,2.17,0,2,3,-0.760410043799101,0.36432091569234476,4.955922131585614,-0.760410043799101,0.36432091569234476,4.955922131585614,19.280335426330566
1.4420546875,0.0,5.0,1.3488273667827309,0.2689523084582559,4.956116280754868,-0.0404411679138037,0.0013442990282347964,-0.00486302522110369,-0.9991691827631539,-0.3093365986756716,0.020626062534904843,-0.009365339937991168,-0.0011512613127706572,0.0018799578924699745,-0.011663830537145259,24269,381000000,2.56,0,2,3,-0.7886351209204369,0.3485896497060219,4.955461089288379,-0.7886351209204369,0.3485896497060219,4.955461089288379,19.99360179901123
1.5198840000000002,0.0,5.0,1.4183653470969244,0.2583439479743952,4.954297779223473,-0.04163875322655858,0.0014905274749621963,-0.004685624662250307,-0.9991206320955988,-0.27320766761874365,0.020034014826137737,-0.00796070000726325,-0.0039029820072755683,0.00022007727409345534,-0.008533369691576809,24269,662000000,2.81,0,2,3,-0.8213936870992927,0.3382816847926758,4.954828318627733,-0.8213936870992927,0.3382816847926758,4.954828318627733,20.598700046539307
1.5994198125,0.0,5.0,1.4856519189686215,0.24694280552612394,4.952699339090253,-0.04262519987542368,0.0013742427967951888,-0.0040820331154908865,-0.9990818488982569,-0.2161832132535491,0.02057700313711773,-0.005549637521296729,-0.005705980629500118,-0.001667133005867072,-0.005894442801945843,24269,892000000,2.96,0,2,3,-0.8471607972225583,0.33040920220014114,4.954335667298977,-0.8471607972225583,0.33040920220014114,4.954335667298977,21.174275636672974
1.6806355000000002,0.0,5.0,1.535104569911334,0.2372107723398736,4.951701915604527,-0.043284447181045516,0.0011600585956028327,-0.0033790463504228922,-0.9990564012817532,-0.17267744500106957,0.02128808677020668,-0.0036644834998236274,-0.005872695373909664,-0.0019072074906034686,-0.004202882746540126,24270,161000000,3.08,0,2,3,-0.8602106955524906,0.3211924044475971,4.953784739699651,-0.8602106955524906,0.3211924044475971,4.953784739699651,21.779842615127563
1.848,0.0,5.0,1.569070898601574,0.22946612839356645,4.951166346275309,-0.04365750703043081,0.0009836577844536494,-0.0027672586216758543,-0.9990422397361243,-0.1434407461322257,0.021951817622027036,-0.002303370443188111,-0.005872357951375307,-0.0017584312331564433,-0.0026972979185302393,24270,431000000,3.16,0,2,3,-0.8506787896548087,0.31238991240356645,4.953244660813945,-0.8506787896548087,0.31238991240356645,4.953244660813945,22.38255524635315
1.9340955625,0.0,5.0,1.604246935876866,0.22010258373023062,4.950856360374651,-0.04389256329690028,0.0007901790361834442,-0.00198004434525826,-0.9990339823693231,-0.11584682993966955,0.02249874894324585,-0.0007350122595876487,-0.00543269648005662,-0.001414029759416735,-0.0007250336068409524,24270,676000000,3.21,0,2,3,-0.8285038558231167,0.30473704532876456,4.952763317205474,-0.8285038558231167,0.30473704532876456,4.952763317205474,22.97573184967041
2.0217645000000006,0.0,5.0,1.6370027684232165,0.20998597567429453,4.950941701348877,-0.04388998142193695,0.0006366748739340783,-0.0012244542606519846,-0.9990354172338689,-0.09593259767744447,0.02244486209134827,0.0007005820696313012,-0.00402207110710151,-0.000974109650542232,0.0004243658224822866,24270,958000000,3.24,0,2,3,-0.7845200959948867,0.29477579374068597,4.952075086831566,-0.7845200959948867,0.29477579374068597,4.952075086831566,23.641354084014893
2.1109801875,0.0,5.0,1.656455459403277,0.20333711813349792,4.951226122988059,-0.04382680570133024,0.0005592107827672915,-0.0008247012662357755,-0.9990386470268002,-0.08650402489366439,0.022242017065863318,0.0014912772253725217,-0.00312884105824196,-0.0007559933635548077,0.0008050727558384096,24271,245000000,3.25,0,2,3,-0.7174550768105971,0.28327126326656443,4.951169717082669,-0.7174550768105971,0.28327126326656443,4.951169717082669,24.22885799407959
2.2939453125,0.0,5.0,1.675819807798517,0.19634623934606252,4.951692228881312,-0.0436738735683872,0.0004986042667592915,-0.0005048025824171275,-0.9990455892178647,-0.0801809618741582,0.021666827016993854,0.0021092200066421584,-0.001798274263364874,-0.0005225567235811468,0.0016211484762607142,24271,492000000,3.25,0,2,3,-0.6635984614265363,0.275365183384662,4.950454751910843,-0.6635984614265363,0.275365183384662,4.950454751910843,24.80917525291443
2.3876415,0.0,5.0,1.6956165413191557,0.18908292831825313,4.952342130357344,-0.043431886104312534,0.0004500642064605672,-0.00033193702366697726,-0.9990562339175129,-0.07760527419824562,0.020655186343528115,0.0026647667964406927,-0.00030126840044886194,-0.00031039349437378405,0.0018594029938867607,24271,809000000,3.23,0,2,3,-0.5994534550972521,0.26677251304702604,4.9495898361467505,-0.5994534550972521,0.26677251304702604,4.9495898361467505,25.33750081062317
2.4827779375000003,0.0,5.0,1.7124154667575204,0.18320798861224616,4.952992455614298,-0.04324364049333801,0.00042815889920352267,-0.0003229674565572147,-0.9990644123022607,-0.07934627581792056,0.01937244566447254,0.0030389774478561792,0.0010575358942332969,-0.00012079362861072696,0.001713662504698732,24272,239000000,3.21,0,2,3,-0.5250084937171974,0.25757665626271115,4.948526525073341,-0.5250084937171974,0.25757665626271115,4.948526525073341,25.861229419708252
2.5793280000000003,0.0,5.0,1.7314903182674604,0.17709705127112035,4.9537714888877,-0.04301306323416221,0.0004154807014101788,-0.0005091253930885572,-0.9990742938131952,-0.08343422107523346,0.017680528798314145,0.0032462958947456267,0.0029321323381736875,2.5796924241205943e-05,0.002048332180493162,24272,525000000,3.2,0,2,3,-0.4587390983082991,0.2499416864257312,4.947487838078777,-0.4587390983082991,0.2499416864257312,4.947487838078777,26.471521615982056
2.6772650625,0.0,5.0,1.7535012133075953,0.17089497510761006,4.954650961688952,-0.04273999985531385,0.0004096611461119371,-0.000923149109256571,-0.9990857182373468,-0.0893452549377547,0.015374812152748229,0.003315753435380175,0.004271997704563546,0.00017032563448537985,0.0021383382090789382,24272,766000000,3.18,0,2,3,-0.3839505761526371,0.2417854888686078,4.9462328125747534,-0.3839505761526371,0.2417854888686078,4.9462328125747534,27.003690242767334
2.7765625000000003,0.0,5.0,1.7772472662352468,0.16519960525843802,4.955549936160132,-0.04245761920031743,0.00041709146022339983,-0.0014926901955428003,-0.9990970665969021,-0.09632202674646748,0.012857738093229574,0.0033298690201359394,0.005711305084332707,0.000293155130748346,0.002281850356666837,24273,57000000,3.17,0,2,3,-0.30196969901301074,0.23318017921614892,4.944818746961512,-0.30196969901301074,0.23318017921614892,4.944818746961512,27.53197956085205
2.8771936875,0.0,5.0,1.8050051763516324,0.1596068085487639,4.9565061146829565,-0.042117641813994855,0.00042810474962501116,-0.0022883847396624308,-0.9991099460367887,-0.10450438762808409,0.010262620732805936,0.0031895149158077942,0.007098599417076912,0.0003366782891589537,0.002610465048746846,24273,302000000,3.17,0,2,3,-0.22583813965940608,0.22496254905366916,4.9434996240823486,-0.22583813965940608,0.22496254905366916,4.9434996240823486,28.17737913131714
2.9791320000000003,0.0,5.0,1.8329487904890485,0.15492347319367364,4.957348293586049,-0.04175959171421384,0.0004354461933688369,-0.0031990860588324926,-0.9991224713391561,-0.1125442283278049,0.007620389893844856,0.00294156866524162,0.00858723442433984,0.0003572250392380738,0.002854599824786419,24273,531000000,3.18,0,2,3,-0.15457128200265838,0.21663572526715333,4.942262061104558,-0.15457128200265838,0.21663572526715333,4.942262061104558,28.87513566017151
3.1868235000000005,0.0,5.0,1.873251261131268,0.14968154840871262,4.958334835419961,-0.041246877167654294,0.00047117708362091025,-0.004630064844821352,-0.9991381464119989,-0.1292690370943487,0.003450219381835969,0.0024687420845588694,0.008893558788258815,0.0010962111559820187,0.003367090357642155,24273,808000000,3.2,0,2,3,-0.10103267734249755,0.20947306793462073,4.941319326785822,-0.10103267734249755,0.20947306793462073,4.941319326785822,29.54326367378235
3.2925234375000008,0.0,5.0,1.9121838488771186,0.1460180272901893,4.9590196901818375,-0.04074299787803326,0.0006142389430023806,-0.005838675522396083,-0.9991524111478566,-0.15260347152009712,-0.00018166004998018724,0.0018726431497253777,0.010325518178433413,0.0017782817053557665,0.0038655980006296886,24274,116000000,3.23,0,2,3,-0.05087867029512412,0.20109918786343067,4.940348310976343,-0.05087867029512412,0.20109918786343067,4.940348310976343,30.219284534454346
3.5074985625000004,0.0,5.0,1.9595942205555474,0.1428287663120685,4.9594906437237345,-0.0401624209406527,0.0008502595630323559,-0.007225772883601045,-0.9991666753895948,-0.18525994146674576,-0.004348204664915647,0.0009369656834201391,0.010825558274518698,0.002210943625868822,0.004661942557504517,24274,350000000,3.26,0,2,3,-0.022530730496318284,0.19492546286316154,4.939698088135477,-0.022530730496318284,0.19492546286316154,4.939698088135477,30.883164405822754
3.6167205000000004,0.0,5.0,2.0327401782354375,0.13952994586770226,4.959786237637541,-0.03918344181581396,0.0011413744226988999,-0.009166648443705096,-0.9991893352654457,-0.21648840608272293,-0.009339050928457198,-0.00012428912148328836,0.01126911574829137,0.0015360302427325223,0.006430049279515515,24274,595000000,3.28,0,2,3,-0.0018549785249053958,0.18924550680926994,4.939097277868869,-0.0018549785249053958,0.18924550680926994,4.939097277868869,31.576114892959595
3.7270631875,0.0,5.0,2.104660278324378,0.13754600697537503,4.959768462281907,-0.03805737914979168,0.0012615674877746808,-0.010879035678703394,-0.9992155377707174,-0.2280409880493635,-0.012751765735958145,-0.0009151189060276954,0.011456101856310852,0.0004394256279738329,0.007778516555845272,24274,846000000,3.31,0,2,3,0.018070989595840862,0.18220440593475526,4.93831579268855,0.018070989595840862,0.18220440593475526,4.93831579268855,32.29955172538757
3.9510043125000003,0.0,5.0,2.1595061672980385,0.13673548446393546,4.959598163262598,-0.03707498104497159,0.001237002351645317,-0.012136834533782944,-0.9992380161168792,-0.22771626503665215,-0.014769787734732715,-0.0014105752643374001,0.01130056707552285,-0.00013880668916499417,0.008659168361191405,24275,65000000,3.29,0,2,3,0.02946076452270553,0.17710387749654286,4.937688823154424,0.02946076452270553,0.17710387749654286,4.937688823154424,32.87586450576782
4.0645495,0.0,5.0,2.2229531822467203,0.13656932422415255,4.959193493292004,-0.035770942066743694,0.0011576297032236359,-0.013704886398468735,-0.9992653680008793,-0.22527073402934192,-0.01707510198792772,-0.0021178296780925395,0.013229424257588107,-0.00027687173371759854,0.010084444602398435,24275,307000000,3.29,0,2,3,0.037110461214157765,0.17324861293016847,4.937166374985711,0.037110461214157765,0.17324861293016847,4.937166374985711,33.43202066421509
4.179108937500001,0.0,5.0,2.281769342572503,0.13715291816354175,4.958620729675556,-0.03437496257398692,0.0010917080359137002,-0.015344221571234478,-0.9992906108765227,-0.22604204044806156,-0.01926326169460122,-0.0026994340699915314,0.014441858820646303,-0.00021565624592767563,0.011489294411148876,24275,568000000,3.27,0,2,3,0.050186929657537495,0.16883574675045282,4.936516617592801,0.050186929657537495,0.16883574675045282,4.936516617592801,33.9704213142395
4.294656000000001,0.0,5.0,2.3364591758241016,0.13834838228436666,4.9579217185048465,-0.03292332593034003,0.0010342039052083796,-0.01697513523635502,-0.9993131790463259,-0.22809202299695314,-0.021442721546751323,-0.0032107675348122164,0.015148846341617173,-0.0001398952420572641,0.01252077126991935,24275,840000000,3.25,0,2,3,0.077988838560588,0.16453949588696284,4.935802059055768,0.077988838560588,0.16453949588696284,4.935802059055768,34.54484152793884
4.411164062500001,0.0,5.0,2.387156591695426,0.14000841356083138,4.9571640374974795,-0.031523140771735014,0.0010046008977113077,-0.018556400748226246,-0.9993302468974873,-0.23080843527027875,-0.023479974325020032,-0.0035347338347415185,0.016649348981445655,4.952123644486051e-06,0.013012148247071309,24276,106000000,3.23,0,2,3,0.12302084741469023,0.1602750233408284,4.934936648897663,0.12302084741469023,0.1602750233408284,4.934936648897663,35.098140716552734
4.5286065,0.0,5.0,2.4480095664763737,0.1427280397087346,4.956122837572513,-0.029776354357638313,0.0009680261111486531,-0.02081510503827256,-0.9993393633040089,-0.23511639121040334,-0.026466125231458044,-0.003969013840824837,0.020793699150090106,2.3783110236763605e-05,0.013924051654612413,24276,376000000,3.22,0,2,3,0.17971592937104092,0.1561393642219723,4.933945355645514,0.17971592937104092,0.1561393642219723,4.933945355645514,35.683207750320435
4.6469566875,0.0,5.0,2.5101015411989667,0.14644872979838544,4.954916339085667,-0.02791497034135826,0.0009422347719239936,-0.023420768802143502,-0.9993354462907799,-0.24001278903597564,-0.030028982367207257,-0.00428500899211025,0.024792740441625938,9.616771734499707e-05,0.014642321639257716,24276,711000000,3.22,0,2,3,0.2615972090141704,0.15108282181730512,4.93251333846951,0.2615972090141704,0.15108282181730512,4.93251333846951,36.23667812347412
4.886273812500001,0.0,5.0,2.568666748907208,0.1509009320965006,4.953678871767607,-0.026137677766572387,0.0009228444899422143,-0.02622885013537018,-0.9993137733362801,-0.24510481495643485,-0.0337208378295343,-0.0044111304369716135,0.026396078101242892,8.580675370239987e-05,0.01502854875070625,24276,985000000,3.24,0,2,3,0.3543821338831719,0.14593352051897385,4.9307783894555675,0.3543821338831719,0.14593352051897385,4.9307783894555675,36.78782892227173
5.007187500000001,0.0,5.0,2.633617882835687,0.15687106869311132,4.952210650289369,-0.02417757692715583,0.0009081044361820539,-0.02904216542122188,-0.9992853309980642,-0.25196527431573723,-0.03696547739904883,-0.004522905906670868,0.007637300177520956,-0.00018090691611405418,0.014660377019026782,24277,263000000,3.29,0,2,3,0.44347626444721977,0.141144025692886,4.929028936955359,0.44347626444721977,0.141144025692886,4.929028936955359,37.38256573677063
5.128902437500001,0.0,5.0,2.7059960161471257,0.16354257300836514,4.950551149360064,-0.022196644120833053,0.0009605393933375898,-0.026489353569683023,-0.9994021715512265,-0.2620093452973496,-0.03058375970750623,-0.004866972878374604,-0.09439843997824937,-0.0008752615144658193,0.01453544218747993,24277,641000000,3.38,0,2,3,0.5390592370751098,0.13595947847254417,4.9270714234732615,0.5390592370751098,0.13595947847254417,4.9270714234732615,37.97113537788391
5.251392000000001,0.0,5.0,2.7755332777457475,0.1658932008761379,4.949215874651589,-0.020219016172508097,0.0011073548738296793,-0.014766974840440737,-0.9996859014731881,-0.27114576776189614,-0.01110422532209957,-0.005199202192186317,-0.09940408272086643,-0.001044079192524805,0.016196932119783014,24277,956000000,3.5,0,2,3,0.6352070470402554,0.13039606177751598,4.924994323696094,0.6352070470402554,0.13039606177751598,4.924994323696094,38.559370279312134
5.374629562500001,0.0,5.0,2.8471393538385557,0.1633925625042809,4.948009262305936,-0.017978559428652008,0.0012485547011356287,-0.0036215621803277285,-0.9998310341249678,-0.2794567336440433,0.007028655233407373,-0.005412111042000385,-0.06432762238546275,-0.0002667456982408112,0.016816428615129553,24278,187000000,3.49,0,2,3,0.7166311127365137,0.12514466886127085,4.9231326518248,0.7166311127365137,0.12514466886127085,4.9231326518248,39.14712905883789
5.4985885,0.0,5.0,2.932091162532858,0.15625976649557952,4.9465858075793285,-0.01571855407177364,0.0014070366214167724,0.004316046045330448,-0.9998661505683515,-0.28773070672759854,0.01976698394733946,-0.00548833779911051,-0.039750623909640126,0.00048222038344647444,0.011578209068829892,24278,458000000,3.33,0,2,3,0.790505357854434,0.1198004738119166,4.921323798435065,0.790505357854434,0.1198004738119166,4.921323798435065,39.71809911727905
5.748564,0.0,5.0,3.0134315471568502,0.1472385363287287,4.945172773368311,-0.01456273759531107,0.0015546148583546996,0.009153089532866058,-0.9998508542769644,-0.2946368172233909,0.02649588507251851,-0.00555157621406067,-0.030035508643777575,0.000634649762787376,0.004015318882011343,24278,721000000,3.05,0,2,3,0.8673247898521864,0.1134655394884958,4.919303541947398,0.8673247898521864,0.1134655394884958,4.919303541947398,40.358437299728394
5.874527312500001,0.0,5.0,3.0906456806666402,0.13759455512061874,4.943783780749372,-0.014515576426073984,0.0016831088996935861,0.012685728618520404,-0.9998127512063784,-0.30149626495989895,0.030364781891628233,-0.005611950743362792,-0.02662348033481976,0.0005564289551784896,-0.003210929889974068,24278,956000000,2.83,0,2,3,0.9327391340426489,0.10735453246839148,4.917494646480383,0.9327391340426489,0.10735453246839148,4.917494646480383,41.003098487854004
6.0011054999999995,0.0,5.0,3.1760839113146044,0.12614203382121292,4.942208604498724,-0.0153921793049141,0.0018123588244070904,0.01609080386576627,-0.9997504099537495,-0.31046605458407106,0.03328855428047202,-0.005670032448671711,-0.024760747874097433,0.0003475178090184272,-0.008989442994788988,24279,184000000,2.71,0,2,3,0.9900520762878807,0.1015548710480916,4.9158761763348355,0.9900520762878807,0.1015548710480916,4.9158761763348355,41.55159378051758
6.1282719375,0.0,5.0,3.2511812142648004,0.1155527966605156,4.940794354074293,-0.016677114163905493,0.0019063839230999777,0.018821819084149663,-0.9996819387634575,-0.317436927584571,0.03516859013186177,-0.005684145944676572,-0.02413520633126609,0.0001510638355739502,-0.012092427277821116,24279,458000000,2.66,0,2,3,1.0492848251094173,0.09521198640057132,4.914219350452651,1.0492848251094173,0.09521198640057132,4.914219350452651,42.086713552474976
6.256,0.0,5.0,3.340772687860052,0.10230042464299557,4.939094777670526,-0.018529471404824638,0.002011731538207308,0.02207863509267828,-0.9995824855899188,-0.3249761959740084,0.03742313338767456,-0.005522737482497752,-0.025946032474166714,-3.861808011151879e-05,-0.014089970591157908,24279,709000000,2.66,0,2,3,1.1000026255138364,0.08975624598998952,4.912868517826173,1.1000026255138364,0.08975624598998952,4.912868517826173,42.73418712615967
6.5130345,0.0,5.0,3.4322622526025017,0.08795525909286193,4.937365283800452,-0.02057126076871707,0.002103317468809783,0.025473447415436744,-0.9994616064475831,-0.3317966230802639,0.039823988122809566,-0.0052625991667155534,-0.0253569176493329,-0.00033069508162952843,-0.015190946942311712,24279,952000000,2.68,0,2,3,1.1619086898401902,0.08350086305910775,4.911369715147462,1.1619086898401902,0.08350086305910775,4.911369715147462,43.395543575286865
6.6422876875,0.0,5.0,3.5323344295726895,0.0714071198547143,4.935468670061817,-0.022928517782761004,0.002170977775497719,0.02891050177725698,-0.9993166429189355,-0.33996447005855573,0.041771472927404074,-0.005026108067904281,-0.02232056431239471,-0.0006364636192301987,-0.016440967920061667,24280,215000000,2.69,0,2,3,1.229280434314725,0.07748548606669516,4.909911653204383,1.229280434314725,0.07748548606669516,4.909911653204383,43.96477556228638
6.7719960000000015,0.0,5.0,3.607420214619118,0.05859451314477613,4.934044938180618,-0.024783068987552503,0.002198007402972763,0.030969190061478302,-0.9992106272062715,-0.3469080622738253,0.04217383619057523,-0.004878525480074057,-0.004659319756683544,-0.000720597546433055,-0.01726992122712545,24280,495000000,2.69,0,2,3,1.3103034247794156,0.07138570308335641,4.908272779154034,1.3103034247794156,0.07138570308335641,4.908272779154034,44.51221585273743
6.9021328125,0.0,5.0,3.683919175241124,0.04582745982192329,4.93264906451586,-0.026728460199004267,0.0021709022574304456,0.030196468035002526,-0.9991841921873013,-0.3530349661215577,0.03706888732551902,-0.004914199301006778,0.06994804716669023,-0.0002761829748010314,-0.017883506916405167,24280,744000000,2.68,0,2,3,1.3765732372635588,0.06719273726879306,4.907016928904944,1.3765732372635588,0.06719273726879306,4.907016928904944,45.07737708091736
7.032671500000001,0.0,5.0,3.727138511431862,0.04082961605712676,4.937379250584257,-0.026672966423619715,-0.01108010178625356,0.01974494402491015,-0.9993877732852366,-0.01730788672997397,-0.01299606278417082,0.027734124053712957,0.1066782271664124,-0.13542499364120886,0.010797306640597526,24281,10000000,2.68,0,2,3,1.4492964815717617,0.06327898951761765,4.905674894288551,1.4492964815717617,0.06327898951761765,4.905674894288551,45.654152393341064
7.1635854375,0.0,5.0,3.730477511432188,0.04503590497163797,4.941884449427823,-0.028286493533139057,-0.022692927771129277,0.006215741400882685,-0.9993229057074651,-0.005883754791164252,-0.017232300233612233,0.008341184547155805,0.08620914741186425,-0.04325252666603774,-0.02793530366034247,24281,308000000,3.38,0,2,3,1.5438160987010825,0.05906390650061874,4.9039102438279905,1.5438160987010825,0.05906390650061874,4.9039102438279905,46.27154207229614
7.426432562500002,0.0,5.0,3.7315698921243916,0.04878054445872699,4.942914121609898,-0.0318171557495866,-0.025801506824654718,-0.002196698339657629,-0.9991582083744237,-0.002428805845944627,-0.016990585751969264,0.0027957121998937887,0.0720812167855911,-0.01584832316439133,-0.036639077006839216,24281,586000000,4.75,0,2,3,1.652623345741945,0.05495593378006499,4.901794228675253,1.652623345741945,0.05495593378006499,4.901794228675253,46.801761627197266
7.5583125,0.0,5.0,3.7324378285335853,0.05278839268202259,4.943462759258363,-0.03614927155043207,-0.027878016338045843,-0.01030660447265513,-0.998904309869405,-0.0022912540123776718,-0.014235881285077953,0.0026725746304441995,0.05581994482781738,-0.014017408466315828,-0.03392688849999104,24281,862000000,5.49,0,2,3,1.7423442316193083,0.05204972174978217,4.899965296188408,1.7423442316193083,0.05204972174978217,4.899965296188408,47.41179847717285
7.6904611875,0.0,5.0,3.733538278156189,0.05642792151992037,4.944294636061434,-0.04090434782862035,-0.030622418487064238,-0.01645329179970251,-0.9985581560448404,-0.0029020556235937653,-0.009668815350402857,0.004010965052471971,0.023836207765270956,-0.018738238941296004,-0.032846125759533606,24282,133000000,6.25,0,2,3,1.849796249459203,0.048949913236406344,4.897668851421746,1.849796249459203,0.048949913236406344,4.897668851421746,48.07787871360779
7.822852,0.0,5.0,3.7346091151610494,0.058433033701721544,4.945348725246437,-0.044844570746887635,-0.03347729473348176,-0.017904071327667304,-0.9982723473289985,-0.004239133797510298,-0.0035094466254552087,0.006536715959627348,-0.025145300423901062,-0.028540249149955343,-0.0350435140717309,24282,380000000,7.16,0,2,3,1.9704721793362503,0.04574866281885558,4.89485613252473,1.9704721793362503,0.04574866281885558,4.89485613252473,48.73761510848999
8.088253500000002,0.0,5.0,3.7364747235315674,0.05854237550685138,4.947856066672873,-0.04915134485149675,-0.03916939098608442,-0.012117746452589957,-0.9979494297458059,-0.007345451708496846,0.002910497418037095,0.011903044718073009,-0.06299629385466687,-0.05300610609992873,-0.028692386695183814,24282,648000000,7.99,0,2,3,2.0684046507082114,0.043210091236207226,4.892180938390857,2.0684046507082114,0.043210091236207226,4.892180938390857,49.383461236953735
8.2212109375,0.0,5.0,3.7390076625505526,0.057016362340908865,4.951503278363408,-0.05243003938533025,-0.04736046138225588,-0.002304887452981949,-0.9974982532122758,-0.007400941047597173,0.006674817811303184,0.012234365323094286,-0.06311896140687168,-0.05532937066163868,-0.00906986533664167,24282,938000000,9.14,0,2,3,2.1648942263159774,0.040615015719254376,4.888517016458503,2.1648942263159774,0.040615015719254376,4.888517016458503,50.012967348098755
8.354304,0.0,5.0,3.740639680710418,0.055001789008947526,4.953971874508613,-0.052799244141531254,-0.052941400381712925,0.004978429342573094,-0.9971883789861307,-0.005802766456496848,0.008160985105117122,0.009775668543836238,-0.05449946620501578,-0.04414492686919402,0.005045614580012625,24283,224000000,10.51,0,2,3,2.2596301893722663,0.03789150617473282,4.883526996975766,2.2596301893722663,0.03789150617473282,4.883526996975766,50.62288427352905
8.4875060625,0.0,5.0,3.74175416040211,0.053096218042725414,4.955701412412029,-0.05228646659511699,-0.05687780522068653,0.010637544148278156,-0.9969543035359085,-0.004447589876761205,0.007642608471389365,0.007583318354904179,-0.045546185720013455,-0.03402417787583545,0.008868902750691632,24283,452000000,11.41,0,2,3,2.331828020877133,0.03576745979907427,4.8787621726367085,2.331828020877133,0.03576745979907427,4.8787621726367085,51.22330021858215
8.7541306875,0.0,5.0,3.74287456680982,0.051072123077444825,4.9574058822556335,-0.051543006440265604,-0.06082702475146454,0.01631938964798117,-0.9966830334005394,-0.003608675040975386,0.005681114843886993,0.00613295914267938,-0.03443866007728502,-0.02755476707534399,0.0066138969486928545,24283,664000000,12.12,0,2,3,2.396887975133554,0.03386145254584794,4.87381967059116,2.396887975133554,0.03386145254584794,4.87381967059116,51.83110523223877
8.887500000000001,0.0,5.0,3.74384613186673,0.049579182453963935,4.958805809391539,-0.051112202587834,-0.06415555366623778,0.020598709491385644,-0.9964172323116899,-0.0031642614583285897,0.003970552525322963,0.00530040428952362,-0.02541223402658943,-0.023996887284738477,0.004082546138306498,24283,928000000,13.02,0,2,3,2.480100970018204,0.031503535031720216,4.866735592761717,2.480100970018204,0.031503535031720216,4.866735592761717,52.452088832855225
9.020871812500001,0.0,5.0,3.7446965124623977,0.048570672011851085,4.959962155892353,-0.05093806809675666,-0.0669741270234182,0.023579097229474957,-0.9961745859546227,-0.002880008477818251,0.002842936363618511,0.004790174710497811,-0.018937952881969977,-0.021866038514417596,0.002742532819866028,24284,204000000,14.03,0,2,3,2.565436666659553,0.029243158006895437,4.858678746362503,2.565436666659553,0.029243158006895437,4.858678746362503,53.049267292022705
9.1542195,0.0,5.0,3.7453682075312926,0.04790015296440307,4.9608471176476945,-0.050824722408888356,-0.06917063823268642,0.025523312665770723,-0.9959823446774082,-0.0026191274158002312,0.0022973688561480268,0.004324981849593108,-0.015133960641833255,-0.019814071129076183,0.0025216583480869303,24284,413000000,15.13,0,2,3,2.647921784860058,0.027251262061849548,4.850273857037986,2.647921784860058,0.027251262061849548,4.850273857037986,53.56503367424011
9.2875164375,0.0,5.0,3.7464340208785765,0.04689829819529309,4.962219784751208,-0.05049468075934288,-0.07263070509228259,0.0281732639677628,-0.9956813421422601,-0.002131203775607332,0.001907470594588292,0.00353561424718307,-0.01072625464075827,-0.016197465993172955,0.003474527375146863,24284,682000000,16.2,0,2,3,2.718212341854588,0.02551335356356442,4.842079529975081,2.718212341854588,0.02551335356356442,4.842079529975081,54.34666156768799
9.5538515625,0.0,5.0,3.7474152989954073,0.04607460814558751,4.963451874926571,-0.05012521314655222,-0.07578744350372614,0.030174206471969778,-0.995406069741374,-0.0016783356696720715,0.0007170773746238296,0.0027221785884555287,-0.005973733686914784,-0.012662858443945879,0.0003642687630645014,24284,998000000,18.75,0,2,3,2.8209213580998913,0.021013357017591085,4.8180946686687625,2.8209213580998913,0.021013357017591085,4.8180946686687625,55.367043256759644
9.819664187500003,0.0,5.0,3.7478857271750377,0.04535152563587887,4.964072743870512,-0.049081305854230484,-0.07741636490308186,0.03106348845846472,-0.9953053760256834,9.51257739185567e-05,0.0035631800722920257,8.553206519301e-05,-0.003917122739949264,0.0005299828643501314,0.01622658546693856,24285,255000000,22.82,0,2,3,2.837639384905421,0.011504144477100393,4.75924721465281,2.837639384905421,0.011504144477100393,4.75924721465281,56.195945501327515
9.952308000000002,0.0,5.0,3.7473423538072343,0.04298134476339418,4.9637081276650985,-0.043503436634140524,-0.0765705487002282,0.03165115307086708,-0.9956116745910777,0.0008564582794148652,0.0069222186630394575,-0.0009090825228283585,-0.005270881547403405,0.0061731527694064425,0.03279258780821692,24285,515000000,26.57,0,2,3,2.721210711451617,-0.0029953188768891627,4.663703898373664,2.721210711451617,-0.0029953188768891627,4.663703898373664,57.290123462677
10.348869937500002,0.0,5.0,3.7468297956216823,0.040769498541195826,4.963329219900593,-0.03809839176484747,-0.07570754646509571,0.031922109041725044,-0.9958904853986184,0.0011989146579057918,0.008504874306825375,-0.0013673516589989927,-0.00402181981371541,0.008818614151095971,0.04185862453596201,24285,828000000,28.62,0,2,3,2.484404073594565,-0.023433314773077786,4.536792497963906,2.484404073594565,-0.023433314773077786,4.536792497963906,57.903852462768555
10.480512000000001,0.0,5.0,3.7462856089324728,0.03829706096869284,4.96289945465297,-0.031968586477087724,-0.07474206105621284,0.03208802674300393,-0.9961736757852349,-0.00026707975474165506,0.007599640627464178,0.0009145152124443265,-0.005878168713024934,-0.0021713221713071107,0.036386669307830743,24286,64000000,29.12,0,2,3,2.3066851115946885,-0.03759841911019595,4.454879980527381,2.3066851115946885,-0.03759841911019595,4.454879980527381,58.51464080810547
10.611837062500001,0.0,5.0,3.7468460496297427,0.03691201142633352,4.963638408786586,-0.028799461246515,-0.07678796197280122,0.0323411246572634,-0.9961065463010859,-0.0032326515178374934,0.0031215706544456593,0.00535439003369631,-0.0023762155933582108,-0.024430982193734962,0.01663176699366886,24286,284000000,29.72,0,2,3,2.2093472552449587,-0.04750102405372832,4.392961240664391,2.2093472552449587,-0.04750102405372832,4.392961240664391,59.12342166900635
10.7428185,0.0,5.0,3.7478639215830882,0.0363392027529113,4.964833353789557,-0.02762425832165244,-0.07999926967342412,0.03246154079207496,-0.9958831585950743,-0.0041608497776537195,0.0013264998719827584,0.006723475298617376,-0.0011521587111928966,-0.031421510357176885,0.008461822199024027,24286,561000000,30.82,0,2,3,2.1684759966141858,-0.054677521386823795,4.348156303314249,2.1684759966141858,-0.054677521386823795,4.348156303314249,59.70190072059631
10.873429687500003,0.0,5.0,3.7494062067223473,0.03577984269510687,4.966595118043726,-0.026613029173912728,-0.0847455623491912,0.03265230746090277,-0.9955118096525958,-0.004048387829894891,0.0015314991493580522,0.006553535266416719,-0.0013654716894961894,-0.03055496945307823,0.009441656220587902,24286,850000000,32.04,0,2,3,2.1640859413255153,-0.05989482773142902,4.318931445492091,2.1640859413255153,-0.05989482773142902,4.318931445492091,60.29307270050049
11.1334348125,0.0,5.0,3.750614918723465,0.03510314126632514,4.967964249131851,-0.025236494967950218,-0.08847659234329788,0.03283016479592057,-0.9952171583169791,-0.00357242389991787,0.0024865034239982013,0.005857353266073458,-0.002134173678314255,-0.02697782783798175,0.013911687892687041,24287,105000000,33.95,0,2,3,2.1967815883405306,-0.06623867156426508,4.289184629418167,2.1967815883405306,-0.06623867156426508,4.289184629418167,60.95467805862427
11.2627755,0.0,5.0,3.7516134084890442,0.03427612008003898,4.969090590867479,-0.023454376938615074,-0.0915849506494873,0.03302517576121811,-0.9949730784211666,-0.003274548326055517,0.0032767329897068613,0.005431041302094347,-0.003518158951010264,-0.024718433996895328,0.01716998431220418,24287,313000000,35.85,0,2,3,2.256773033659544,-0.07120398777121852,4.2691542518382475,2.256773033659544,-0.07120398777121852,4.2691542518382475,61.598724603652954
11.3916394375,0.0,5.0,3.752736727087232,0.033151809958458456,4.970345011022724,-0.02110166908491229,-0.09507341128171455,0.03344297769363093,-0.9946845395762779,-0.003214680389667493,0.0036612394842477245,0.005361814975815693,-0.005620047431875719,-0.024254777599708177,0.017867407404992264,24287,727000000,37.9,0,2,3,2.33316001041084,-0.07552921577872927,4.252489714548131,2.33316001041084,-0.07552921577872927,4.252489714548131,62.19939208030701
11.520000000000003,0.0,5.0,3.75381178042793,0.03202438474006746,4.971523556288191,-0.018827448222789478,-0.09837274138046251,0.033995235844349485,-0.9943905947295548,-0.002960832415152761,0.0035410527883797715,0.004968903497317887,-0.0055624677770538256,-0.0224075120058842,0.017257113540836144,24288,193000000,40.82,0,2,3,2.4407754418185803,-0.08057348503123818,4.232294182331339,2.4407754418185803,-0.08057348503123818,4.232294182331339,62.79948568344116
11.775104500000001,0.0,5.0,3.7546662311038848,0.031084801631458586,4.972447681687297,-0.016910048859112792,-0.10098076263876163,0.03444313872943574,-0.9941481811173529,-0.00272432290998234,0.003617296103680503,0.004577111281466968,-0.00545205912203528,-0.0205088939765119,0.017734440552885644,24288,631000000,44.18,0,2,3,2.553834251383144,-0.08543566906965439,4.210566364448604,2.553834251383144,-0.08543566906965439,4.210566364448604,63.42332887649536
11.901795187500003,0.0,5.0,3.7560324009099566,0.029230473665824323,4.973899697775355,-0.012986949077322008,-0.10513823540715381,0.03522782712383744,-0.9937486054356333,-0.0024628817875711616,0.004535248946972355,0.0042229963345383256,-0.005923523940509767,-0.018491789160179906,0.022575855655304622,24289,86000000,48.22,0,2,3,2.676842216675308,-0.0905296793267065,4.1852164970869286,2.676842216675308,-0.0905296793267065,4.1852164970869286,64.2483320236206
12.153320312500004,0.0,5.0,3.7571301833075372,0.027202314175394537,4.97503793245632,-0.008318830030741187,-0.10848294712744957,0.03570217432050471,-0.9934221670560058,-0.001736859346999754,0.005112342859871625,0.003117177193994041,-0.004118952347198501,-0.013013774332648609,0.026916097704088315,24289,386000000,56.67,0,2,3,2.8942534641059763,-0.09935398402657059,4.136117912677027,2.8942534641059763,-0.09935398402657059,4.136117912677027,65.11524152755737
12.278101500000002,0.0,5.0,3.757901789475157,0.025179001129448927,4.975813589999654,-0.003183163672541789,-0.11084829585487765,0.03564749166906763,-0.9931927200260818,-0.0016245630749243674,0.004932639679893165,0.0029060519951059896,-0.001154717256213189,-0.012031304595438996,0.028175025909149554,24289,667000000,67.29,0,2,3,3.1185165602233607,-0.10939317351980588,4.077981510055472,3.1185165602233607,-0.10939317351980588,4.077981510055472,65.97333574295044
12.525568000000002,0.0,5.0,3.7588996146095304,0.02319327393164722,4.9767840924930296,0.002402075466574949,-0.11378339166365051,0.034909391190449585,-0.9928891701603362,-0.00206943012727075,0.003930420736300924,0.0035522439060363675,0.002037406102317618,-0.015416801579704043,0.02531041482143337,24289,925000000,77.89,0,2,3,3.3074953445213153,-0.12293094644136489,4.007818203115061,3.3074953445213153,-0.12293094644136489,4.007818203115061,66.80948781967163
12.770062500000002,0.0,5.0,3.7599963828257903,0.021855791729719222,4.977836484947148,0.006564482844625685,-0.11690553510330767,0.03389376529470941,-0.9925428031583017,-0.0022131755924565456,0.002218727877535363,0.0036795206610789207,0.003859488060697913,-0.01661617552599637,0.01710122905933531,24290,157000000,79.57,0,2,3,3.2978065315667267,-0.15074962595274416,3.9156808280706215,3.2978065315667267,-0.15074962595274416,3.9156808280706215,67.69542956352234
12.8911286875,0.0,5.0,3.7604249791365243,0.021230596790354703,4.978239008312266,0.008427863704535465,-0.11811364980982034,0.03354021387655103,-0.992397697949313,0.002172295412065724,0.0004033592350566287,-0.003437588180475021,-0.0020578266457960126,0.016376951316487975,-0.0006483676997959265,24290,449000000,73.64,0,2,3,3.0873428288039646,-0.20341154967985547,3.8023726884152294,3.0873428288039646,-0.20341154967985547,3.8023726884152294,68.53034520149231
13.130765812500004,0.0,5.0,3.7587833360950476,0.020878214798032722,4.9766110838140545,0.009993628773897367,-0.1135292506753653,0.032869961803556655,-0.9929404827259549,0.0018574481162184093,0.0036427748259152876,-0.0027280120870587544,0.003278107874393754,0.014123822893452598,0.02207110774179455,24290,707000000,66.57,0,2,3,2.785460170143977,-0.27138677262862165,3.688504625512968,2.785460170143977,-0.27138677262862165,3.688504625512968,69.53504133224487
13.3668984375,0.0,5.0,3.759039767371399,0.01793037533218901,4.9767474519095325,0.01764390647980074,-0.1141826646651198,0.03275964266189697,-0.9927627196197334,-0.0030901502217313462,0.009060763026631334,0.005508625943603422,-0.009218631839758018,-0.022992775120656006,0.046710237802471966,24290,938000000,58.93,0,2,3,2.4464579023450383,-0.33766868889358265,3.6344594456425754,2.4464579023450383,-0.33766868889358265,3.6344594456425754,70.50169467926025
13.599313562500003,0.0,5.0,3.7604525196543834,0.01494040430084723,4.977969109041325,0.02458324222715247,-0.11793734353630468,0.033627047038282606,-0.9921469996470712,-0.0021713662570991533,0.01445068395148925,0.004394775329625575,-0.026685216653277166,-0.015751022510812618,0.06420585996238515,24291,231000000,54.65,0,2,3,2.233031325415603,-0.40361401343864256,3.634990122062836,2.233031325415603,-0.40361401343864256,3.634990122062836,71.12481045722961
13.714060500000002,0.0,5.0,3.7608154058344554,0.009824756993424003,4.977917039169411,0.03550521457982719,-0.11836285937293772,0.03643958018263475,-0.9916661586717659,0.0027178247162178712,0.021545121993183446,-0.0029436117071476135,-0.031678856248618104,0.02224942854809342,0.097616854327498,24291,501000000,53.75,0,2,3,2.188831857522166,-0.4377343831186992,3.6544776180667093,2.188831857522166,-0.4377343831186992,3.6544776180667093,71.76202297210693
13.9405,0.0,5.0,3.7596020581774665,0.0036489571247449787,4.976032122012631,0.04932681041546644,-0.11380839876028406,0.039070803561789456,-0.9915079356489753,0.006266524221652368,0.025406211821758784,-0.008355449479523838,-0.030472016806015745,0.05029418862250168,0.11630465378402732,24291,746000000,53.13,0,2,3,2.2011715145575983,-0.4652206402031078,3.683324473136076,2.2011715145575983,-0.4652206402031078,3.683324473136076,72.29583096504211
14.052139312500001,0.0,5.0,3.7582430501731032,-0.003116481823668423,4.973651989589512,0.06485456973318182,-0.10808497353713409,0.04138330230054466,-0.9911604035527762,0.005739146162226703,0.02649532801032895,-0.0074483239506090105,-0.027298496570438147,0.04741523589473218,0.12327770964475349,24292,167000000,52.53,0,2,3,2.255611256183993,-0.484437537780901,3.715589126940628,2.255611256183993,-0.484437537780901,3.715589126940628,72.85939335823059
14.162689500000003,0.0,5.0,3.7576654136245473,-0.009986474518498772,4.971746078558111,0.08088265493395652,-0.1038442760260765,0.04335016058422071,-0.9903510115331717,0.003811522699395299,0.02672370745706344,-0.004362830160349689,-0.026062432152684778,0.033786794301704504,0.12562452611746266,24292,568000000,52.31,0,2,3,2.3435146096085457,-0.49805542590410273,3.7510383377540766,2.3435146096085457,-0.49805542590410273,3.7510383377540766,73.53522849082947
14.2721239375,0.0,5.0,3.758202676614431,-0.018463273400722163,4.970280688593418,0.1008215792822551,-0.10123854432230249,0.045632185803748546,-0.9886877514732875,0.0006002834266438672,0.026626243035608642,0.0007596139909944364,-0.026026376144727692,0.010576986824162304,0.12702962703770027,24292,952000000,52.84,0,2,3,2.4582712368191584,-0.5066900219107854,3.7881395860325022,2.4582712368191584,-0.5066900219107854,3.7881395860325022,74.27118730545044
14.487539062500002,0.0,5.0,3.7617294797175,-0.028225891301514934,4.971033711250571,0.12479520446970499,-0.10516450030550377,0.047504622544711286,-0.9854490832375575,-0.006144468644256776,0.0232991693708959,0.011313688000875342,-0.022235657343117055,-0.03969521239923779,0.11906457002623938,24293,376000000,54.83,0,2,3,2.626492187933923,-0.5132159556018171,3.825253134817214,2.626492187933923,-0.5132159556018171,3.825253134817214,75.13778829574585
14.593466500000002,0.0,5.0,3.7670497234336575,-0.03491423422487696,4.9740275172181745,0.14313930238771155,-0.11484555462093304,0.04724584178258929,-0.9818805778352194,-0.008459914336893328,0.020267068427567793,0.014795534473332293,-0.015456580513273366,-0.05685803298547398,0.11197611747775227,24293,750000000,60.8,0,2,3,2.8584883349166392,-0.5253009208167633,3.8137375445767088,2.8584883349166392,-0.5253009208167633,3.8137375445767088,75.94184708595276
14.801628000000001,0.0,5.0,3.773658376615361,-0.04086514125197095,4.978012130650485,0.16168821236623138,-0.12731007447955756,0.04523146352254634,-0.9775495801366958,-0.009740864857596274,0.01613233046947073,0.016565734590484597,-0.009064046662388137,-0.06701540041831322,0.09756835861480795,24294,173000000,68.71,0,2,3,3.0698408162374755,-0.5423003772910115,3.7594566246973646,3.0698408162374755,-0.5423003772910115,3.7594566246973646,76.7041163444519
14.903808812500001,0.0,5.0,3.7793517856946277,-0.04446087276768397,4.981629556764584,0.1750588476193306,-0.13839136070341151,0.04231209100972615,-0.9738644249110009,-0.009065058607714106,0.013669364387457106,0.015354002506865716,-0.003214598177692096,-0.06245171316550113,0.08917291779653169,24294,622000000,79.34,0,2,3,3.3322467622577094,-0.5697637413507405,3.676650523000012,3.3322467622577094,-0.5697637413507405,3.676650523000012,77.4975483417511
15.0,0.0,5.0,3.7840320904511984,-0.04777304037291699,4.984331931056096,0.18754532259042705,-0.14678248540014954,0.03952255539486478,-0.9704223933778873,0.0021945186929567266,0.013131096809761201,0.008090518579161678,-0.028746076532115694,-0.024290546389238443,0.061582883427035995,24295,97000000,88.6,0,2,3,3.5658841369925494,-0.6012025014071821,3.600581096240565,3.5658841369925494,-0.6012025014071821,3.600581096240565,78.26715636253357
15.0,0.0,5.0,3.7844850054900196,-0.048595088635243,4.9849516529317786,0.18643993505116063,-0.14700374499460112,0.043817354700480114,-0.9704174818101402,0.003262942084194887,0.0027032612182200004,-0.0049479839858364546,-0.02505737702449551,0.023845907526265364,-0.008241433033617795,24295,381000000,95.52,0,2,3,3.764586382206665,-0.6462672079551395,3.5262674322623346,3.764586382206665,-0.6462672079551395,3.5262674322623346,79.02905344963074
15.0,0.0,5.0,3.782085293096562,-0.04954380485118175,4.9826066664378414,0.18725301320271964,-0.1401316227556759,0.04493016000754094,-0.9712263989781476,0.005940652255477303,0.0006456260987714743,-0.009357711752738595,0.005414712086349027,0.044604109643842094,4.163458555694888e-05,24295,641000000,99.37,0,2,3,3.909447583421722,-0.7168882067381982,3.449295916910304,3.909447583421722,-0.7168882067381982,3.449295916910304,79.99399662017822
15.0,0.0,5.0,3.7796387057783636,-0.050426503463389526,4.980162552906367,0.18801230900762433,-0.1330953720026244,0.045885329172653304,-0.9720244493734823,0.005998015642355901,0.0013709505190342701,-0.00940272994597121,-8.912952598194579e-06,0.045035191942588426,3.654338627256948e-05,24295,916000000,100.84,0,2,3,4.014683080396949,-0.7999622937958812,3.361051173547046,4.014683080396949,-0.7999622937958812,3.361051173547046,80.69459128379822
15.0,0.0,5.0,3.7776454853837866,-0.051274990002734465,4.978062680738303,0.18858010888823828,-0.12723921283616696,0.04713977432511381,-0.9726384564292684,0.005518844013827789,0.0012678216732678223,-0.008649711038314366,-4.123947014988971e-05,0.04143144469708204,4.4193587456220484e-05,24296,170000000,101.58,0,2,3,4.091301244639622,-0.8615529183709091,3.2728069618138766,4.091301244639622,-0.8615529183709091,3.2728069618138766,81.40186190605164
15.0,0.0,5.0,3.7757606789394265,-0.05207659260575855,4.976029853895234,0.18911824669808885,-0.12163305691318929,0.0483339768949454,-0.9731924346753381,0.0047663400431303396,0.0010901563189864866,-0.007471444582852376,-6.817187037100325e-06,0.03578547912184149,3.071941350185625e-05,24296,417000000,102.12,0,2,3,4.153078652106915,-0.9057777410159256,3.1955767055724342,4.153078652106915,-0.9057777410159256,3.1955767055724342,82.1266713142395
15.0,0.0,5.0,3.7739151429648667,-0.052861025437468706,4.973993170809186,0.18964492560328605,-0.11607608699035421,0.04951390386140155,-0.9737091544944699,0.0037795398627838857,0.0008645296332362235,-0.005925033553122079,-5.032030703233659e-06,0.028378616116242483,2.3791424474950418e-05,24296,746000000,102.71,0,2,3,4.216848137009105,-0.9442266057047661,3.1146031001946186,4.216848137009105,-0.9442266057047661,3.1146031001946186,82.8961935043335
15.0,0.0,5.0,3.772488988426247,-0.05346803319971315,4.9723867406828095,0.19005185125660135,-0.11173342025186866,0.05043691223851704,-0.9740903728692742,0.002961082116275195,0.0006769135689238589,-0.004642090860806443,-3.2963240137462435e-06,0.02223345436505042,1.6136590907933623e-05,24297,151000000,103.5,0,2,3,4.292111075563645,-0.9791028119086648,3.026177028687466,4.292111075563645,-0.9791028119086648,3.026177028687466,83.79273581504822
15.0,0.0,5.0,3.7714775216177316,-0.05389910730818084,4.9712296833977865,0.19034014452474135,-0.1086270121203649,0.05109841872726904,-0.9743509394585071,0.0024728891607151415,0.0005657570439739335,-0.003876685535069031,-3.0346948731718726e-06,0.018567793631518725,1.5275997533592545e-05,24297,493000000,104.42,0,2,3,4.366562365359683,-1.0027507929454547,2.952312464056185,4.366562365359683,-1.0027507929454547,2.952312464056185,84.5316333770752
15.0,0.0,5.0,3.7706148764244904,-0.05426754222961604,4.970230978068697,0.190585952406028,-0.1059594812200716,0.05166844397240891,-0.9745665472313987,0.002200211745131065,0.0005035281029035822,-0.0034490805315126145,-2.725805181569285e-06,0.01651983766350895,1.4054508579164349e-05,24297,865000000,105.34,0,2,3,4.432758423876017,-1.0149950718808831,2.8999273674598993,4.432758423876017,-1.0149950718808831,2.8999273674598993,85.24587345123291
15.0,0.0,5.0,3.7698230021321146,-0.05460751886279712,4.96930443581732,0.19081126731142123,-0.1034948502618307,0.0522007076795671,-0.9747589252497475,0.002124301784859478,0.00048622732381696016,-0.0033297016218633213,-2.584259428672908e-06,0.01594814075360773,1.3653693731185967e-05,24298,184000000,106.36,0,2,3,4.499743095987031,-1.019474736628183,2.860673017897754,4.499743095987031,-1.019474736628183,2.860673017897754,86.0649802684784
15.0,0.0,5.0,3.7686762523568307,-0.05509853011973461,4.967946104236836,0.19113796504965752,-0.0999012870856918,0.052971140684379484,-0.9750282403140401,0.002186462079242622,0.0005007832317839693,-0.0034272712008883177,-2.706109691885672e-06,0.01641567905608099,1.4904460332587632e-05,24298,521000000,107.52,0,2,3,4.5694985324890345,-1.0159268916694468,2.8352506731048366,4.5694985324890345,-1.0159268916694468,2.8352506731048366,87.08909511566162
15.0,0.0,5.0,3.7677157769652267,-0.05552847939095736,4.966793599950643,0.19140799398376274,-0.09685336904594642,0.05368902772275026,-0.975243504487852,0.002132966943161526,0.0005109866110303304,-0.003322862397754796,-0.00018937530512630474,0.016012129526643548,1.3241681617870427e-05,24298,873000000,109.98,0,2,3,4.700512590664089,-0.9917138444451372,2.8250873616276917,4.700512590664089,-0.9917138444451372,2.8250873616276917,88.0999162197113
15.0,0.0,5.0,3.766708246047981,-0.056092523003355016,4.965574202176115,0.19166967532448986,-0.09354554976482071,0.05486103843014484,-0.9754497589023065,0.002860410351662752,0.0012449723706483896,-0.003950342958468893,-0.004926160636387067,0.02146058322978206,1.8229627940513637e-05,24299,247000000,113.83,0,2,3,4.897524918151002,-0.9565988706760111,2.8451901454874804,4.897524918151002,-0.9565988706760111,2.8451901454874804,88.95437479019165
15.0,0.0,5.0,3.7657218668371453,-0.05683751061492785,4.964373458665275,0.19189366889456982,-0.09013513264071056,0.0567188721432577,-0.9756205447020985,0.0046842240142029815,0.0028775223025524887,-0.005710809525884556,-0.014995339370216243,0.035093134647468105,2.924362778600198e-05,24299,572000000,118.52,0,2,3,5.152262722958183,-0.9184378694435859,2.8769748680176512,5.152262722958183,-0.9184378694435859,2.8769748680176512,89.82260942459106
15.0,0.0,5.0,3.763223303926533,-0.05902689033305852,4.961265399165568,0.19244986801771374,-0.08116030064835547,0.06253894118938524,-0.9759431001516141,0.009295976746271747,0.005297375633255615,-0.011706219286678263,-0.025443625418120064,0.06929057344677858,5.4448917197191804e-05,24299,852000000,122.02,0,2,3,5.363594187663824,-0.8888420455774386,2.9022812375737583,5.363594187663824,-0.8888420455774386,2.9022812375737583,90.74909734725952
15.0,0.0,5.0,3.7597270254549024,-0.061800108653873684,4.95668541028909,0.19337306683135258,-0.06855830004406333,0.0696455923547625,-0.9762459259760624,0.012009036336897472,0.006284162000401649,-0.015628297001807873,-0.02693067999643972,0.08900349275791086,7.081766213445917e-05,24300,154000000,126.09,0,2,3,5.658309116863303,-0.8453601057595919,2.9350017814714566,5.658309116863303,-0.8453601057595919,2.9350017814714566,91.62400722503662
15.0,0.0,5.0,3.7569081076039303,-0.0641606901840306,4.952800732927025,0.19443665669241478,-0.05814956653262017,0.07545455035119823,-0.9762784568337266,0.005604669373784264,0.007332408934071366,-0.0032980722544437304,-0.03293379340902902,0.034324306398048066,0.011076136252086144,24300,511000000,129.23,0,2,3,5.941817983265186,-0.7987534205830564,2.9637421218438402,5.941817983265186,-0.7987534205830564,2.9637421218438402,92.33492922782898
15.0,0.0,5.0,3.7591679938394167,-0.06688270973017174,4.955956181083906,0.19759637455880502,-0.0648228851333676,0.08039284224137518,-0.9748285270962047,-0.005781892422872791,0.010199363538442033,0.01951194112610399,-0.04202004420221783,-0.06683639294351451,0.039862184348749,24300,868000000,130.93,0,2,3,6.131817680472777,-0.7662094279632262,2.9846621712586727,6.131817680472777,-0.7662094279632262,2.9846621712586727,93.0548906326294
15.0,0.0,5.0,3.7628749903814476,-0.06981971690329161,4.960877431237026,0.2026296256076004,-0.07638253924783442,0.08339678812006576,-0.9727034071367455,-0.005354998867249444,0.01210774922988353,0.02047763513055877,-0.03914504122803919,-0.07117632703739218,0.05402103233791422,24301,186000000,133.95,0,2,3,6.360580374317811,-0.7260722199332174,3.012883118107902,6.360580374317811,-0.7260722199332174,3.012883118107902,93.78187584877014
15.0,0.0,5.0,3.7674922861014433,-0.07492170437863149,4.966541868574023,0.2124506165941465,-0.09029906174393225,0.08659597119103825,-0.9691294819220049,-0.0011309523224048272,0.013942445900503326,0.014626382701618538,-0.03085405332967639,-0.04572527832351625,0.06533063424285501,24301,508000000,136.49,0,2,3,6.556989812301225,-0.6906917335900858,3.039723871316273,6.556989812301225,-0.6906917335900858,3.039723871316273,94.67100954055786
15.0,0.0,5.0,3.7699809255784604,-0.0792525037081561,4.96927993534027,0.22124916753179963,-0.09741018652132863,0.08833193822458896,-0.9663113008331492,0.0016347792313888992,0.01493446182518833,0.010613482889534325,-0.02404289352853084,-0.028810312142013572,0.07199239917099476,24301,822000000,139.21,0,2,3,6.833029488854574,-0.6390953672711343,3.080756626929705,6.833029488854574,-0.6390953672711343,3.080756626929705,95.398597240448
15.0,0.0,5.0,3.7719277984324817,-0.08450078469700859,4.971094327389233,0.23235353812396808,-0.10257061923625568,0.08953613212885625,-0.9630547141435779,0.004446832563044588,0.017047258209394348,0.0075327673150393055,-0.018202655701315962,-0.014932068097550655,0.08440477613476105,24302,292000000,140.6,0,2,3,7.037613888426409,-0.5990287844076796,3.1131463607174306,7.037613888426409,-0.5990287844076796,3.1131463607174306,96.17300748825073
15.0,0.0,5.0,3.773360377034727,-0.09032474988353102,4.972030173363342,0.24502002101476622,-0.10580211957306039,0.09015704733200537,-0.9595013327828921,0.006764577312169872,0.019577115481012333,0.00570744251411332,-0.01512310300313402,-0.005380429729484604,0.09805120425880887,24302,693000000,141.51,0,2,3,7.254225866052374,-0.5544870474851148,3.148895241553344,7.254225866052374,-0.5544870474851148,3.148895241553344,96.85786747932434
15.0,0.0,5.0,3.7746665153461763,-0.09697729478311568,4.972457955556188,-0.2596913996518469,0.10800940961072644,-0.09042187845194719,0.9553628778006964,0.008549436029871536,0.021789363110291147,0.00455636216201754,-0.012671437070821412,0.0011439897662057774,0.11012768663931638,24303,84000000,141.85,0,2,3,7.456173144596823,-0.5107422321128537,3.1833186056564116,7.456173144596823,-0.5107422321128537,3.1833186056564116,97.59591555595398
15.0,0.0,5.0,3.776310784500062,-0.10585478115766647,4.972501112035666,-0.27952320094084326,0.10977491505223595,-0.09025960429308123,0.9495627688541266,0.010113548221207734,0.02387504115295554,0.003654685137915581,-0.009497918290435337,0.006281886271608528,0.12213400332257152,24303,389000000,141.75,0,2,3,7.657189403143985,-0.4649650008017807,3.218414522065047,7.657189403143985,-0.4649650008017807,3.218414522065047,98.51325511932373
15.0,0.0,5.0,3.778186628554317,-0.12461174009372987,4.970210562517464,-0.32385822184140595,0.10527013202561292,-0.08505801902388571,0.9363755575882813,0.06012317161473261,0.09754828530074981,-0.003915451730084287,0.0384669954655692,0.13950918946648017,0.5272768496070057,24303,791000000,141.13,0,2,3,7.897346335349159,-0.4073587174914121,3.26138253853365,7.897346335349159,-0.4073587174914121,3.26138253853365,99.35900831222534
15.0,0.0,5.0,3.7919829876419437,-0.17530731772850908,4.967029108170434,-0.4281902088927322,0.08031017727885743,-0.07884617236037327,0.89665305527721,0.09233681014767503,0.18868092738418343,0.03757243959508072,0.10325151306460612,0.24363962875213474,0.7503039378207177,24304,161000000,137.59,0,2,3,8.149559036898495,-0.34355078607010026,3.3077499109771415,8.149559036898495,-0.34355078607010026,3.3077499109771415,100.22709369659424
15.0,0.0,5.0,3.8798386664552225,-0.27583492160337764,4.981773164412398,-0.5773531341696625,0.03908982599578009,-0.06942696754642474,0.8125978341993012,0.1255651498868015,0.33894673945829784,0.11357608166420721,0.11508700699778274,0.13566940324380994,0.6517264933791012,24304,434000000,126.3,0,2,3,8.36094307508694,-0.2876946082530225,3.347643724535121,8.36094307508694,-0.2876946082530225,3.347643724535121,101.19336605072021
15.0,0.0,5.0,3.9763692043698966,-0.3410914359495904,5.002216226556458,-0.6475799092643898,0.02512984228952887,-0.06448488075596322,0.7588481088449238,0.15327508663935818,0.3949144441884917,0.1519262417681845,0.07298539712792262,0.07436438900185749,0.5765038717072457,24304,749000000,108.77,0,2,3,8.663149506479423,-0.2045420299635335,3.406176529725411,8.663149506479423,-0.2045420299635335,3.406176529725411,101.93278861045837
15.0,0.0,5.0,4.096302007484287,-0.4013704929186013,5.037109763838045,-0.70567208298865,0.018173823210914025,-0.0615594449030014,0.7056252958784799,0.1658046740345452,0.3934177659197278,0.19467892009358762,0.048687865273677744,0.038563775160582736,0.48974641831591725,24305,32000000,100.07,0,2,3,8.846027906580746,-0.15264279890440802,3.4423410036101094,8.846027906580746,-0.15264279890440802,3.4423410036101094,102.6594455242157
15.0,0.0,5.0,4.238475880745515,-0.45014617623407116,5.092326761589082,-0.7602147165240988,0.014451494906543308,-0.05883308916357814,0.646841098489127,0.16069004923264274,0.3779640970899842,0.23233724513189657,0.04003852118330542,0.019676492411235813,0.4652101139072329,24305,423000000,92.5,0,2,3,9.041073594784761,-0.09617662450254909,3.4815325038500857,9.041073594784761,-0.09617662450254909,3.4815325038500857,103.42083191871643
15.0,0.0,5.0,4.347928157599336,-0.4715414930476436,5.143188370814937,-0.7979562802942255,0.013065660618402149,-0.05651786990545494,0.5999173223311343,0.15189610177542937,0.3680149115241807,0.2524028425624744,0.03735545069503132,0.010322011166863376,0.4699763056123629,24305,730000000,84.75,0,2,3,9.261133213757862,-0.031305474156716674,3.5265380601338383,9.261133213757862,-0.031305474156716674,3.5265380601338383,104.13764929771423
15.0,0.0,5.0,4.439824201723417,-0.47808597334290553,5.190513147171465,-0.828310016369269,0.012448007127884842,-0.05429065870818485,0.5574944737644641,0.142885004469424,0.3627377274463324,0.26414169147180205,0.0340985043294495,0.004110931922696182,0.48094415687955916,24306,38000000,78.79,0,2,3,9.428885249544676,0.018743694479333498,3.5613689515722284,9.428885249544676,0.018743694479333498,3.5613689515722284,104.69596219062805
15.0,0.0,5.0,4.5569786104053644,-0.4711950778467326,5.253822660903837,-0.8641176782324071,0.010716823141184832,-0.0499379740585936,0.5006915084310075,0.1608506301995938,0.39749058249102653,0.25759759644187963,0.07819842430762947,-0.013858742659067502,0.46740958059672266,24306,357000000,73.5,0,2,3,9.570507156714552,0.061162208547745234,3.591099419329896,9.570507156714552,0.061162208547745234,3.591099419329896,105.39637088775635
15.0,0.0,5.0,4.67535394869155,-0.4538721064555163,5.3015041387233754,-0.8901901924634184,0.007405389560399253,-0.043157458960650166,0.45347989501571134,0.2238802425404213,0.47418154360298814,0.22365391983859553,0.06445971521316096,-0.031245252102962695,0.42611731332726777,24306,653000000,66.54,0,2,3,9.75014173197951,0.11476987182964714,3.6292034463096106,9.75014173197951,0.11476987182964714,3.6292034463096106,106.10269403457642
15.0,0.0,5.0,4.812555666983079,-0.42791242732351004,5.340820791452882,-0.910337612735913,0.0052168684523614985,-0.0357733071599025,0.4122844717142192,0.29672354706168863,0.5283112934366448,0.1867241784712252,0.05321237040334381,-0.0423118777689524,0.3622609016019851,24307,16000000,60.96,0,2,3,9.916191083266575,0.16369648164050296,3.664735310799676,9.916191083266575,0.16369648164050296,3.664735310799676,106.70200276374817
15.0,0.0,5.0,4.951851089980828,-0.40016697537755097,5.369583360948032,-0.9258570476400848,0.0032531511027463315,-0.029100312586117238,0.3767377285997232,0.37141503376464613,0.5481133290010158,0.15093590696352316,0.047566474677296355,-0.041581824189051986,0.3565029241144657,24307,388000000,56.25,0,2,3,10.05592276925395,0.20403299922943186,3.6947968031911835,10.05592276925395,0.20403299922943186,3.6947968031911835,107.23480725288391
15.0,0.0,5.0,5.100429351046203,-0.3720885257107396,5.391529717074725,-0.9405885099279999,0.0010306744654617409,-0.023207966705399357,0.3387529822495613,0.4462875231494136,0.5366494845583704,0.11453837981553713,0.046435613330686465,-0.03602541619329713,0.38653701776638627,24307,715000000,52.32,0,2,3,10.194794037995331,0.2431644217371108,3.72481819040531,10.194794037995331,0.2431644217371108,3.72481819040531,107.84002947807312
15.0,0.0,5.0,5.2547411279362235,-0.3456317098246903,5.406912767219915,-0.9549909147601774,-0.0017772693720947991,-0.018113304384980128,0.29607617641977774,0.5165959587753588,0.49708032145342446,0.07839335038405351,0.048483665159437805,-0.03151769196847454,0.4297260689781979,24308,162000000,48.2,0,2,3,10.332796479650145,0.28100987329105265,3.7548008928215295,10.332796479650145,0.28100987329105265,3.7548008928215295,108.50510573387146
15.0,0.0,5.0,5.4120155898102285,-0.3217973248838382,5.415950393158852,-0.968462574041602,-0.005212959692060882,-0.013567972741608756,0.24873475400041295,0.5785595177694519,0.43741221543887254,0.04311987091942469,0.04822772243642248,-0.030965210680733435,0.46109906397759914,24308,440000000,43.66,0,2,3,10.469950541822262,0.31752203220776076,3.7847676090902787,10.469950541822262,0.31752203220776076,3.7847676090902787,109.0784387588501
15.0,0.0,5.0,5.585212610522147,-0.2989997554906659,5.418838030222048,-0.9809331232204761,-0.009084082297553194,-0.008967416242037483,0.1939259463395125,0.6350792763436608,0.359290527358472,0.006465146934326276,0.04228584803058766,-0.0339132770022843,0.47041368088684976,24308,749000000,38.76,0,2,3,10.606307158405754,0.35273188727853805,3.8147339341262767,10.606307158405754,0.35273188727853805,3.8147339341262767,109.63807821273804
15.0,0.0,5.0,5.745170022044319,-0.28065875660548684,5.41541275822739,-0.9895546261998547,-0.012215451137689848,-0.004940126102913531,0.143554936083911,0.6772299274683025,0.28423321166286536,-0.024880042920541995,0.03252743154007476,-0.03698025284393225,0.4554068815195933,24309,73000000,33.33,0,2,3,10.754222412419985,0.3897240987614907,3.8474671931409663,10.754222412419985,0.3897240987614907,3.8474671931409663,110.2842903137207
15.0,0.0,5.0,5.892051002703441,-0.2656885133081422,5.407571015209233,-0.9948854374589462,-0.014378057192916481,-0.0014260292129642345,0.09997101702074329,0.7091391428115638,0.2179984486813872,-0.0511761360328856,0.02236052223452134,-0.03837575241050217,0.42411160247866064,24309,342000000,28.64,0,2,3,10.889155944780217,0.42246269688012705,3.8775394486802703,10.889155944780217,0.42246269688012705,3.8775394486802703,110.82194972038269
15.0,0.0,5.0,6.071245496212073,-0.24941856866250922,5.392887017970185,-0.9984460835912605,-0.015622672433063913,0.0024531037008492674,0.05343531182238764,0.7429725902524569,0.14383441736518435,-0.07804583192760585,0.0028260435556148877,-0.03552453745214734,0.35500903031788766,24309,565000000,24.9,0,2,3,11.011354367692505,0.4513469431811733,3.904964671661773,11.011354367692505,0.4513469431811733,3.904964671661773,111.40418577194214
15.0,0.0,5.0,6.2547987808811065,-0.23430530392047438,5.373715017039989,-0.9997449400741524,-0.015425355467489837,0.005745277470502652,0.015463020132491567,0.7708012406630942,0.08450231868980569,-0.0977976553542371,-0.010028834549302701,-0.029019453177170362,0.2810195233905688,24309,843000000,21.36,0,2,3,11.157442060380134,0.48504632255848174,3.938004504990604,11.157442060380134,0.48504632255848174,3.938004504990604,112.03131628036499
15.0,0.0,5.0,6.411445066395581,-0.2217169549711666,5.355519282354446,-0.9998209893532904,-0.014404095025493748,0.007888734124605574,-0.009395699495779453,0.7903605761978653,0.04760695764422871,-0.10846245813371995,-0.013742292139795609,-0.022321207325148862,0.2246648640721105,24310,101000000,18.94,0,2,3,11.30292827104539,0.5178148082542158,3.9712142460346938,11.30292827104539,0.5178148082542158,3.9712142460346938,112.62412595748901
15.0,0.0,5.0,6.61996177220438,-0.20477036606295715,5.33068030319196,-0.9993676038506336,-0.012078584925891577,0.009648729303325181,-0.03202190161220825,0.8118992569135906,0.011934082413652064,-0.11200014976174313,-0.022320141033560503,-0.009394158041686751,0.1306639052927494,24310,332000000,17.6,0,2,3,11.423697270358282,0.5444585249390393,3.9990338974152078,11.423697270358282,0.5444585249390393,3.9990338974152078,113.19716119766235
15.0,0.0,5.0,6.800116170025571,-0.19010561091840292,5.310078870057507,-0.9989852068767544,-0.009925210998252224,0.010144558403050907,-0.04274499459416642,0.825599688670002,-0.005088164123430531,-0.10906285593941001,-0.019734989655262325,-0.0012130556569900364,0.07087487101671286,24310,551000000,16.48,0,2,3,11.580036715898451,0.5783333273693964,4.035402526509995,11.580036715898451,0.5783333273693964,4.035402526509995,113.8123345375061
15.0,0.0,5.0,6.9660634587447054,-0.17667438606561517,5.2922986007851724,-0.998793207995561,-0.008156886100725349,0.01000030990193873,-0.04738762151596981,0.8343194914322192,-0.013282968185169353,-0.10363362060674361,-0.0165527346325689,0.0038013730772945564,0.03027079874300398,24310,759000000,15.83,0,2,3,11.711737254042129,0.6064602019243817,4.066355595584848,11.711737254042129,0.6064602019243817,4.066355595584848,114.36821508407593
15.0,0.0,5.0,7.149954235927714,-0.16229943896104662,5.274038636184665,-0.9987760568234657,-0.006489593288500723,0.00943684095300575,-0.04811672815088841,0.8379603395606349,-0.018237137299217145,-0.0961595524442668,-0.013432797277346253,0.006930341214683722,-0.008772035744186724,24310,983000000,15.36,0,2,3,11.83099407045874,0.6317061842735586,4.094637076719704,11.83099407045874,0.6317061842735586,4.094637076719704,114.96236371994019
15.0,0.0,5.0,7.350776207458185,-0.1477727929737801,5.255598069749557,-0.9989199887557427,-0.005008597799842385,0.008668092511259778,-0.04537217412162092,0.8357280015880525,-0.019367145864905976,-0.088904727152906,-0.010350357206334593,0.00683925645716954,-0.031760124693391845,24311,217000000,14.94,0,2,3,11.961630292613174,0.6591825434030156,4.125885476438577,11.961630292613174,0.6591825434030156,4.125885476438577,115.57635927200317
15.0,0.0,5.0,7.5506180130018805,-0.13487684424330096,5.2383579856724465,-0.999120685870328,-0.0038406732650512697,0.007984645409237793,-0.040979869845632844,0.8296613719295053,-0.01856760156339419,-0.08335842715137885,-0.008305082337756176,0.005435547200249857,-0.03866925981128588,24311,448000000,14.6,0,2,3,12.103509346699179,0.6889270602923606,4.160122438991992,12.103509346699179,0.6889270602923606,4.160122438991992,116.2512936592102
15.0,0.0,5.0,7.715761467612471,-0.12550476741645603,5.224614936582805,-0.9992772903431779,-0.0030404837247669497,0.007579006882572471,-0.03712426588889278,0.8221020390731653,-0.017855963981693822,-0.08023923934625488,-0.006865216346341185,0.0038411651303249528,-0.038089202280389145,24311,668000000,14.39,0,2,3,12.244706621840002,0.7185191915399901,4.194500485523937,12.244706621840002,0.7185191915399901,4.194500485523937,116.85951900482178
15.0,0.0,5.0,7.911591097547977,-0.11590231778572103,5.208569981689856,-0.9994272917155227,-0.0022659902686876982,0.007317940503177772,-0.03296060692811048,0.809516010737242,-0.01717718309897744,-0.07808716273886804,-0.005473414330481319,0.001429159237886779,-0.03162006069032941,24311,879000000,14.3,0,2,3,12.361821869603439,0.7431472616517264,4.22324890154716,12.361821869603439,0.7431472616517264,4.22324890154716,117.41465663909912
15.0,0.0,5.0,8.120131328718132,-0.10725280830494197,5.191521969022775,-0.9995429885297303,-0.001615552075694264,0.00727531340514697,-0.029296311839593803,0.7939736930511702,-0.01657126911466632,-0.07659187993166136,-0.0040991862078954,-7.084140563051733e-05,-0.02515313262847485,24312,117000000,14.26,0,2,3,12.501674637815245,0.7727686125061014,4.257875489754301,12.501674637815245,0.7727686125061014,4.257875489754301,118.05435943603516
15.0,0.0,5.0,8.29344549829461,-0.10113015633896873,5.17733014052207,-0.9996148160416016,-0.0011938178155851162,0.007316513999977729,-0.02674440076027218,0.7809151635451151,-0.01637291307451635,-0.07550061195187888,-0.003319235725030012,-0.00029102721157414635,-0.021768205260741524,24312,351000000,14.25,0,2,3,12.652299434460325,0.8050602534719561,4.29556995154309,12.652299434460325,0.8050602534719561,4.29556995154309,118.73308372497559
15.0,0.0,5.0,8.494475813710977,-0.09501064101423637,5.160847718603871,-0.9996811842677837,-0.0008017183932940235,0.007369689495020464,-0.024136585204336314,0.7643631198723124,-0.015331691996669589,-0.07396548181067485,-0.0023956447421369376,-0.0002402910070031794,-0.018438108781992923,24312,561000000,14.27,0,2,3,12.779051025080603,0.8326838912666892,4.327616618861082,12.779051025080603,0.8326838912666892,4.327616618861082,119.38376379013062
15.0,0.0,5.0,8.676240849466652,-0.09013924027555112,5.145998456245227,-0.9997288506931599,-0.0005307590992947504,0.007377823576623576,-0.022079653660871335,0.7492347728894182,-0.014178167655927415,-0.07217394171465533,-0.0020322195950939204,0.0002024625032959193,-0.015972231449268293,24312,802000000,14.32,0,2,3,12.92800306001132,0.8658144391413841,4.365652078865377,12.92800306001132,0.8658144391413841,4.365652078865377,119.99226880073547
15.0,0.0,5.0,8.839674345723378,-0.08617184351164522,5.132729624253935,-0.9997641959295303,-0.0003159863105018858,0.0073358819613384505,-0.020436181783309693,0.7355352818113066,-0.013042882603663732,-0.07040126183434445,-0.0017544265006108617,0.0006075439159758389,-0.013898333418183029,24313,31000000,14.39,0,2,3,13.064670248422855,0.8969833072363322,4.400885622920205,13.064670248422855,0.8969833072363322,4.400885622920205,120.57308101654053
15.0,0.0,5.0,9.00002439612208,-0.08257157666950148,5.119803554745989,-0.9997911716748806,-0.00012847310908411982,0.007262893134863191,-0.01910096643997755,0.7212972189238726,-0.011953555980929568,-0.06847325445789412,-0.001227343125265179,0.0007880006478444557,-0.010655998084985185,24313,241000000,14.49,0,2,3,13.189236789154258,0.9261453577629416,4.433297640110765,13.189236789154258,0.9261453577629416,4.433297640110765,121.18582010269165
15.0,0.0,5.0,9.199525021622433,-0.0784065089686963,5.103898790294252,-0.9998133362568346,1.9615250734550047e-05,0.007150460831065769,-0.0179489043711073,0.7027499017422867,-0.011115903752095157,-0.06581292700355523,-0.0009923969400915666,0.0008624389010947198,-0.0059462069202709245,24313,434000000,14.59,0,2,3,13.313099631137531,0.9559706037188309,4.465813749316627,13.313099631137531,0.9559706037188309,4.465813749316627,121.82182002067566
15.0,0.0,5.0,9.366479705813497,-0.07516432084211457,5.090731102478602,-0.9998234329875325,0.00013208161983771245,0.007034985822091795,-0.017423959881541662,0.6876207238354197,-0.011018500496917395,-0.0637473155220833,-0.0007987285925992182,0.0010644240660440119,-0.003064710494982137,24313,693000000,14.74,0,2,3,13.469640000873401,0.9950072691376106,4.507327938823434,13.469640000873401,0.9950072691376106,4.507327938823434,122.50708103179932
15.0,0.0,5.0,9.516337838358382,-0.072418645895901,5.079011840734687,-0.9998279869881048,0.00021480797432015062,0.006911427635430248,-0.017209952379026616,0.6738606055630159,-0.011114749719360913,-0.06186036082902935,-0.0006528169876673928,0.0011703929544637504,-0.0010084124539844197,24313,929000000,14.88,0,2,3,13.602822331893407,1.0295343041493634,4.543048177263224,13.602822331893407,1.0295343041493634,4.543048177263224,123.1200966835022
15.0,0.0,5.0,9.676286891884978,-0.06961341906430848,5.066638211108818,-0.9998285016303022,0.0002868846044504214,0.00677799814193554,-0.017232056351934255,0.6582485406680659,-0.01133194445864497,-0.05960499377089912,-0.0005240379778115312,0.0010706320381359546,0.0011404868700992665,24314,134000000,15.03,0,2,3,13.724102628842896,1.062145087674224,4.575901215364058,13.724102628842896,1.062145087674224,4.575901215364058,123.66610860824585
15.0,0.0,5.0,9.832508157208174,-0.06698024074445334,5.054702846076148,-0.9998252303518756,0.0003437574144495299,0.006654805813844547,-0.017467230525723854,0.6428051694535828,-0.011756150241337578,-0.05743958029904994,-0.0004230477259170584,0.0010216524174211372,0.002640984189383744,24314,354000000,15.21,0,2,3,13.855489738120013,1.0988683105854102,4.6118564657846255,13.855489738120013,1.0988683105854102,4.6118564657846255,124.31685066223145
15.0,0.0,5.0,9.97248622599478,-0.0646836725283588,5.044134378270901,-0.9998198323365293,0.0003844186355188338,0.006539244475536233,-0.017815537335603926,0.6291028575275764,-0.012140932579961282,-0.05552351112860504,-0.00023158221864605366,0.001095233085379732,0.003551839017745806,24314,634000000,15.42,0,2,3,13.985860006734733,1.1368844201712875,4.647930379969873,13.985860006734733,1.1368844201712875,4.647930379969873,124.98008179664612
15.0,0.0,5.0,10.134006185099459,-0.06208094959146402,5.032109620536971,-0.9998112247176547,0.00040554468775285107,0.006403084684560423,-0.018339873734894263,0.6126909138204686,-0.012598667181730602,-0.05313737471802719,-0.00028931491726780223,0.001008792014545179,0.004517113711699494,24314,848000000,15.62,0,2,3,14.115165358726228,1.1762903600154302,4.684125678765518,14.115165358726228,1.1762903600154302,4.684125678765518,125.61126136779785
15.0,0.0,5.0,10.291325386090486,-0.05955124297096955,5.020610993832745,-0.9997998578802371,0.00043879871473103934,0.006272706169611125,-0.01899222987580218,0.5968349295160237,-0.013014537468945353,-0.05076084398330175,-0.0002393110506204721,0.001008140839076077,0.005521444654732477,24315,107000000,15.94,0,2,3,14.243323383583556,1.217144756069574,4.720454439591723,14.243323383583556,1.217144756069574,4.720454439591723,126.1742148399353
15.0,0.0,5.0,10.444601666354947,-0.057086176124188585,5.009623757249165,-0.9997855034347549,0.00046404707434530117,0.006139071846343435,-0.019774821842222456,0.5815112068183292,-0.013611353683539057,-0.048489142491310734,-0.00018891237090201685,0.00102948587255014,0.006527221512442338,24315,344000000,16.29,0,2,3,14.380830184697782,1.2631092572108908,4.759928889007176,14.380830184697782,1.2631092572108908,4.759928889007176,126.81013584136963
15.0,0.0,5.0,10.559810931983337,-0.05524013650143484,5.001506230549093,-0.9997722334996197,0.000479708218050308,0.006035590078390413,-0.020465157111848153,0.5700643065371234,-0.014145485462051363,-0.04681255312217289,-0.00024204586850373744,0.0010737422826423426,0.007221344640129246,24315,565000000,16.67,0,2,3,14.516923841227838,1.3109738089681096,4.799499528209169,14.516923841227838,1.3109738089681096,4.799499528209169,127.44009304046631
15.0,0.0,5.0,10.706076934750847,-0.05289133590181464,4.991397840625836,-0.9997512636069394,0.0005159060244878532,0.005898750000053665,-0.021502313962421138,0.5544286338484987,-0.014898762451478972,-0.04442878728292263,-0.00027694394191257743,0.001036168112023006,0.008552536473871442,24315,791000000,16.99,0,2,3,14.620607157536508,1.3491629064228778,4.829996328509159,14.620607157536508,1.3491629064228778,4.829996328509159,128.01031589508057
15.0,0.0,5.0,10.815835152468786,-0.0511398917252485,4.983999160704084,-0.9997323723769438,0.0005381328794341884,0.005795535958043755,-0.022389859256610578,0.5427888158929608,-0.015602963702944297,-0.04252810445564504,-0.0002294535121905028,0.0010888762631111604,0.009093388416658854,24316,72000000,17.44,0,2,3,14.75397941021022,1.4006550695689775,4.869714844058028,14.75397941021022,1.4006550695689775,4.869714844058028,128.57767295837402
15.0,0.0,5.0,10.955060163429273,-0.04891407225669024,4.974873067425652,-0.9997046496637578,0.0005605481854783559,0.00565231149327835,-0.023629443522390547,0.5275456851082715,-0.016391786833442945,-0.039996002653000656,-0.0001765781178164616,0.0010896913408942055,0.009937448066921206,24316,300000000,17.8,0,2,3,14.855442707447416,1.4417253860658719,4.900309351849635,14.855442707447416,1.4417253860658719,4.900309351849635,129.2285168170929
15.0,0.0,5.0,11.080107212969068,-0.046877537194131874,4.966972976877245,-0.9996755495416362,0.0005752195494976497,0.005522268008435997,-0.02485898885997606,0.5140054015999891,-0.017014137104358867,-0.03765159530204183,-0.00013337351418840626,0.0010733015983532823,0.010546083649387583,24316,531000000,18.31,0,2,3,14.985836675008686,1.497086477138213,4.940143174326277,14.985836675008686,1.497086477138213,4.940143174326277,129.76612949371338
15.0,0.0,5.0,11.231931932675554,-0.04431692333266834,4.957728106765574,-0.9996339842091808,0.0005868202593424339,0.0053701819124103555,-0.02650876085919368,0.49746952551660073,-0.017863618524653024,-0.035104799439736524,-9.374766278824609e-05,0.001002125338800397,0.011545637153176358,24316,765000000,18.8,0,2,3,15.104611177104891,1.5501986953273732,4.976996877379543,15.104611177104891,1.5501986953273732,4.976996877379543,130.42158937454224
15.0,0.0,5.0,11.349916951708835,-0.04229882635808532,4.950796656466903,-0.999595858253966,0.0005956662098542914,0.005246462412547852,-0.027932776006642013,0.4850334912503359,-0.01870974102870275,-0.03316838862263555,-0.00023583522761327913,0.0010333819204788597,0.012248920484125847,24317,15000000,19.45,0,2,3,15.250845182381207,1.6193864995980094,5.02314791815936,15.250845182381207,1.6193864995980094,5.02314791815936,131.01686024665833
15.0,0.0,5.0,11.46491724454261,-0.040307733606749385,4.944282046524152,-0.9995527870450414,0.0006181861945276285,0.005126538901397462,-0.02945441147283967,0.4725697220652469,-0.01955772703016171,-0.031127177577271514,-0.00019939185591510977,0.0010016471264862048,0.013114905323163839,24317,241000000,19.99,0,2,3,15.365981332261084,1.6770588136024909,5.060118365391361,15.365981332261084,1.6770588136024909,5.060118365391361,131.56822061538696
15.0,0.0,5.0,11.604418468498634,-0.0378541948519943,4.93678297171695,-0.9994910731766578,0.000637395855701712,0.004977131115880756,-0.0315026432629239,0.4566877980474346,-0.02063365777462244,-0.028382488567336817,-0.00013777146961047038,0.001007981268230651,0.014045540865481598,24317,500000000,20.54,0,2,3,15.479354159412901,1.7368258799492593,5.097115274228378,15.479354159412901,1.7368258799492593,5.097115274228378,132.27207803726196
15.0,0.0,5.0,11.712699439334255,-0.035908680173241794,4.931294217066311,-0.9994363426806863,0.0006469928602672458,0.0048540904780198756,-0.033211686722048384,0.44482853017911606,-0.02144959898900977,-0.026335818502364355,-9.924500190550134e-05,0.0010402445468571386,0.01463382877773256,24317,756000000,21.26,0,2,3,15.618469205043166,1.8145235536037374,5.143402587106727,15.618469205043166,1.8145235536037374,5.143402587106727,132.81442308425903
0.0,0.0,5.0,11.85268567492184,-0.03335160770561344,4.92464845606237,-0.9993526470980901,0.0006630066463519909,0.0046944432159532375,-0.03566243630374577,0.428975258233812,-0.022681280672535477,-0.023620951244488955,-0.0002311237238927788,0.0009387987461195735,0.016004354620235972,24317,992000000,21.84,0,2,3,15.727569887049611,1.879089166410759,5.1804682852902015,15.727569887049611,1.879089166410759,5.1804682852902015,133.636736869812
0.0,0.0,5.0,11.945627901189868,-0.03162627618517079,4.920505560273194,-0.9992867993168306,0.0006666340522647717,0.0045950184793851975,-0.03747444616453266,0.3904300571462143,-0.022166585836377477,-0.023095341804519685,0.0016107106375784497,0.0006396654384843714,0.019381504353077617,24318,218000000,22.63,0,2,3,15.869829017737745,1.96851708906653,5.2299178860085265,15.869829017737745,1.96851708906653,5.2299178860085265,134.25714254379272
