x_ref,y_ref,z_ref,x,y,z,eta,e1,e2,e3,u,v,w,p,q,r,sec,nanosec,angle2,angle3,control_mode,std_test,x2,y2,z2,real_x2,real_y2,real_z2,time
0.0,0.0,5.0,-1.3547392029989056,-1.154360471269592,4.446799771047993,-0.888626919155961,0.005981181594885575,0.0048439747220220385,-0.4585662001576287,0.037386734353263874,-0.020516618909897637,-0.00045288972922585233,0.000590028258784514,0.001175092768335162,0.0003642727961050696,22904,42000000,3.29,0,2,3,-0.18634324500490876,0.4202772960646335,4.350015071519644,-0.18634324500490876,0.4202772960646335,4.350015071519644,0.00012946128845214844
0.0,0.0,5.0,-1.3441309063666032,-1.1492565758611433,4.446855401584582,-0.8886033314024073,0.005974828472102533,0.004671924453726964,-0.4586137742885304,0.0363109982658488,-0.02015234811488706,-7.990131055960981e-06,0.0008090803760296694,0.0010234693831989716,0.0003768068268072966,22904,303000000,3.23,0,2,3,-0.1753603517125929,0.42697786747996586,4.351178908366931,-0.1753603517125929,0.42697786747996586,4.351178908366931,0.6905539035797119
0.0,0.0,5.0,-1.3344797126623418,-1.1446561928585923,4.446997658035753,-0.8885792652894708,0.0059403622701777875,0.0045252495356959705,-0.4586623196975775,0.03582099308215163,-0.019894283841775127,0.00017166345072760927,0.0008051283884924487,0.0002923261405385347,0.0005821057641242078,22904,574000000,3.18,0,2,3,-0.16446349971789734,0.4336656423520997,4.352348743196661,-0.16446349971789734,0.4336656423520997,4.352348743196661,1.3654987812042236
0.0,0.0,5.0,-1.324845858996324,-1.1399789289189013,4.447084831345171,-0.8885309495554066,0.005828187569673799,0.00454083410855306,-0.4587571958426578,0.03643454481400192,-0.01970224852720249,-0.00029679305416130636,0.0006210820743035583,-0.0010511498999221658,0.0008115654281937168,22904,827000000,3.13,0,2,3,-0.15446357803434946,0.43982932170260564,4.353414047962009,-0.15446357803434946,0.43982932170260564,4.353414047962009,2.013394594192505
0.0,0.0,5.0,-1.314396995341436,-1.1347543391105226,4.447016970346538,-0.888490149690457,0.005671403066662707,0.004666889102368467,-0.45883690919148024,0.037147527013372414,-0.019543860980931634,-0.0008930904842490506,0.0006425772653528838,-0.0013360923617256049,0.000555979102045967,22905,85000000,3.11,0,2,3,-0.14457537819472785,0.4459085736870066,4.354449513768262,-0.14457537819472785,0.4459085736870066,4.354449513768262,2.714280843734741
0.0,0.0,5.0,-1.3046317965062162,-1.1297529242220858,4.446838037610047,-0.8884607200672991,0.0055329817337463226,0.004773158947557238,-0.4588944889234252,0.03763807651293395,-0.019396804723217826,-0.0012582871587644973,0.0005053539666732831,-0.0010868258982554835,0.00040033148707152577,22905,345000000,3.1,0,2,3,-0.13402815091376238,0.45235533042749876,4.355509196089743,-0.13402815091376238,0.45235533042749876,4.355509196089743,3.3632326126098633
0.0013280625,0.0,5.0,-1.2933515110003755,-1.1238474525729891,4.446524205859384,-0.8884418739689963,0.005404175710613586,0.004863591583103281,-0.4589315601919959,0.03792609057862274,-0.01909304305221355,-0.001658279785426299,0.0005560502700063807,-0.0007566258148017369,0.00031510246571997413,22905,626000000,3.08,0,2,3,-0.12381250964651495,0.458446081474756,4.356504113143715,-0.12381250964651495,0.458446081474756,4.356504113143715,4.089803695678711
0.011872687500000001,0.0,5.0,-1.283614474621658,-1.1186442374662355,4.446148333421161,-0.8884195055740186,0.0053063631449471686,0.00490412928953806,-0.45897557031033964,0.03803934523642057,-0.018806302284296146,-0.001998520732066825,0.0006073535757877835,-0.0004908809614789789,0.0004208377049508272,22905,875000000,3.05,0,2,3,-0.11400323459799236,0.46409123253433676,4.357416861427433,-0.11400323459799236,0.46409123253433676,4.357416861427433,4.767976760864258
0.021036000000000003,0.0,5.0,-1.2731695944718584,-1.1129772173596322,4.445674298341217,-0.8883934199913429,0.00521460880780159,0.004916089855056824,-0.45902698311929735,0.038093249743077706,-0.018620003070299283,-0.002189484397834204,0.00047683745947324496,-0.0002947807018927051,0.0003188413103316634,22906,144000000,3.03,0,2,3,-0.10522772156768603,0.4690007226884568,4.358213989865665,-0.10522772156768603,0.4690007226884568,4.358213989865665,5.468786239624023
0.032757812500000004,0.0,5.0,-1.2634910876566476,-1.1077061208538006,4.445190494714386,-0.8883798801112179,0.005151147250793667,0.004919668063613287,-0.45905386520725683,0.03801405252153739,-0.018621560939968577,-0.0023361783955232964,0.00037213825123671995,-0.00020859413041307562,0.0002615689027152257,22906,435000000,3.0,0,2,3,-0.09607089218677517,0.4740028085994993,4.3589859708765575,-0.09607089218677517,0.4740028085994993,4.3589859708765575,6.144892454147339
0.0637704375,0.0,5.0,-1.2530730523093605,-1.1020724825969652,4.444625857360762,-0.8883573963557247,0.005111170309728064,0.004926783920052892,-0.4590977445798962,0.037851526367839096,-0.01873064404341788,-0.002569217372861704,-6.819742424113429e-05,-0.00014502496554769095,0.00040337016287139704,22906,704000000,2.97,0,2,3,-0.0877664206941174,0.4784190318362044,4.359669024324656,-0.0877664206941174,0.4784190318362044,4.359669024324656,6.874264478683472
0.08300800000000001,0.0,5.0,-1.24266739318342,-1.0965056449475847,4.443974424005063,-0.8883291039274329,0.005131302093389346,0.004931702477992723,-0.4591522091474446,0.037213426618684986,-0.018858289800716688,-0.0026958204430654773,-0.0004012018422372421,0.0008565775033275713,0.0005312374241839279,22906,987000000,2.93,0,2,3,-0.07880291293335351,0.48325335022847854,4.360423595879479,-0.07880291293335351,0.48325335022847854,4.360423595879479,7.582819700241089
0.10469756250000001,0.0,5.0,-1.2331734909409275,-1.091649949592733,4.4434474996526605,-0.8882916642873679,0.005276740906701706,0.004773507179212326,-0.4592246604791508,0.035544011296446916,-0.01904697753783957,-0.0021915828445227417,-0.0006558007839885249,0.001970593621081207,0.0006641052721079177,22907,279000000,2.89,0,2,3,-0.06971775390660101,0.4882483168485918,4.361179047006328,-0.06971775390660101,0.4882483168485918,4.361179047006328,8.273287534713745
0.15532618750000002,0.0,5.0,-1.2231758457228812,-1.0868271878380604,4.443012361130907,-0.8882452844200204,0.005485506179705948,0.00457113255921304,-0.4593139761368856,0.03398710306376247,-0.019337933294063265,-0.0016507254688138354,-0.0008603215633229411,0.0018665335460354981,0.0008209648342472065,22907,531000000,2.83,0,2,3,-0.061148452058209325,0.4929988195920618,4.3618982563631015,-0.061148452058209325,0.4929988195920618,4.3618982563631015,8.957220554351807
0.18421200000000001,0.0,5.0,-1.2146927529621876,-1.0829924036736924,4.442777517706557,-0.8881928295480985,0.005672328051047667,0.004440346297067604,-0.4594144159237777,0.033051485321128934,-0.01985177026605022,-0.0011080293496134237,-0.0014793631180509692,0.0015020203818494338,0.0010033602848125156,22907,781000000,2.76,0,2,3,-0.051775724217592446,0.49816593335564624,4.362672602804393,-0.051775724217592446,0.49816593335564624,4.362672602804393,9.616719961166382
0.2489935,0.0,5.0,-1.2040616827360184,-1.0785021494064488,4.442625723615821,-0.8881166188901243,0.0059756719358853815,0.004387301928336628,-0.45955839039003277,0.03241155346477153,-0.02065891071720206,-0.0006793923594999227,-0.001928344522639236,0.0010532052215239673,0.0012250034501448681,22908,79000000,2.72,0,2,3,-0.04356702537473417,0.5025957542443018,4.363353965211697,-0.04356702537473417,0.5025957542443018,4.363353965211697,10.333046913146973
0.2848359375,0.0,5.0,-1.1947631906198428,-1.0748159696630766,4.442590789581257,-0.8880342136425005,0.006246093881505143,0.004396747804403762,-0.4597139222606962,0.03211140559333403,-0.021404458216241266,-0.0003763417714605387,-0.0025259925678255968,0.0007309494549190276,0.001567460969909007,22908,341000000,2.67,0,2,3,-0.03299775027689617,0.5081385375562544,4.364200087799575,-0.03299775027689617,0.5081385375562544,4.364200087799575,10.973474025726318
0.322944,0.0,5.0,-1.186022993875669,-1.0715616032961643,4.442626717890293,-0.8879317580135638,0.006535708380802969,0.004471110920422767,-0.4599070414703824,0.03211234613136874,-0.022390794864778095,-0.00014477068877239888,-0.0027404370257499977,0.0004643632991019331,0.0019688181282617734,22908,635000000,2.64,0,2,3,-0.023539698993325683,0.5129563950404481,4.3649262422478765,-0.023539698993325683,0.5129563950404481,4.3649262422478765,11.632447719573975
0.40585050000000006,0.0,5.0,-1.1740311112223005,-1.0673949602808113,4.442762130201738,-0.8877756285422463,0.0069366988909278764,0.004618938560593724,-0.460201022360326,0.0324017998314121,-0.023843196035167914,0.00010688135766829234,-0.0027873663611899246,0.00020089413084178886,0.0022452122493632487,22908,895000000,2.62,0,2,3,-0.014593253780102029,0.5174006617893616,4.365592515905326,-0.014593253780102029,0.5174006617893616,4.365592515905326,12.363520383834839
0.4505956875,0.0,5.0,-1.1647403551908062,-1.064389615819606,4.442919747461132,-0.887643657558096,0.007226477440345089,0.0047568911098297955,-0.4604496576257372,0.03271913434455086,-0.025047880877201646,0.0002320019906224771,-0.0033768372759368503,-8.780720450740631e-06,0.0024730284394536284,22909,170000000,2.6,0,2,3,-0.0022283778095973754,0.5232477957892726,4.366480514869873,-0.0022283778095973754,0.5232477957892726,4.366480514869873,13.000747680664062
0.49750000000000005,0.0,5.0,-1.1542807422799377,-1.0612284013919406,4.443108313128385,-0.8874826923851448,0.0075910062894519285,0.004991714899935339,-0.4607514841242354,0.03380844975157145,-0.026717754170908336,7.464494284039113e-05,-0.003806463587352482,-0.0011428701327531599,0.00282067621810711,22909,427000000,2.59,0,2,3,0.0074688865474321,0.5275993808287366,4.367150378601915,0.0074688865474321,0.5275993808287366,4.367150378601915,13.656951904296875
0.5976795000000001,0.0,5.0,-1.1440597257852252,-1.0581726835773473,4.443199603166952,-0.8873152423952971,0.007859003749284296,0.005397046463644447,-0.4610648203479776,0.035886226133950413,-0.028242183403842474,-0.00048366314186929014,-0.0037365447269621654,-0.0023347020487562986,0.0030753332566746394,22909,721000000,2.59,0,2,3,0.018390675610473257,0.5323018508380002,4.367849804857948,0.018390675610473257,0.5323018508380002,4.367849804857948,14.286965608596802
0.6509014375000001,0.0,5.0,-1.132341447285995,-1.0546484488284529,4.443143606308845,-0.8871238893942343,0.008147489280471643,0.005903106200680365,-0.4614216906709677,0.03802838485340684,-0.029991055426773484,-0.0012227052252420127,-0.004755690633828635,-0.0024771428797976114,0.003336985901114531,22909,981000000,2.61,0,2,3,0.02876994403832172,0.5364736340006235,4.368426090420906,0.02876994403832172,0.5364736340006235,4.368426090420906,14.939064502716064
0.7061760000000001,0.0,5.0,-1.1198842488522793,-1.0509482450447158,4.442936355464703,-0.8869070160376173,0.008512858625310362,0.006457577380364392,-0.46182439935071806,0.04014820795673721,-0.03200954510116564,-0.0018870642993961309,-0.004668631254389766,-0.0023976704596861964,0.003663842494461278,22910,259000000,2.65,0,2,3,0.040303040494269575,0.5406182160600708,4.368954350144381,0.040303040494269575,0.5406182160600708,4.368954350144381,15.581462621688843
0.7634765625000001,0.0,5.0,-1.1077539193459611,-1.0473972940905554,4.442613502802778,-0.8866982742501465,0.008842811626630894,0.006941780441474256,-0.4622118419173725,0.04189831769997985,-0.033769078291680375,-0.0025211498716336033,-0.0045558764213637915,-0.002120435260621889,0.0037717805525971926,22910,533000000,2.68,0,2,3,0.05222974994484997,0.5444214028875617,4.369384253078436,0.05222974994484997,0.5444214028875617,4.369384253078436,16.23550820350647
0.8840491875,0.0,5.0,-1.093937836759919,-1.043473184379828,4.442117958428416,-0.8864606729013111,0.009216243757793313,0.007426126109105758,-0.4626525574352345,0.04357091876772963,-0.03593462961200151,-0.0031788493209079205,-0.0045183927795733325,-0.0018105909362020611,0.003935602808269323,22910,765000000,2.71,0,2,3,0.06361726103353485,0.547705774673123,4.369710769500662,0.06361726103353485,0.547705774673123,4.369710769500662,16.91699981689453
0.947268,0.0,5.0,-1.0782707698225742,-1.0392282784293776,4.441475668899113,-0.8861968794190067,0.009664205110277288,0.0079123234042789,-0.4631404637752426,0.04491359163755815,-0.038475762891537035,-0.003433850499226285,-0.005452631558000576,-0.0006837617092969595,0.004250080655765487,22911,69000000,2.74,0,2,3,0.07646280168414085,0.5510418569230315,4.370006237772626,0.07646280168414085,0.5510418569230315,4.370006237772626,17.595977783203125
1.0794375,0.0,5.0,-1.063056803955264,-1.03550979832007,4.440945130900889,-0.8859182310923442,0.010247463166055907,0.008207691808646049,-0.4636555953636773,0.045283818886299655,-0.04109193474147002,-0.003128782405900356,-0.005319469619280426,0.0004922666391848907,0.004658285070036072,22911,328000000,2.77,0,2,3,0.09100827405771844,0.5544070783598136,4.3702545371379715,0.09100827405771844,0.5544070783598136,4.3702545371379715,18.264556884765625
1.1483349375,0.0,5.0,-1.0459943109593899,-1.0318310301412932,4.440489193704499,-0.885602170898316,0.01091837602524413,0.008489446990630384,-0.4642386382615672,0.04582985782604494,-0.04404081424358336,-0.002855987758524823,-0.006244488531592651,0.00037032666000413883,0.004959055513609201,22911,580000000,2.78,0,2,3,0.10517415580625356,0.5573871288748085,4.370397365588241,0.10517415580625356,0.5573871288748085,4.370397365588241,18.903825759887695
1.2190720000000002,0.0,5.0,-1.0293758759288723,-1.0286656776280414,4.440163795968232,-0.8852793003608826,0.011588932141701097,0.008822493707525083,-0.46483160457217376,0.04681556581808834,-0.04707059293760956,-0.0026959306944470554,-0.0058175084632239304,2.2560445600561252e-05,0.005502162457560189,22911,886000000,2.8,0,2,3,0.12116929093264771,0.5604335375071644,4.370462442663656,0.12116929093264771,0.5604335375071644,4.370462442663656,19.559111833572388
1.2916220625000001,0.0,5.0,-1.0106121050807402,-1.0254758751116297,4.439878333835677,-0.8848917194072239,0.012238327117073055,0.009195382875072976,-0.4655451784818341,0.04791879705816239,-0.0501831799322471,-0.0027123563774430572,-0.005377352817959036,-0.00020045652036060346,0.00616419711150229,22912,128000000,2.82,0,2,3,0.13682554419812093,0.5631359869418893,4.370440850897988,0.13682554419812093,0.5631359869418893,4.370440850897988,20.224342107772827
1.4420546875,0.0,5.0,-0.9909775580955431,-1.0224762084818722,4.4396146722972585,-0.8844669661323812,0.012837091728523322,0.009565524728114996,-0.4663280986957685,0.04907416808120517,-0.053167335103496506,-0.0028737427202588503,-0.005372842224460328,-0.0003529111751277014,0.006395990067176172,22912,392000000,2.87,0,2,3,0.15460851524103578,0.565937114103507,4.3703642494882535,0.15460851524103578,0.565937114103507,4.3703642494882535,20.89874815940857
1.5198840000000002,0.0,5.0,-0.9704481948865683,-1.0196323395865696,4.439340457681535,-0.8840394673518319,0.013455114916770478,0.009982396752995308,-0.4671119050098502,0.05047139199586052,-0.056387339564833105,-0.003115076660641093,-0.00626481014478486,-0.0006813054767462745,0.006673123652944923,22912,614000000,2.92,0,2,3,0.17337462821995075,0.5686234666099613,4.370210810094378,0.17337462821995075,0.5686234666099613,4.370210810094378,21.64218044281006
1.6806355000000002,0.0,5.0,-0.9504620558864092,-1.0171364618757237,4.439089911108408,-0.8836089257566755,0.014067415632794,0.010424670607101514,-0.4678981730924812,0.051521158246608426,-0.05960032566542848,-0.0031453418528741583,-0.006113636027293978,-7.201632463704755e-05,0.007028758454907802,22912,875000000,2.98,0,2,3,0.1932337673677391,0.5712051856415723,4.369982827340399,0.1932337673677391,0.5712051856415723,4.369982827340399,22.36169409751892
1.7635044375,0.0,5.0,-0.9216144012333393,-1.0143271543311356,4.43898160247344,-0.8829877414746963,0.015087319986570612,0.010817739616305985,-0.4690287813030576,0.05151545164450162,-0.0643837112978539,-0.002455260222019095,-0.006415563120754086,0.0010464461865922203,0.0075784404998557875,22913,142000000,3.05,0,2,3,0.21268175988557977,0.5735135752649092,4.369702473650926,0.21268175988557977,0.5735135752649092,4.369702473650926,23.191299438476562
1.9340955625,0.0,5.0,-0.899820148735817,-1.0128093195976162,4.439110918426934,-0.8825006209938737,0.015805660777454957,0.011082728300168888,-0.46991489459926655,0.05192212572519432,-0.06788919124846121,-0.002054175239156875,-0.006035567639628425,0.0007912294790912711,0.007957433081173804,22913,391000000,3.14,0,2,3,0.2411647364898995,0.5766213136818237,4.369218583375734,0.2411647364898995,0.5766213136818237,4.369218583375734,23.88728618621826
2.0217645000000006,0.0,5.0,-0.8754202990576891,-1.0115419829022823,4.439417136977658,-0.8819503089812986,0.01655320560598472,0.011414783448223942,-0.4709133111208348,0.05288473948296707,-0.07178978501933161,-0.0017968733831720336,-0.0067879745074606035,0.0002658106780017988,0.008424476072832476,22913,651000000,3.21,0,2,3,0.26299938510694104,0.5788220354492278,4.36880085945456,0.26299938510694104,0.5788220354492278,4.36880085945456,24.574515104293823
2.1109801875,0.0,5.0,-0.844200461286046,-1.0103630728508521,4.439919791907607,-0.881237511089203,0.017480763589284295,0.011955102408238176,-0.47219905493345754,0.05475627718408675,-0.07696416627764734,-0.0018942563248928706,-0.006155026039778022,-0.00030305595544177777,0.008761442768445704,22913,939000000,3.3,0,2,3,0.2876828361650852,0.581143386186925,4.368272100451719,0.2876828361650852,0.581143386186925,4.368272100451719,25.366355895996094
2.2939453125,0.0,5.0,-0.8191590777226356,-1.0096838944334203,4.44035374771831,-0.8806858935204486,0.01809237851307398,0.012366105544361823,-0.47319351456618064,0.05607882952017804,-0.08050712992712869,-0.0020264040199524332,-0.005859490920556709,-0.0004442575772145574,0.00883982038430986,22914,200000000,3.44,0,2,3,0.3195169705839853,0.5838521944708172,4.367477514927414,0.3195169705839853,0.5838521944708172,4.367477514927414,26.052773475646973
2.3876415,0.0,5.0,-0.7911184289362082,-1.0091125139230088,4.440863449444977,-0.8800776208564344,0.01874492535324635,0.012830980301438644,-0.4742861741456136,0.057729552961380916,-0.08442732841855408,-0.002246930378413063,-0.006653999207628658,-0.0006992622274992755,0.009191959907184355,22914,465000000,3.55,0,2,3,0.3450954000883498,0.5858422598705041,4.366766584082865,0.3450954000883498,0.5858422598705041,4.366766584082865,26.73915195465088
2.5793280000000003,0.0,5.0,-0.7660791051853886,-1.0087333134584482,4.441300639787544,-0.8795315960128879,0.01933373515311401,0.013290299312533126,-0.4752617660239823,0.059388239204209735,-0.08810428367722861,-0.002593234877092599,-0.00636889294582943,-0.0009549647472795186,0.009361887987324735,22914,717000000,3.69,0,2,3,0.3736082947977209,0.5876415367813669,4.365832084828268,0.3736082947977209,0.5876415367813669,4.365832084828268,27.37374258041382
2.6772650625,0.0,5.0,-0.7333872208560498,-1.0083836300516387,4.441830160122598,-0.8788519218148512,0.020038568736873097,0.013920157822797527,-0.47647033957163454,0.06202641746937887,-0.09311078079437955,-0.003350568681905209,-0.006848246948720771,-0.00199999078631663,0.00944883704505628,22915,9000000,3.81,0,2,3,0.3989981515879733,0.5888801342948032,4.364890412382063,0.3989981515879733,0.5888801342948032,4.364890412382063,28.059360027313232
2.7765625000000003,0.0,5.0,-0.6988068193784833,-1.007969414943535,4.442124126460602,-0.8781501800722878,0.0206684576879147,0.014745998857178316,-0.4777108242582696,0.06586941355929699,-0.09841411636846027,-0.0049739540993188214,-0.006312163714028429,-0.0032243080568150617,0.00963322081588558,22915,284000000,3.98,0,2,3,0.4319196147435922,0.5900086607260167,4.363531971221829,0.4319196147435922,0.5900086607260167,4.363531971221829,28.752140283584595
2.9791320000000003,0.0,5.0,-0.6722021054586876,-1.0074899742632195,4.442103058949427,-0.8776359100043092,0.021036467799886507,0.015395941848649682,-0.4786184717162567,0.06869325158610366,-0.1019229015588046,-0.006228979162141752,-0.005997968628435046,-0.0032364408752982854,0.009526959638606058,22915,580000000,4.16,0,2,3,0.46603664430277486,0.5904539760271518,4.361960544162313,0.46603664430277486,0.5904539760271518,4.361960544162313,29.386743307113647
3.0823508125,0.0,5.0,-0.639535689298131,-1.0068286372862065,4.441899259981239,-0.8770349669805668,0.02152953204838479,0.016107386374136636,-0.4796735327776254,0.07111166517321768,-0.10633442890699352,-0.007175287083971528,-0.007056438744257321,-0.002068111757580482,0.00947602520682267,22915,841000000,4.29,0,2,3,0.4919533568565767,0.5904058675878467,4.360672564557346,0.4919533568565767,0.5904058675878467,4.360672564557346,30.036027669906616
3.1868235000000005,0.0,5.0,-0.6055416894276838,-1.0063063242762027,4.441630216412874,-0.8764227676544497,0.022166967332588963,0.01670437613609928,-0.4807418451873041,0.07296118727065234,-0.11116146591339242,-0.007824202199469246,-0.006683572883048328,-0.0011140734727632662,0.009391912317369133,22916,194000000,4.45,0,2,3,0.523548244024492,0.590047899335304,4.359032374643542,0.523548244024492,0.590047899335304,4.359032374643542,30.677092790603638
3.3994240000000002,0.0,5.0,-0.5730094542031717,-1.0059630189340563,4.4413239021552,-0.8758809629046258,0.0227340225996361,0.01719541151138654,-0.48168456572809,0.07472047681301293,-0.11534472098800505,-0.008542680188008685,-0.006217370219019358,-0.001049003230946255,0.008926632199290907,22916,445000000,4.59,0,2,3,0.5562045778614606,0.5894157899984626,4.357259298601963,0.5562045778614606,0.5894157899984626,4.357259298601963,31.284276008605957
3.5074985625000004,0.0,5.0,-0.5365600102730411,-1.0057225426457872,4.440912345291896,-0.8753123287481615,0.023326333553250946,0.017721738163992858,-0.4826698139524366,0.0766946167529804,-0.12002575991896788,-0.009347887264578079,-0.006913483912285301,-0.0012435248436304391,0.00886196621650015,22916,723000000,4.72,0,2,3,0.5875088219979608,0.5886378990111243,4.355493318063327,0.5875088219979608,0.5886378990111243,4.355493318063327,31.90601944923401
3.6167205000000004,0.0,5.0,-0.5016293838095353,-1.0056188539993025,4.440466234532949,-0.8747748161149869,0.023907753611729,0.01826900918064694,-0.48359454474982355,0.07888533758288002,-0.12492132054810219,-0.010148954779048749,-0.006692832948829164,-0.0015030954500616645,0.009022181984619237,22917,67000000,4.86,0,2,3,0.6227028448727684,0.5876175861518873,4.353444494922983,0.6227028448727684,0.5876175861518873,4.353444494922983,32.5275456905365
3.7270631875,0.0,5.0,-0.46545963969630083,-1.0056241949691371,4.439936073181902,-0.8742379646955549,0.024449156093950354,0.018820218518517014,-0.4845162734379336,0.08089622507815039,-0.1294900063997974,-0.0110567176073994,-0.006299925553321373,-0.0016052808859967627,0.008837302630126942,22917,333000000,4.99,0,2,3,0.6563060044267571,0.586541889626791,4.351420490924516,0.6563060044267571,0.586541889626791,4.351420490924516,33.1616792678833
3.9510043125000003,0.0,5.0,-0.41864720352000073,-1.0057737558713689,4.439163381012436,-0.8735927165350724,0.025102237415655884,0.019467377889642277,-0.4856198765410066,0.08267174849001448,-0.13484608681562946,-0.011739946655329979,-0.006122847025835654,-0.00048664885241578304,0.008462161531497259,22917,602000000,5.12,0,2,3,0.6909719694224318,0.5853828682431127,4.349254802194449,0.6909719694224318,0.5853828682431127,4.349254802194449,33.860554218292236
4.0645495,0.0,5.0,-0.3768791956960953,-1.0062966463968364,4.438612477552843,-0.8730432382088411,0.02575025711354166,0.019842517845938115,-0.4865580160288603,0.08319703281152545,-0.13951058392050616,-0.0116033530482627,-0.006698429615425994,0.00037176662601723365,0.008325202452397207,22917,856000000,5.27,0,2,3,0.7361569480256853,0.5839476197640744,4.3463803599241055,0.7361569480256853,0.5839476197640744,4.3463803599241055,34.525450468063354
4.179108937500001,0.0,5.0,-0.33387416669891223,-1.007234049424249,4.438216093112295,-0.8724983768696942,0.026438833083933036,0.02022531464947474,-0.4874818018267334,0.08425962345968017,-0.14468795398015538,-0.011632211452374206,-0.0058576335504767485,0.00014788415825250922,0.008354386318387697,22918,144000000,5.4,0,2,3,0.777075225388834,0.5829370646278438,4.34375388640244,0.777075225388834,0.5829370646278438,4.34375388640244,35.18763065338135
4.411164062500001,0.0,5.0,-0.28614138430525254,-1.008599958705577,4.437922730186175,-0.8718963760081249,0.027079641821847272,0.020630744599337787,-0.48850565491094966,0.0856361241669568,-0.14991750539729823,-0.011767160312066212,-0.00562222330700024,-0.00015174998537759166,0.008564443578507053,22918,448000000,5.52,0,2,3,0.8195228057275754,0.5821262100631034,4.34100854392127,0.8195228057275754,0.5821262100631034,4.34100854392127,35.87971496582031
4.5286065,0.0,5.0,-0.2334264623500588,-1.0103852457358247,4.43773881989474,-0.8712496423788268,0.027751183101902985,0.021110599559944092,-0.4896001175218715,0.08735949453818415,-0.15541395502026636,-0.012123945946599862,-0.006406677357517765,-0.0006403679606137302,0.008457291278318735,22918,663000000,5.67,0,2,3,0.8670112739329534,0.58141482125445,4.337899632994811,0.8670112739329534,0.58141482125445,4.337899632994811,36.55909276008606
4.6469566875,0.0,5.0,-0.18260670475791288,-1.0122577485575348,4.437581149793519,-0.8706548059182945,0.028379624579762702,0.0216472202561446,-0.49059780237509265,0.08943866067998538,-0.16074037372081312,-0.012897868780899907,-0.005717166231988813,-0.0009761231126503844,0.008252465067926096,22918,938000000,5.84,0,2,3,0.9200297533514863,0.5807827296869922,4.3343444846414885,0.9200297533514863,0.5807827296869922,4.3343444846414885,37.26328945159912
4.886273812500001,0.0,5.0,-0.13400415659673817,-1.0141260097146843,4.437389162244582,-0.8701193737274985,0.028881900164706098,0.022124462567005412,-0.49149630666268773,0.09133051432031866,-0.16545340225411015,-0.013716556494989587,-0.005084342001282494,-0.001076512296549481,0.007906491828180151,22919,195000000,6.0,0,2,3,0.9713020580108779,0.5802909914775025,4.3308176790792245,0.9713020580108779,0.5802909914775025,4.3308176790792245,37.92516827583313
5.007187500000001,0.0,5.0,-0.08413039661032125,-1.0161110077850066,4.437133965780506,-0.8696116838541377,0.02934937386138433,0.02260204399426436,-0.4923446771984006,0.09322324454252948,-0.1701484591139764,-0.014624596022501015,-0.006001206611472298,-0.0013362016488827066,0.00750892118048796,22919,427000000,6.15,0,2,3,1.0201582821808204,0.5797409763482015,4.327392519894947,1.0201582821808204,0.5797409763482015,4.327392519894947,38.590118646621704
5.251392000000001,0.0,5.0,-0.03280845710228298,-1.0181996323072047,4.436780318233012,-0.8691229277690651,0.029861167235316358,0.023154982623811056,-0.4931505793336996,0.095521239016311,-0.17536525140486986,-0.015706211272875678,-0.005563253307627747,-0.001619787269646622,0.007109571879482246,22919,686000000,6.29,0,2,3,1.0702667567436996,0.5789587333358581,4.323790983486927,1.0702667567436996,0.5789587333358581,4.323790983486927,39.279765367507935
5.374629562500001,0.0,5.0,0.01997541048461085,-1.0203765796637518,4.436347657562824,-0.8686655240791796,0.030326995107081325,0.023710941588153123,-0.49390107500695146,0.09783636631124257,-0.180587198834038,-0.016709533057330077,-0.006017829764459748,-0.001827994026371016,0.006734818725817604,22919,932000000,6.44,0,2,3,1.121597241662551,0.5777796866679862,4.320015614116759,1.121597241662551,0.5777796866679862,4.320015614116759,39.95266890525818
5.4985885,0.0,5.0,0.07438122568515969,-1.022657942552681,4.435815820417058,-0.8682205615764146,0.030818591612925335,0.024321292575142518,-0.49462283165499465,0.10047355815803352,-0.18641462184055352,-0.01796915414642552,-0.0056496663546568016,-0.0020672600157922716,0.006348439001158113,22920,177000000,6.59,0,2,3,1.173991936423993,0.5761547213036838,4.316069297494483,1.173991936423993,0.5761547213036838,4.316069297494483,40.628662109375
5.748564,0.0,5.0,0.13039516385169278,-1.02500876198545,4.435152084854424,-0.8678215130545504,0.031250701085681946,0.024914740183342186,-0.49526606070168055,0.10300310094788481,-0.19168974005987138,-0.01925187255298807,-0.005095575579616707,-0.002107322961819591,0.005483407358042314,22920,471000000,6.73,0,2,3,1.227630462018723,0.574173307994377,4.31194251584788,1.227630462018723,0.574173307994377,4.31194251584788,41.30310106277466
5.874527312500001,0.0,5.0,0.20591283170044222,-1.0281724157686818,4.434080468969198,-0.8673842653552811,0.03179563253647909,0.02568150433731596,-0.49595769406337153,0.10638612754333632,-0.19866143962842023,-0.020992100217340097,-0.005438952166514355,-0.0022735865741196903,0.004552623022391344,22920,731000000,6.87,0,2,3,1.2826218408807601,0.5719153483823485,4.307648692347672,1.2826218408807601,0.5719153483823485,4.307648692347672,42.12446665763855
6.1282719375,0.0,5.0,0.27947629068723817,-1.0312279378127556,4.432827224195837,-0.86702867791144,0.032288881592919434,0.02640624175751704,-0.4965092246885876,0.10961783085610013,-0.2050806856408594,-0.022790583312918035,-0.004734106778414571,-0.002202272548856854,0.0038423024761868874,22920,980000000,7.03,0,2,3,1.3564784927251659,0.5686321850842253,4.301774386293503,1.3564784927251659,0.5686321850842253,4.301774386293503,42.865875244140625
6.256,0.0,5.0,0.3504885653196797,-1.0341517247366918,4.43137949218697,-0.8667457416383629,0.03272038189067033,0.02705039030556171,-0.4969401094146152,0.11257727181261272,-0.2109068808827001,-0.024671936805053005,-0.005174525176698808,-0.002285256096001831,0.0034297147976758424,22921,267000000,7.17,0,2,3,1.4280592027570027,0.5649490574014958,4.296013804770124,1.4280592027570027,0.5649490574014958,4.296013804770124,43.59469771385193
6.5130345,0.0,5.0,0.43842570485823373,-1.0377179828115304,4.429228281093877,-0.8664504249807441,0.03322836995730129,0.027844723154611964,-0.4973773294724151,0.11636700498737551,-0.21779954399214652,-0.026937706719030917,-0.004274556067684898,-0.0022572661237063585,0.002387236645517987,22921,565000000,7.3,0,2,3,1.4968363084931162,0.5610677664345153,4.290403932627354,1.4968363084931162,0.5610677664345153,4.290403932627354,44.44577169418335
6.6422876875,0.0,5.0,0.5036292656498745,-1.0402558857220932,4.4274468920323065,-0.8663097887930243,0.03355212923543796,0.02836832869879328,-0.49757094206956165,0.11909124158731979,-0.22233670344947698,-0.028412429620288067,-0.004910476445729728,-0.0022853479777040775,0.0014884809161230805,22921,849000000,7.36,0,2,3,1.57716649802309,0.5565750015288724,4.283799582834813,1.57716649802309,0.5565750015288724,4.283799582834813,45.14944815635681
6.9021328125,0.0,5.0,0.5807541154243384,-1.0431512553213427,4.425120967613741,-0.8662243114850399,0.033957787413962985,0.029024012490643326,-0.49765441579991987,0.1224724996956911,-0.22798488670060313,-0.030397069399032316,-0.004330320462031523,-0.0025066676244023256,0.00029716051130890264,22922,105000000,7.54,0,2,3,1.6451717643770598,0.552920333322888,4.27811614221138,1.6451717643770598,0.552920333322888,4.27811614221138,45.833279848098755
7.032671500000001,0.0,5.0,0.6544540459234227,-1.0458335920775415,4.422667787266839,-0.8662252335625676,0.0343059813724694,0.029625209414991627,-0.4975935001069295,0.12551158268887208,-0.23299508329733834,-0.03220622204589709,-0.004951468599756481,-0.002593902149783389,-0.0007965167810652929,22922,374000000,7.64,0,2,3,1.720038263327135,0.549047473555417,4.271761920322382,1.720038263327135,0.549047473555417,4.271761920322382,46.54558992385864
7.1635854375,0.0,5.0,0.7244795865981701,-1.048344237547934,4.4201847661558045,-0.8662933729879134,0.03467285265958805,0.030198946328113742,-0.4974149262399971,0.12798443860059405,-0.23792160336926765,-0.03342770612925558,-0.004757736678584479,-0.001850595174346381,-0.0018009308973887528,22922,629000000,7.72,0,2,3,1.7916781326796642,0.5454653241319167,4.265597342891543,1.7916781326796642,0.5454653241319167,4.265597342891543,47.20181584358215
7.426432562500002,0.0,5.0,0.7902248032068938,-1.0509480331868384,4.417978478515557,-0.8664107750776358,0.035065239017860274,0.030562358054873708,-0.49716067836476796,0.12877384544001202,-0.24199472434668454,-0.03338425384608831,-0.004163384801358916,-0.0007056239212488435,-0.0026540706585365115,22922,877000000,7.79,0,2,3,1.859674001379419,0.5422003837151944,4.259650770678097,1.859674001379419,0.5422003837151944,4.259650770678097,47.85930252075195
7.5583125,0.0,5.0,0.8568636906467176,-1.0539103330633164,4.415935924567656,-0.8665811975112353,0.035450815956974635,0.030848991632575897,-0.4968184854483889,0.12963874918959398,-0.24594674107613596,-0.03337388785318603,-0.0046657573875563685,-0.0006859518123292219,-0.003543039952091931,22923,153000000,7.83,0,2,3,1.9238408132714255,0.5391993921634822,4.25396612780853,1.9238408132714255,0.5391993921634822,4.25396612780853,48.502431869506836
7.6904611875,0.0,5.0,0.9302685666557733,-1.0574903018300605,4.413874767506218,-0.8668235322558795,0.03590619356638427,0.031217483254151586,-0.4963397807251504,0.13138528144142553,-0.25103702243545745,-0.03368501444740207,-0.004261871890776092,-0.0011066805654991185,-0.00446494796051411,22923,414000000,7.88,0,2,3,1.9893408951365625,0.536274566568756,4.248104943952019,1.9893408951365625,0.536274566568756,4.248104943952019,49.12250876426697
7.955458312500001,0.0,5.0,0.9992385617761735,-1.0610752076408188,4.412061200249739,-0.8670961413192286,0.036264713731292426,0.03156251104226109,-0.4958154496826401,0.13322712785120316,-0.25542533510261023,-0.034173737139400404,-0.004179469488008181,-0.0013282029044603405,-0.005172439705347642,22923,752000000,7.93,0,2,3,2.0618459435781653,0.5334096273991523,4.241518681094106,2.0618459435781653,0.5334096273991523,4.241518681094106,49.74463081359863
8.088253500000002,0.0,5.0,1.0751834531239628,-1.0651878140310385,4.41012912808891,-0.8674376616199686,0.03665249073591324,0.03195435721186694,-0.49516403058109026,0.13546336305253687,-0.2599934799573903,-0.03492033836850903,-0.0045036520077701425,-0.0016198776279452431,-0.005909768287892803,22924,66000000,7.98,0,2,3,2.1302424447521577,0.5310258484113197,4.235200123487974,2.1302424447521577,0.5310258484113197,4.235200123487974,50.38490891456604
8.2212109375,0.0,5.0,1.1466009639905401,-1.069173764541761,4.408353847110318,-0.8677942471510331,0.037005719962915906,0.03236549946399099,-0.4944857892255796,0.13803344866776895,-0.2647818276307224,-0.03576543136045996,-0.00412233998758893,-0.001973147050193802,-0.0066074137521354714,22924,363000000,8.04,0,2,3,2.2059647125705695,0.5285428136982331,4.2281069407520215,2.2059647125705695,0.5285428136982331,4.2281069407520215,51.03805732727051
8.354304,0.0,5.0,1.219296263018645,-1.0732874688747607,4.406548116558906,-0.86819666932287,0.037301933672195635,0.032780824097994245,-0.49372920380755936,0.14102750481955728,-0.2690838400563292,-0.037027779798335075,-0.0034999575291294605,-0.0027050645712733967,-0.007450185421475908,22924,712000000,8.1,0,2,3,2.2771101112536476,0.5261489764970035,4.2213818149126,2.2771101112536476,0.5261489764970035,4.2213818149126,51.67958664894104
8.6207905,0.0,5.0,1.305794117587175,-1.0778713523287131,4.404032262870143,-0.8687519521754407,0.03748542761405651,0.03342242127339532,-0.4926944591368728,0.14620288198940806,-0.2733963048578702,-0.040124914637333704,-0.0032597688914393075,-0.004375021580926841,-0.008987060755316634,22924,985000000,8.17,0,2,3,2.3493540960097885,0.5236740916400204,4.214468670544081,2.3493540960097885,0.5236740916400204,4.214468670544081,52.34465193748474
8.7541306875,0.0,5.0,1.3876979173507917,-1.0817620473792218,4.401166802394798,-0.8693671554720663,0.037611356636004095,0.03409338991445285,-0.4915524138914878,0.150950934447793,-0.27723580940432985,-0.04288664209083327,-0.003940231408705586,-0.004643678767024539,-0.010507302340556635,22925,275000000,8.26,0,2,3,2.4350859195187953,0.5206851113904839,4.206148466210672,2.4350859195187953,0.5206851113904839,4.206148466210672,53.01259636878967
8.887500000000001,0.0,5.0,1.4973180151579344,-1.0864840082123997,4.396755821733898,-0.8703188388434836,0.03783951381245455,0.035014970350543434,-0.4897828516801278,0.15715210433858645,-0.2828501001937141,-0.04635804990702368,-0.003511372074171959,-0.004594812071445631,-0.012527876333479071,22925,570000000,8.35,0,2,3,2.5161449665646987,0.5176705021159993,4.1981841212439335,2.5161449665646987,0.5176705021159993,4.1981841212439335,53.801246643066406
9.1542195,0.0,5.0,1.6094650571502531,-1.0909001018894735,4.391633591615436,-0.8714249989410983,0.03804285997874504,0.03584367579446909,-0.4877360381709406,0.16253026209587074,-0.28723239394683625,-0.049447856865610026,-0.003095658780694066,-0.0042266357922926545,-0.014542830649588723,22925,825000000,8.46,0,2,3,2.6239309431078053,0.5132509109420167,4.187493341560297,2.6239309431078053,0.5132509109420167,4.187493341560297,54.61759829521179
9.420736000000002,0.0,5.0,1.7102111791735215,-1.0946530487489423,4.386616394684152,-0.8725336273640858,0.03823414300355717,0.036506501387125426,-0.4856855925226995,0.1669173145640916,-0.29078645803809283,-0.05185764236131792,-0.0035176436313122394,-0.004054959208588116,-0.016047453027567826,22926,64000000,8.55,0,2,3,2.7335303770517743,0.5084222418355772,4.176503749566031,2.7335303770517743,0.5084222418355772,4.176503749566031,55.35760259628296
9.5538515625,0.0,5.0,1.8127172962628832,-1.0983709532140968,4.381168787348306,-0.8737433013418415,0.03846807416751069,0.037187890042119295,-0.48343552979101323,0.1716673289976832,-0.29494360813613585,-0.05439451482701759,-0.0033502744827274,-0.004304581216274528,-0.017736250811140053,22926,317000000,8.62,0,2,3,2.83194730242298,0.5038708726138025,4.166546571797391,2.83194730242298,0.5038708726138025,4.166546571797391,56.12444019317627
9.819664187500003,0.0,5.0,1.90311850818716,-1.1015913341819994,4.376085601857232,-0.8748967561821566,0.038646351525444135,0.037781523173601055,-0.4812844086840904,0.17592410173584608,-0.2984663959572013,-0.0565837785781369,-0.003086803781116032,-0.004254116583979339,-0.019399380653339904,22926,556000000,8.7,0,2,3,2.9318080478394806,0.49914037307472464,4.156379521622661,2.9318080478394806,0.49914037307472464,4.156379521622661,56.81061315536499
9.952308000000002,0.0,5.0,1.9948504007882821,-1.1048133077870643,4.370716511790304,-0.8761568645171081,0.03885400544391305,0.0383359083828668,-0.4789257490978895,0.17979060118884171,-0.30167376412944447,-0.058128160604259405,-0.004030734044135897,-0.003450504573265789,-0.02104497416439699,22926,810000000,8.77,0,2,3,3.019622066248968,0.494947880657712,4.14736503381801,3.019622066248968,0.494947880657712,4.14736503381801,57.517595052719116
10.0847413125,0.0,5.0,2.094978322689592,-1.108631591666853,4.364990702013192,-0.8775902798597842,0.03923898318096675,0.038796031811356727,-0.476225231177687,0.18277038867691117,-0.30543829799755673,-0.05845087637493379,-0.003398247190489201,-0.0023544766008853912,-0.02246372605441138,22927,66000000,8.84,0,2,3,3.1085667949235996,0.4906926020713932,4.138163304859018,3.1085667949235996,0.4906926020713932,4.138163304859018,58.22061252593994
10.348869937500002,0.0,5.0,2.2036583791696622,-1.1132410601378155,4.359024119392959,-0.8792400853188098,0.03961051131480794,0.039163620467024325,-0.473111076380448,0.18608088504176984,-0.30879826177551306,-0.05879072053341333,-0.002629033156154037,-0.0022216554498299956,-0.024158313863154035,22927,303000000,8.97,0,2,3,3.2125167884968615,0.4858034054419355,4.127345578741789,3.2125167884968615,0.4858034054419355,4.127345578741789,58.91628956794739
10.480512000000001,0.0,5.0,2.2988806625294886,-1.1175697967880585,4.353971642750065,-0.8807471186320293,0.039888953982108954,0.03944855027874199,-0.470252268737214,0.1892727637631236,-0.311243844570673,-0.059132967140466154,-0.002983132230838237,-0.0025137964712484973,-0.025294842453149613,22927,547000000,9.02,0,2,3,3.311070308632773,0.4812461318429559,4.116994429283041,3.311070308632773,0.4812461318429559,4.116994429283041,59.582700967788696
10.611837062500001,0.0,5.0,2.3951678960115927,-1.122155531626099,4.348973053791395,-0.8823119103650744,0.040169187391539976,0.03979872382786728,-0.4672560227476038,0.19297020385545433,-0.3138475596121345,-0.05977722053108113,-0.002645384938659845,-0.002990275629599637,-0.026333449568483047,22927,828000000,9.14,0,2,3,3.404007809298992,0.4772463823984887,4.107166388397601,3.404007809298992,0.4772463823984887,4.107166388397601,60.234155893325806
10.873429687500003,0.0,5.0,2.4924914368160267,-1.1269331300066374,4.343996697375059,-0.8839268508233827,0.04039527966643189,0.04016019388467454,-0.4641429764644439,0.19678381750656976,-0.31591481693022433,-0.06041476477779055,-0.002174255564568739,-0.003170465288349078,-0.027261078503215685,22928,93000000,9.29,0,2,3,3.498471081705651,0.4734945380794507,4.097100261128292,3.498471081705651,0.4734945380794507,4.097100261128292,60.85229825973511
11.003644000000001,0.0,5.0,2.5907642403792317,-1.1318720255567682,4.339043433075431,-0.8855892924657063,0.04059689524320837,0.04051085990383283,-0.460914707290355,0.20076749357104093,-0.31783746208341523,-0.06106566179967099,-0.0026522296138864476,-0.003430923106861883,-0.028383802055031992,22928,427000000,9.47,0,2,3,3.5942975329291253,0.46995584130466356,4.086804644102661,3.5942975329291253,0.46995584130466356,4.086804644102661,61.52749800682068
11.1334348125,0.0,5.0,2.70548480406485,-1.1377335173915588,4.333306128059269,-0.8875862741460762,0.040849752889594096,0.04098590842919404,-0.45699240578655054,0.20590930858535836,-0.3200687476157311,-0.0621109661458968,-0.002330829238417209,-0.0038365351429092698,-0.029799754520354327,22928,775000000,9.68,0,2,3,3.6913733716321957,0.46658826158342376,4.076269217595942,3.6913733716321957,0.46658826158342376,4.076269217595942,62.20435070991516
11.3916394375,0.0,5.0,2.829322126899562,-1.1440374165292635,4.327050551427584,-0.889802677550672,0.04101000737129737,0.0415073621122701,-0.45259972736353005,0.21231906896263258,-0.3213491102102694,-0.06425289661480839,-0.001256968471352593,-0.005187227043279563,-0.03154473452013917,22929,69000000,9.97,0,2,3,3.80486503819703,0.46284621298870304,4.063783029869699,3.80486503819703,0.46284621298870304,4.063783029869699,62.92312550544739
11.520000000000003,0.0,5.0,2.9469252858350217,-1.1495430474008639,4.320523896900321,-0.8919943431037824,0.04102247321331259,0.04216662337487701,-0.44820221377797315,0.2195819440836683,-0.3222241197444275,-0.06756909670439235,-0.0018328539226786233,-0.006190637805048027,-0.03342756608617492,22929,371000000,10.33,0,2,3,3.927781496723836,0.45894203131962785,4.05003390062357,3.927781496723836,0.45894203131962785,4.05003390062357,63.65365743637085
11.775104500000001,0.0,5.0,3.0741625949462277,-1.1550259532284155,4.312819982600648,-0.8944365185708775,0.04106070799881267,0.04294290640211432,-0.44323045844705156,0.22723206473204116,-0.3230839360392214,-0.07083419889309564,-0.001537322862077417,-0.00601742576691322,-0.03497217476251535,22929,629000000,10.72,0,2,3,4.044500081023614,0.45534056244917404,4.036805847820958,4.044500081023614,0.45534056244917404,4.036805847820958,64.37938833236694
11.901795187500003,0.0,5.0,3.19488860446257,-1.1598535316471774,4.304999266505439,-0.8967892876671999,0.041114569455602226,0.043596786684908226,-0.43838098258773406,0.23401877281401257,-0.3234314730436908,-0.07354605617234344,-0.0015900416087788471,-0.005876031264051562,-0.03664194227894768,22929,889000000,11.18,0,2,3,4.170084103353264,0.45134280719691566,4.022465597563805,4.170084103353264,0.45134280719691566,4.022465597563805,65.13259029388428
12.153320312500004,0.0,5.0,3.3170359328052754,-1.1645179569990909,4.2966500026378425,-0.8992464622074604,0.04117003434787849,0.0442417253839763,-0.43324761766709063,0.24074680415824967,-0.3237361088157522,-0.07616296927241309,-0.0010839139804375009,-0.00577928012717166,-0.038558527012355626,22930,182000000,11.62,0,2,3,4.288622459042852,0.4471608557173084,4.008894623924363,4.288622459042852,0.4471608557173084,4.008894623924363,65.85227012634277
12.278101500000002,0.0,5.0,3.4321722456890624,-1.1687455493592036,4.2883993138152,-0.9016174128783863,0.04122473767193305,0.04479394514539786,-0.42822898579694074,0.24701478126676601,-0.32354179412593687,-0.07849055127408205,-0.0015347503563134524,-0.005724287757402635,-0.040412314774584956,22930,456000000,12.1,0,2,3,4.407922083715164,0.4425246549394427,3.9952526461848064,4.407922083715164,0.4425246549394427,3.9952526461848064,66.57696461677551
12.402192937500002,0.0,5.0,3.556809026352282,-1.1731682165464576,4.279084250121629,-0.904258826959937,0.04131978561999305,0.04539565204709307,-0.4225492680819309,0.2538612632539925,-0.3232002650905925,-0.0809725164716517,-0.0009983561199078395,-0.0057624636156106135,-0.04240872149239294,22930,727000000,12.57,0,2,3,4.520060618744381,0.4379356678576889,3.982420697019312,4.520060618744381,0.4379356678576889,3.982420697019312,67.30993318557739
12.648200062500003,0.0,5.0,3.6741483945919016,-1.1772553578959863,4.2699605357972095,-0.9067899720984267,0.04137250781171106,0.045905576627056424,-0.41702870420828536,0.25976872427134945,-0.32210148678086564,-0.0830240084107656,-0.0005378928790378268,-0.00550749032299791,-0.043818958874908276,22930,995000000,13.12,0,2,3,4.641049677769685,0.4328865361630015,3.9685855174616202,4.641049677769685,0.4328865361630015,3.9685855174616202,68.01044797897339
12.770062500000002,0.0,5.0,3.783807419624512,-1.181000292255007,4.261170465560857,-0.9091802911443976,0.04141267179842527,0.04632667556450108,-0.4117402432848236,0.26532058172416273,-0.3207984141084124,-0.084692782289753,-0.0006613974335323292,-0.005459269777929876,-0.04498083326325286,22931,243000000,13.66,0,2,3,4.75468761510948,0.4281071630959486,3.955595743966714,4.75468761510948,0.4281071630959486,3.955595743966714,68.70592713356018
13.011372000000001,0.0,5.0,3.9113659827452745,-1.185298722546263,4.250668363738208,-0.9119759807243982,0.0414709235678224,0.046835502962210486,-0.405445938125517,0.27219657219528537,-0.31956310698866364,-0.08669518117305317,-0.00043133954648055806,-0.005600839267572155,-0.046379681589314714,22931,511000000,14.18,0,2,3,4.8610409320258015,0.4236327649605559,3.9434573635233776,4.8610409320258015,0.4236327649605559,3.9434573635233776,69.38372993469238
13.130765812500004,0.0,5.0,4.039944248460582,-1.1895652562406844,4.239803984974266,-0.9148058352523726,0.041540251158299665,0.04732570918590989,-0.39895484527946856,0.27904485596882533,-0.31797979484999594,-0.08854229865676268,-0.0007499130560972844,-0.005607497587334365,-0.04739732903544791,22931,808000000,14.81,0,2,3,4.984839385725057,0.41867276153582483,3.929348606353356,4.984839385725057,0.41867276153582483,3.929348606353356,70.10056662559509
13.3668984375,0.0,5.0,4.160976399416077,-1.1935696132992701,4.229374003020893,-0.9174481356050164,0.04162418908422423,0.04778695099638426,-0.3927757027521297,0.2854709356482759,-0.31651530268178163,-0.09018393669914852,-0.00012653668761686276,-0.00553236777705024,-0.04807636287296191,22932,122000000,15.48,0,2,3,5.1096067235741875,0.41403347244648986,3.91510191632407,5.1096067235741875,0.41403347244648986,3.91510191632407,70.7804822921753
13.483584000000002,0.0,5.0,4.300334480476228,-1.1981402622549946,4.217123755856802,-0.9204606123149701,0.04167763380727275,0.04828318787749122,-0.38559560394973874,0.29279019569781517,-0.3142909047694129,-0.09202279345306193,-0.00030306558187476185,-0.0057006036513485014,-0.04884534537268337,22932,437000000,16.14,0,2,3,5.226878451530657,0.4098678967840599,3.9016847146693228,5.226878451530657,0.4098678967840599,3.9016847146693228,71.50458836555481
13.599313562500003,0.0,5.0,4.4320719140744,-1.2024871407562405,4.205314758386964,-0.9232770427900809,0.041732218253901596,0.048753579727008195,-0.3787360725890971,0.2995299234391194,-0.31226198819444073,-0.09362977314372709,0.00025528583194045495,-0.0054908758556848625,-0.04942028572259005,22932,746000000,16.91,0,2,3,5.362042458301004,0.40525932812880394,3.8862590418657033,5.362042458301004,0.40525932812880394,3.8862590418657033,72.21947503089905
13.827798187500003,0.0,5.0,4.573554874215257,-1.207184273648835,4.1924710491138155,-0.9262462736258776,0.041752790488443096,0.049173024534883585,-0.3713577234132821,0.3062543894103543,-0.30907880594744064,-0.09485364023846729,0.0005641817267587612,-0.005061713636678178,-0.04933682212140411,22933,56000000,17.67,0,2,3,5.489695770022953,0.40127395499440827,3.8717294530431667,5.489695770022953,0.40127395499440827,3.8717294530431667,72.96308445930481
13.9405,0.0,5.0,4.706809827078005,-1.2115603528351668,4.1802295151788105,-0.928964013136858,0.04176486923102761,0.049509537637665066,-0.36445900136734627,0.31232236325217205,-0.30562672603702146,-0.09594503075232162,0.0006601284724183643,-0.005012942256144015,-0.04937337289447896,22933,336000000,18.5,0,2,3,5.626919931268359,0.3975407177707259,3.856095430836025,5.626919931268359,0.3975407177707259,3.856095430836025,73.70587038993835
14.162689500000003,0.0,5.0,4.822842362941797,-1.215341685886155,4.169431547973772,-0.9312887111109355,0.04176603852565579,0.04980475206272619,-0.35843607694423885,0.3175288856296445,-0.30269248837454266,-0.09693910032620794,0.0010588186228233099,-0.004860038188780891,-0.04933512791467365,22933,633000000,19.29,0,2,3,5.756604614539786,0.3944557733355533,3.8413072932597037,5.756604614539786,0.3944557733355533,3.8413072932597037,74.37487721443176
14.2721239375,0.0,5.0,4.939256672621168,-1.2190960132153548,4.15849138595324,-0.933551028358963,0.041739238534402874,0.050061175766528736,-0.3524687108061702,0.32256256240166853,-0.29925130375455095,-0.09766964595236342,0.0010870646065086476,-0.004740199346997542,-0.04861237612203695,22933,920000000,19.98,0,2,3,5.869590776468123,0.39206439889288885,3.8284324602231043,5.869590776468123,0.39206439889288885,3.8284324602231043,75.03421187400818
14.380416000000002,0.0,5.0,5.065132384064576,-1.223021931658686,4.146575920103487,-0.9359112032811718,0.04170401415031476,0.0503586640734706,-0.3461141426311189,0.32843481025669763,-0.29554299159773745,-0.09850065054246938,0.0010810289268192719,-0.004852397614740767,-0.04794915876118466,22934,208000000,20.68,0,2,3,5.983069837427751,0.3899238515174342,3.8155462034970666,5.983069837427751,0.3899238515174342,3.8155462034970666,75.74619746208191
14.593466500000002,0.0,5.0,5.200516599914531,-1.2270714497222759,4.133648134237681,-0.9383588040311772,0.04166212287567139,0.05065304586737611,-0.3393836934194518,0.334094618981703,-0.2913726287269716,-0.09925963205849192,0.0014166880987431796,-0.004421666153575643,-0.04706703439296689,22934,477000000,21.42,0,2,3,6.1059007995113594,0.38791455571407596,3.8016741043569446,6.1059007995113594,0.38791455571407596,3.8016741043569446,76.5105504989624
14.6981716875,0.0,5.0,5.3545056816711645,-1.2315798038009433,4.118860140046952,-0.9410095559548624,0.04161996644343204,0.05092319117505283,-0.3319271344669328,0.3402756059626391,-0.28702154982077926,-0.09997881801481402,0.001089983118163218,-0.004321185724620591,-0.04568392650980968,22934,756000000,22.22,0,2,3,6.238321587606157,0.3860708991839587,3.7868689103326294,6.238321587606157,0.3860708991839587,3.7868689103326294,77.32763290405273
14.903808812500001,0.0,5.0,5.536549950735018,-1.236882324189112,4.101285234922549,-0.9439506643272964,0.04156832689470352,0.05123704645585911,-0.3234253895192997,0.3468339724082051,-0.28203729801951455,-0.10062095475321979,0.0014554766835317423,-0.003800423496613803,-0.04381467806524597,22935,66000000,23.1,0,2,3,6.389341443346798,0.3843308177155929,3.7701391521325855,6.389341443346798,0.3843308177155929,3.7701391521325855,78.25827312469482
15.0,0.0,5.0,5.691763768752922,-1.2415197314446866,4.086300951034825,-0.9463009367299448,0.04152674854708413,0.05140976821133855,-0.3164602692781394,0.35176957094258243,-0.2780447699390707,-0.1008368616951241,0.0014714399412696366,-0.0033746874578355346,-0.04217312889522873,22935,347000000,24.11,0,2,3,6.568040642628517,0.382650801230911,3.750620211229734,6.568040642628517,0.382650801230911,3.750620211229734,78.97347831726074
15.0,0.0,5.0,5.829133322737505,-1.2456937380599722,4.073083946432156,-0.948239663253881,0.04146382082886339,0.05152265005852992,-0.310592512989905,0.35594270670964784,-0.2741353235533318,-0.10084340791193462,0.0021465232293849112,-0.002820192503349972,-0.03919515038433019,22935,673000000,24.94,0,2,3,6.721011079713045,0.3814740202738498,3.7342676491468563,6.721011079713045,0.3814740202738498,3.7342676491468563,79.67527484893799
15.0,0.0,5.0,5.966515336603748,-1.249736567783722,4.059908632852652,-0.9499681107359875,0.04131138846248798,0.051516345793983426,-0.3052867895668506,0.35875464922464306,-0.2690745045461697,-0.10020710405706439,0.0030336696454469347,-0.0017065169686247827,-0.03480732921161689,22935,966000000,25.64,0,2,3,6.856520881843271,0.3807104612604282,3.720040871881751,6.856520881843271,0.3807104612604282,3.720040871881751,80.38891553878784
15.0,0.0,5.0,6.085145428861932,-1.2530248225903788,4.048635131135699,-0.9512656961675356,0.04113464293701577,0.051355912416462854,-0.3012707863454575,0.3599705673068816,-0.2642156107712722,-0.09892469427524919,0.0029678032888114103,0.0002859558136947271,-0.028058824682375416,22936,273000000,26.27,0,2,3,6.992526529324017,0.38001126848017686,3.7058959953317663,6.992526529324017,0.38001126848017686,3.7058959953317663,81.10275173187256
15.0,0.0,5.0,6.221227584477716,-1.256408175641709,4.035952186049883,-0.9522350849456704,0.04101099606549223,0.050795977452648466,-0.2983055646059221,0.3604342669749388,-0.2588554893865865,-0.09639097871146937,0.00277108556474559,0.004562164394883439,-0.012009449346805923,22936,598000000,26.83,0,2,3,7.106472793105537,0.37951855820686936,3.6936794569311093,7.106472793105537,0.37951855820686936,3.6936794569311093,81.84555220603943
15.0,0.0,5.0,6.374342910357791,-1.2593864672575703,4.022270967449238,-0.9524254628738333,0.04098638153561831,0.049605174190174676,-0.29790129387389946,0.3599114655216714,-0.25437275167525963,-0.09229321107843895,0.002200817812081368,0.008371905005333247,0.006276699468799052,22936,858000000,27.83,0,2,3,7.2162168340210835,0.38268835265276996,3.6779438833112015,7.2162168340210835,0.38268835265276996,3.6779438833112015,82.60487031936646
15.0,0.0,5.0,6.508438884060568,-1.26106273410148,4.010993566675325,-0.9518675542576798,0.04101018365957952,0.04826110746403796,-0.2998952975524205,0.35867740474414217,-0.2519439341980666,-0.08792584471280634,0.0022132738877189695,0.0112854033432086,0.023986678752407897,22937,97000000,30.0,0,2,3,7.298493807908163,0.4090263625901621,3.6493433017686456,7.298493807908163,0.4090263625901621,3.6493433017686456,83.31530380249023
15.0,0.0,5.0,6.623989583279126,-1.2616737563239735,4.001994173459427,-0.9506334573538288,0.041060167585772626,0.046839304275194095,-0.30400028284912806,0.35677788849303066,-0.25172350327546433,-0.0833597612310213,0.0018971037093251653,0.013629656496050302,0.0431408920121612,22937,388000000,31.63,0,2,3,7.374335901143299,0.44079599611919834,3.6258396131506707,7.374335901143299,0.44079599611919834,3.6258396131506707,83.99195432662964
15.0,0.0,5.0,6.747762936136248,-1.2614847742436157,3.9933143291268753,-0.9483375040713904,0.04109809637649868,0.0451533385728773,-0.3113327815402623,0.3536461345293523,-0.2533557083082306,-0.07812904524940109,0.0026176016945100855,0.014845097120996797,0.06411496069631539,22937,685000000,32.44,0,2,3,7.450155863794832,0.4698006595453202,3.6116464229066376,7.450155863794832,0.4698006595453202,3.6116464229066376,84.6881685256958
15.0,0.0,5.0,6.870983651938716,-1.2598856396869778,3.985438628382213,-0.9452247955699824,0.04099573805981433,0.0435544688514918,-0.3208931964745912,0.3509798482545118,-0.2549618921094807,-0.07410121279295949,0.002091232045131619,0.013755070176557638,0.07554434341727756,22938,18000000,32.6,0,2,3,7.541559850840668,0.49753878842415705,3.603911956477499,7.541559850840668,0.49753878842415705,3.603911956477499,85.42026901245117
15.0,0.0,5.0,6.993667542901758,-1.2564099571379446,3.978176023232606,-0.9417318786661558,0.04086350552217906,0.04225091476077597,-0.33118892315750725,0.3483332019243323,-0.25597079341323237,-0.07066692354117354,0.001466123592308577,0.01111201781895943,0.0756496207031887,22938,431000000,32.2,0,2,3,7.6400163698245676,0.5193776630359197,3.6025647109927506,7.6400163698245676,0.5193776630359197,3.6025647109927506,86.14451837539673
15.0,0.0,5.0,7.167508047371534,-1.247978979015,3.9687051715966026,-0.937075952648607,0.04062847123457204,0.04112850711678295,-0.34430572489459427,0.34334976794260114,-0.2554067902746414,-0.06632351195557905,0.0011818221423709474,0.005869885899301153,0.05988143238937482,22938,758000000,31.48,0,2,3,7.7425697005438785,0.535180625558398,3.6059266541590866,7.7425697005438785,0.535180625558398,3.6059266541590866,87.08797955513
15.0,0.0,5.0,7.313369408271682,-1.2381589614349164,3.9615208539767806,-0.9337707137594671,0.04034391360620523,0.040709609290311484,-0.35325253073615825,0.3384523884791841,-0.2540853442852276,-0.06273927862945833,0.0008047258575061278,0.003983969145338051,0.0522092028404586,22939,67000000,30.4,0,2,3,7.892022018161658,0.5489617168288271,3.6162109753970766,7.892022018161658,0.5489617168288271,3.6162109753970766,87.89914178848267
15.0,0.0,5.0,7.432024401767673,-1.2287886108491912,3.9563242449286546,-0.9312433223026954,0.04013173942983596,0.04046804520685869,-0.35991339996464344,0.33333086714620574,-0.25353163874120016,-0.059502547198479326,0.0005919571833601367,0.0038662525184918195,0.04991899513697717,22939,370000000,29.59,0,2,3,8.01952174750171,0.5546163522918633,3.6282370494334497,8.01952174750171,0.5546163522918633,3.6282370494334497,88.60208916664124
15.0,0.0,5.0,7.557448342456162,-1.2182068129609938,3.951658864991973,-0.9285302348220935,0.04001281260095907,0.04015027596952579,-0.36690398360955323,0.3252208130758217,-0.254530746091404,-0.054785054057210535,-0.0004502626467228765,0.005389353282225784,0.050414759971317835,22939,639000000,28.94,0,2,3,8.12422028936641,0.5566299999536817,3.639451627371681,8.12422028936641,0.5566299999536817,3.639451627371681,89.31127524375916
15.0,0.0,5.0,7.672721688156265,-1.208726499285336,3.9486769533072947,-0.9258657420144922,0.04006008797224319,0.039638424511393135,-0.37362630049002726,0.31554943451932516,-0.2569766684199439,-0.04893576636968224,0.00020492839780672512,0.006947948031665874,0.05316485003277194,22939,938000000,28.22,0,2,3,8.236007481545425,0.5583543684809212,3.6518583828095648,8.236007481545425,0.5583543684809212,3.6518583828095648,90.04870963096619
15.0,0.0,5.0,7.794156790558747,-1.199412887515867,3.9470331212855103,-0.9227462898236167,0.04014903642154832,0.03892602178875716,-0.3813293908406116,0.30374818612434323,-0.2602342906374676,-0.04224379071121499,-0.00042601045890933165,0.008536685163562652,0.05692847953469027,22940,263000000,27.51,0,2,3,8.340354988954921,0.5616375178890818,3.663233311397677,8.340354988954921,0.5616375178890818,3.663233311397677,90.79639887809753
15.0,0.0,5.0,7.9212371949128775,-1.1908457591437234,3.9473977018567394,-0.9191447327296954,0.04035733133517443,0.037970124320417874,-0.3900032253223701,0.2905936189804311,-0.26394123961974436,-0.034374740150159074,0.00021096662408126576,0.009521872561890632,0.059417505326564424,22940,553000000,26.67,0,2,3,8.45220898848241,0.5679915243692821,3.675046798511332,8.45220898848241,0.5679915243692821,3.675046798511332,91.61302947998047
15.0,0.0,5.0,8.045826811781353,-1.1834620451392879,3.9498638373844615,-0.9153516030010623,0.04060547278868233,0.03696082835822144,-0.39889414088209796,0.2774570348406483,-0.26726545247386413,-0.02631310909751572,-0.0007501478080484958,0.010139842379430775,0.06000111716275569,22940,834000000,25.71,0,2,3,8.571252283279012,0.577746909725032,3.687260057532209,8.571252283279012,0.577746909725032,3.687260057532209,92.378751039505
15.0,0.0,5.0,8.160288062072802,-1.1778598514785532,3.9544054170400806,-0.9117621802889564,0.04091590914879712,0.03597651311516482,-0.40708881767659794,0.26454397160859516,-0.27004856572388014,-0.01816901960380114,6.848823481675481e-05,0.009267901532439282,0.056253223374369554,22941,110000000,24.73,0,2,3,8.689750202225152,0.58982631642762,3.6990216969591376,8.689750202225152,0.58982631642762,3.6990216969591376,93.08895206451416
15.0,0.0,5.0,8.264945082209664,-1.173700044576192,3.9604673740920453,-0.9086936668370882,0.041083717684932824,0.0352002295344276,-0.41394310216752656,0.25307059595215003,-0.2710845321417555,-0.011379370288293077,0.00025898592355133587,0.0073815831001411425,0.04852535275858827,22941,390000000,23.83,0,2,3,8.80011875369386,0.6027574856997299,3.7095702551570984,8.80011875369386,0.6027574856997299,3.7095702551570984,93.79569458961487
15.0,0.0,5.0,8.36016603008145,-1.1705888807552576,3.9674431922403297,-0.9063396364007004,0.04111625626899103,0.034659633812852586,-0.41911409752408435,0.2437474499993066,-0.2701869196234831,-0.006399304266946811,0.001948912131410907,0.003495850205581519,0.03268351865699515,22941,659000000,23.09,0,2,3,8.902269399138568,0.6159797830834595,3.718936176314014,8.902269399138568,0.6159797830834595,3.718936176314014,94.44999408721924
15.0,0.0,5.0,8.446324189963706,-1.1679845294042919,3.9745414300550426,-0.905267272428669,0.04083152861683528,0.03456735016646906,-0.42146061505535587,0.2372650321795744,-0.26679297866448753,-0.0036950964542503094,0.0020177509668428684,-0.0007012911282799905,0.014317602199298562,22942,69000000,22.56,0,2,3,8.996250760415139,0.629085046155308,3.7272160001125028,8.996250760415139,0.629085046155308,3.7272160001125028,95.08535933494568
15.0,0.0,5.0,8.551625685482387,-1.1651603679840938,3.9840535694933226,-0.9046437671137579,0.04042638290702521,0.034656689281099586,-0.42282889692564374,0.22931836737878383,-0.26229959371396233,-0.0006442577274281293,0.002144640438928036,-0.0010126652568942518,0.00823806740299915,22942,411000000,22.18,0,2,3,9.089244965030343,0.6427427884413988,3.7351393650082567,9.089244965030343,0.6427427884413988,3.7351393650082567,95.74716901779175
15.0,0.0,5.0,8.661171321548036,-1.1627983212858033,3.994829262437594,-0.9041023439260046,0.03996189097735184,0.0346497636294015,-0.4240299433500482,0.22222505674961254,-0.2574178258594932,0.0013991540964372463,0.0033555891832293128,-0.0010737454886111664,0.008840781720209634,22942,696000000,22.31,0,2,3,9.188083878010055,0.6575144217288196,3.7432859044759526,9.188083878010055,0.6575144217288196,3.7432859044759526,96.47000002861023
15.0,0.0,5.0,8.741668206061567,-1.1610988999817065,4.002952186233771,-0.9036366187462183,0.039528651244605716,0.03466759058059931,-0.42506058998102814,0.2181943347524217,-0.25359765955404,0.0018420313418402473,0.0031616875048712245,-0.0010746190127974842,0.010340170501876855,22942,987000000,22.26,0,2,3,9.299272057492376,0.6740699888051415,3.752147199837048,9.299272057492376,0.6740699888051415,3.752147199837048,97.12654733657837
15.0,0.0,5.0,8.827396391985436,-1.1592357916782838,4.011698443460325,-0.9030096312455753,0.039065365232480394,0.0346479521724001,-0.42643525009928757,0.21411778038785717,-0.24942435051373005,0.001992159195417222,0.004027054183097789,-0.0009186859642795753,0.012596429223776795,22943,266000000,22.2,0,2,3,9.381354877608123,0.6858088018870743,3.7585373912296536,9.381354877608123,0.6858088018870743,3.7585373912296536,97.77169823646545
15.0,0.0,5.0,8.924506203643332,-1.1565488433986164,4.021309307324993,-0.9021858254878876,0.038368746146512756,0.034666368291631555,-0.42823687197315463,0.2114997372199444,-0.24327285250618508,0.0003106668434975765,0.0043201980133744655,-0.002232461952189624,0.013260434025141876,22943,562000000,22.1,0,2,3,9.468807579502126,0.6973011037193584,3.7653353837978365,9.468807579502126,0.6973011037193584,3.7653353837978365,98.48773741722107
15.0,0.0,5.0,9.038737770306927,-1.1518935720880568,4.031683067765659,-0.9011833020955413,0.03747997297168162,0.034865974391445405,-0.43040477632102675,0.20936626334629221,-0.23620955087901713,-0.002263761087888178,0.0034734815926640294,-0.002204802285632468,0.013754560677625705,22943,879000000,21.94,0,2,3,9.567434969880392,0.708090443590594,3.77327879129298,9.567434969880392,0.708090443590594,3.77327879129298,99.2820942401886
15.0,0.0,5.0,9.15074150861944,-1.1458684934409473,4.040881846036472,-0.900117204743819,0.03666221416746604,0.0350310634594555,-0.4326866353025157,0.2076192089963273,-0.2298271590924902,-0.004941930675346736,0.003698559089571063,-0.002462306065353914,0.014152019502944313,22944,205000000,21.73,0,2,3,9.68227710320046,0.7168450662345675,3.7832447140376733,9.68227710320046,0.7168450662345675,3.7832447140376733,100.13812971115112
15.0,0.0,5.0,9.242550431750598,-1.1396484315058724,4.047535377567146,-0.8992039102039948,0.035973609888230666,0.03521230652838233,-0.4346243443876636,0.206434626229771,-0.2249682482946635,-0.0072840956522178864,0.003595618773033493,-0.0020708415604531183,0.014833839486527722,22944,502000000,21.47,0,2,3,9.793464992420366,0.721452361018006,3.793806151303964,9.793464992420366,0.721452361018006,3.793806151303964,100.876229763031
15.0,0.0,5.0,9.333066002897109,-1.1326050126241902,4.053395442410433,-0.8982234384678143,0.03534382508953534,0.03530015906566376,-0.4366913868912869,0.20445665330978785,-0.22091366242742536,-0.009107151964729764,0.003415866126488254,-0.0010931781503131788,0.015598669415339828,22944,778000000,21.25,0,2,3,9.883434106044398,0.722591562385759,3.803144192731027,9.883434106044398,0.722591562385759,3.803144192731027,101.63207030296326
15.0,0.0,5.0,9.416359417050204,-1.1255495042618553,4.0583095756151915,-0.8972666523778311,0.03485207336866479,0.03526292461399605,-0.43869626583805477,0.20157708355681705,-0.2177995859942114,-0.009926083920249925,0.0028995078764637583,0.0005033953527799895,0.016279684314213227,22945,48000000,20.99,0,2,3,9.971037773419425,0.7218261580861467,3.8129790258729064,9.971037773419425,0.7218261580861467,3.8129790258729064,102.35154342651367
15.0,0.0,5.0,9.498387772706975,-1.1185148106910734,4.063069167372698,-0.8962461367317744,0.03451349592071564,0.034991747843834915,-0.4408256555323584,0.19723984299144143,-0.21545038608019448,-0.009489044271092128,0.002985522746712377,0.0021404460994745023,0.017212556849699467,22945,302000000,20.73,0,2,3,10.05082152526221,0.719949290833421,3.822592413168969,10.05082152526221,0.719949290833421,3.822592413168969,103.03421688079834
15.0,0.0,5.0,9.573410432814283,-1.112162083557365,4.067451803460038,-0.895245227213677,0.03426725240399118,0.034624827398622986,-0.44290276573016385,0.19283721921021144,-0.21370692532505964,-0.008733671976817474,0.0024148390593836666,0.003331481298118888,0.01799585861590458,22945,584000000,20.45,0,2,3,10.12911474317234,0.7180604445424347,3.83239684978413,10.12911474317234,0.7180604445424347,3.83239684978413,103.70182728767395
15.0,0.0,5.0,9.66420616729413,-1.1050724588456362,4.0731894512827775,-0.8939287290564301,0.034180820101766554,0.03395163235097236,-0.4456123714232253,0.1855782777761276,-0.2127575493877988,-0.0060219729778283205,0.0016842000491124054,0.00556143877474824,0.019435127069300506,22945,910000000,20.18,0,2,3,10.200971190942145,0.7179002822658135,3.8414767394752802,10.200971190942145,0.7179002822658135,3.8414767394752802,104.45392727851868
15.0,0.0,5.0,9.731143561677792,-1.1005671056119424,4.078014406569398,-0.8928583176114011,0.03423743344752185,0.03331871063445478,-0.4477964787096056,0.17985573735501081,-0.2123818734448611,-0.003473065816597508,0.0017375586025991652,0.0060689670135616325,0.020463765577005688,22946,157000000,19.82,0,2,3,10.28859833168843,0.720940677496287,3.8526196582981442,10.28859833168843,0.720940677496287,3.8526196582981442,105.11280274391174
15.0,0.0,5.0,9.813454252167233,-1.095893577277204,4.084718234772873,-0.8914365844642305,0.034306455414732435,0.03247276006976065,-0.45067660561546274,0.17279349688642875,-0.2116257564485439,-0.00025915222947177065,0.0021375188680394785,0.006292395164564368,0.022104879462858662,22946,404000000,19.54,0,2,3,10.353774918634494,0.725528899175999,3.861011104830982,10.353774918634494,0.725528899175999,3.861011104830982,105.8291699886322
15.0,0.0,5.0,9.88353615040853,-1.0925533965924292,4.091112151795784,-0.8900956333967858,0.03432916501431328,0.03175387731232095,-0.45336846285667987,0.16718278959105456,-0.21056715844573332,0.0023376736343989897,0.002085705887111544,0.005784322365798289,0.023226360463013407,22946,705000000,19.18,0,2,3,10.434548356308884,0.7334081170258534,3.8715497072393346,10.434548356308884,0.7334081170258534,3.8715497072393346,106.5088517665863
15.0,0.0,5.0,9.952473746579043,-1.0897163110377646,4.0979769864347055,-0.8887114513975571,0.03431426020301258,0.031113071235779097,-0.45612110727288724,0.16196195788924458,-0.20924325970887403,0.004617319520159338,0.0023598636744281976,0.00510302320435585,0.023911412426969036,22947,64000000,18.86,0,2,3,10.5038857253889,0.741741673291318,3.880701890660858,10.5038857253889,0.741741673291318,3.880701890660858,107.17193102836609
15.0,0.0,5.0,10.015112413147998,-1.08747431293974,4.10467398551355,-0.8873713978378857,0.03424757598164315,0.030576052548058365,-0.4587637854595725,0.15734515670410082,-0.2079179797292034,0.0064697299884257774,0.0023850645220591105,0.004602060516845086,0.024885523453122005,22947,424000000,18.54,0,2,3,10.572586812611421,0.7511564567327588,3.889800377733118,10.572586812611421,0.7511564567327588,3.889800377733118,107.82009768486023
15.0,0.0,5.0,10.076801816803703,-1.0855186612891847,4.111644775500996,-0.8859852913683917,0.03414117370885321,0.030084307268698134,-0.46147521947858744,0.15320316223112157,-0.206151392803659,0.007812762345463823,0.0030487792628264287,0.0037197147094047978,0.025285021183663048,22947,725000000,18.23,0,2,3,10.63542652796242,0.7605105787495794,3.898117042712007,10.63542652796242,0.7605105787495794,3.898117042712007,108.46907830238342
15.0,0.0,5.0,10.137562977179496,-1.0835153512110418,4.118650049981191,-0.8845918623716386,0.03389495194919893,0.02972851830589195,-0.46418162873768887,0.15040537944661986,-0.20350249672302198,0.008073553242093152,0.0030538729561158107,0.0022314255829769536,0.025274297695432324,22948,28000000,17.92,0,2,3,10.697591456584076,0.769975867268746,3.90631983062317,10.697591456584076,0.769975867268746,3.90631983062317,109.15382480621338
15.0,0.0,5.0,10.202375920557456,-1.0811264207627722,4.126135069514351,-0.8830655561897599,0.03356997249699817,0.029449342363894918,-0.46711991677957265,0.14780866804659723,-0.2005247211347084,0.007947059675569117,0.0036060544744032086,0.001103081103792647,0.025340501088066958,22948,309000000,17.61,0,2,3,10.75896887298998,0.7790677292204818,3.9143625446852313,10.75896887298998,0.7790677292204818,3.9143625446852313,109.8249454498291
15.0,0.0,5.0,10.275957999668561,-1.077761588346581,4.134392334189008,-0.8813114621840551,0.03303266159838129,0.029313724050710165,-0.47046748609548816,0.14596867848527686,-0.1967633489451629,0.006870969408935184,0.003214204343748861,-0.00016299348430948157,0.025043248206202406,22948,590000000,17.28,0,2,3,10.824444405779163,0.7880697599344657,3.9229244713762723,10.824444405779163,0.7880697599344657,3.9229244713762723,110.58191752433777
15.0,0.0,5.0,10.338789519619924,-1.0743536924121602,4.14116723171166,-0.8797881677270318,0.03259668367846509,0.029267083528210933,-0.4733430827237581,0.14408790201792898,-0.194047709629377,0.005992757513654598,0.002780345289465913,-0.00010032082329303194,0.02506553410057677,22948,845000000,16.89,0,2,3,10.898523791674029,0.7968381726555982,3.9326905247192157,10.898523791674029,0.7968381726555982,3.9326905247192157,111.27106380462646
15.0,0.0,5.0,10.400734790773983,-1.0706237905013865,4.147622206104719,-0.8782492308317795,0.03219486718593338,0.02921337712820869,-0.47622301253407806,0.14214254988582478,-0.19129710893096408,0.005060672004090527,0.0034576518828544067,-0.00039141959291555395,0.024937960006354842,22949,173000000,16.55,0,2,3,10.961319220611166,0.8025039374543002,3.941102309930177,10.961319220611166,0.8025039374543002,3.941102309930177,111.94087862968445
15.0,0.0,5.0,10.466524086475475,-1.065999707585219,4.154081851644575,-0.8766241371788651,0.03163879326635764,0.02922243195992761,-0.4792443618305867,0.14110278164600606,-0.18794594890776467,0.0034806479383503452,0.0031513671956417966,-0.001091426565835718,0.0240588165979716,22949,404000000,16.2,0,2,3,11.022764671119822,0.8062990101290911,3.9495181350272843,11.022764671119822,0.8062990101290911,3.9495181350272843,112.67472910881042
15.0,0.0,5.0,10.522177669272057,-1.0615447169879866,4.159189531725931,-0.8752659279602253,0.031193598848496647,0.029253575736354207,-0.481747592676333,0.139922943610934,-0.18536636011767635,0.0022535652137916865,0.003092130236836965,-0.0008656350871660834,0.023547459750261623,22949,698000000,15.83,0,2,3,11.087335054033984,0.8084008609084428,3.958632913417695,11.087335054033984,0.8084008609084428,3.958632913417695,113.34462690353394
15.0,0.0,5.0,10.577152159138784,-1.056747351602187,4.163952634943508,-0.8739189066253377,0.030787766782410214,0.02924435194632885,-0.4842134094989163,0.1381726921465316,-0.1831050537944743,0.0013759686418624714,0.002297786431881832,5.0553360273625225e-05,0.02351672410441097,22949,964000000,15.52,0,2,3,11.141369034676622,0.8086902312999418,3.96651583758171,11.141369034676622,0.8086902312999418,3.96651583758171,114.01550650596619
15.0,0.0,5.0,10.631397774208589,-1.0519708189867716,4.168562424927292,-0.872536149111536,0.03055018004019759,0.02908873458705015,-0.4867249742033453,0.13480702213554815,-0.18162685128378717,0.0014372316829404735,0.002320665521438059,0.0018150156734009215,0.024009040316741448,22950,224000000,15.21,0,2,3,11.194339760339856,0.8080739835029046,3.9744315912783725,11.194339760339856,0.8080739835029046,3.9744315912783725,114.68547821044922
15.0,0.0,5.0,10.68491771044854,-1.0473876059621339,4.1731253948520575,-0.8711322638573525,0.030361503862452944,0.028831818541822072,-0.4892601395878734,0.13155761733138388,-0.18031235826568554,0.0016113095884856745,0.002234942667200812,0.00224970808631042,0.024024034428293817,22950,460000000,14.88,0,2,3,11.246495704620575,0.8073251794044026,3.9823055152969493,11.246495704620575,0.8073251794044026,3.9823055152969493,115.34062695503235
15.0,0.0,5.0,10.737748479633378,-1.0429848723557344,4.177650949084774,-0.8697297776315946,0.0302042465314024,0.028548557702837547,-0.4917751490726783,0.12824091197514786,-0.17907029124309684,0.0019264672190979389,0.0018697243035603606,0.0028680546392934048,0.02399167078692699,22950,698000000,14.55,0,2,3,11.298018836621367,0.8072576325081915,3.9901171787666487,11.298018836621367,0.8072576325081915,3.9901171787666487,115.97982335090637
15.0,0.0,5.0,10.789835157129257,-1.0389690711544728,4.182295973047455,-0.8682900081754812,0.030164487253225642,0.028132552624883452,-0.49433907886609635,0.12381666939637867,-0.17817699336389228,0.003088313518440551,0.001907345688323403,0.004317341290516197,0.02456851852912223,22950,951000000,14.22,0,2,3,11.349063098038934,0.8084551726146038,3.9979045570882703,11.349063098038934,0.8084551726146038,3.9979045570882703,116.58965349197388
15.0,0.0,5.0,10.845423963731749,-1.035138623079734,4.187524212571977,-0.8667005453905254,0.030147315154950904,0.027613077242356798,-0.4971507034832812,0.11931767391837977,-0.17713892559521066,0.0042363920889484635,0.002003464192057436,0.004335247285780497,0.02479752238286892,22951,202000000,13.89,0,2,3,11.399650084307401,0.8108922687990021,4.0056795934701785,11.399650084307401,0.8108922687990021,4.0056795934701785,117.24259972572327
15.0,0.0,5.0,10.895960325967764,-1.0319893462048884,4.192531055395173,-0.8652079883845257,0.03011058608014944,0.02715991952056675,-0.4997707756693547,0.11551957069865257,-0.1759113442952219,0.005281411460972541,0.0021993230120642693,0.003948411904275417,0.025187619758071378,22951,505000000,13.52,0,2,3,11.453978301464398,0.8148425076665831,4.014108084272383,11.453978301464398,0.8148425076665831,4.014108084272383,117.85928845405579
15.0,0.0,5.0,10.94163127001286,-1.029372081705597,4.19723337700554,-0.8638071115346572,0.0300445326086642,0.026769799383389394,-0.5022130802393067,0.11219882834801242,-0.17469857372863948,0.006001811430775058,0.0021761586594948312,0.003610725457292574,0.025655084027675912,22951,780000000,13.18,0,2,3,11.503648196693563,0.8194507811405605,4.021868747969594,11.503648196693563,0.8194507811405605,4.021868747969594,118.45133352279663
15.0,0.0,5.0,10.986696417606565,-1.026978905201219,4.20201150917821,-0.8623789281485119,0.029962845927415535,0.02641192247374366,-0.5046852707386997,0.10903625987080741,-0.17344061667962726,0.006631285172068879,0.0020422139186848653,0.0033157253255922114,0.025876738072838634,22952,24000000,12.88,0,2,3,11.548735801149137,0.8243339204744623,4.028944720388988,11.548735801149137,0.8243339204744623,4.028944720388988,119.06597685813904
15.0,0.0,5.0,11.03515417744715,-1.0245754184908413,4.207304668866887,-0.8608158324189985,0.029871569180667072,0.0260549664169666,-0.5073706049196012,0.10573970951598881,-0.17183498985876228,0.007289464041993246,0.0022191464267962147,0.003053157752219704,0.02576163624326,22952,301000000,12.57,0,2,3,11.593422200192128,0.8297243801933308,4.0359517750251515,11.593422200192128,0.8297243801933308,4.0359517750251515,119.6950843334198
15.0,0.0,5.0,11.082891835647022,-1.0223586205636808,4.212648144414066,-0.8592423039757464,0.029752534410581136,0.02572315440719572,-0.5100546726400432,0.10261799784748468,-0.1702949755627382,0.007771636648082579,0.002030010887210665,0.0027689459557223017,0.025765706050151493,22952,548000000,12.24,0,2,3,11.641729657806392,0.8360346629553408,4.043524049074415,11.641729657806392,0.8360346629553408,4.043524049074415,120.32350063323975
15.0,0.0,5.0,11.129943128511979,-1.020311349976568,4.2180370823992765,-0.857670100566594,0.029637883709705524,0.02542179735878752,-0.512715639182527,0.09961743686058436,-0.16877175874000863,0.008241424231745073,0.0021746184529547463,0.0025634878056735033,0.025707473469083197,22952,774000000,11.9,0,2,3,11.689544001368255,0.8426161873002808,4.051011462662804,11.689544001368255,0.8426161873002808,4.051011462662804,120.96981525421143
15.0,0.0,5.0,11.176311981686926,-1.0184271344618836,4.223441261514559,-0.8560771861211486,0.029499793529001884,0.025137269139583838,-0.5153927932022785,0.09666509963100839,-0.16721716722906957,0.008537777027663337,0.0021204166841926053,0.002336043826289824,0.025892923076753505,22953,37000000,11.57,0,2,3,11.736817351444815,0.849096546379059,4.058362864419946,11.736817351444815,0.849096546379059,4.058362864419946,121.60061955451965
15.0,0.0,5.0,11.2220239373854,-1.0166862848539369,4.228835158156885,-0.8544841938935351,0.02933884453181559,0.024874547193098274,-0.5180513985017235,0.09416831159970306,-0.16560026704008424,0.008593914528746012,0.0028836172077717492,0.0015360141674136685,0.025492219901934732,22953,281000000,11.24,0,2,3,11.783495245262014,0.8553911051498322,4.065535444586192,11.783495245262014,0.8553911051498322,4.065535444586192,122.2616674900055
15.0,0.0,5.0,11.267159684596203,-1.0148139356477022,4.234060178364804,-0.8529274984815228,0.029022171901769568,0.02473110150820059,-0.5206349666420292,0.09300787084960753,-0.16360541631038075,0.007915228299390195,0.0027004745106751216,9.603974433503026e-05,0.024849787041603122,22953,509000000,10.91,0,2,3,11.829505858181431,0.8611371777353543,4.072543765276429,11.829505858181431,0.8611371777353543,4.072543765276429,122.95801329612732
15.0,0.0,5.0,11.311742993391418,-1.012721220714733,4.239067392773778,-0.8513908378039153,0.028694069311340345,0.024667978179439866,-0.5231651579973972,0.09170735416832451,-0.16164303532376884,0.007269069715878545,0.002457475943629106,-5.7051815716135934e-05,0.024523947831767146,22953,751000000,10.6,0,2,3,11.874766205880102,0.8660667849598552,4.079400773077203,11.874766205880102,0.8660667849598552,4.079400773077203,123.614004611969
15.0,0.0,5.0,11.352107959945606,-1.010667275999209,4.243451317968694,-0.8499911105234634,0.028417798408303736,0.024609167091731696,-0.5254540224032598,0.09025791641221811,-0.15988255438576007,0.006590388337036124,0.0024200558527809335,0.0001403008084821522,0.024231487986980937,22954,5000000,10.3,0,2,3,11.91920967351154,0.8699930266907182,4.086113373974591,11.91920967351154,0.8699930266907182,4.086113373974591,124.26029443740845
15.0,0.0,5.0,11.39919062275285,-1.0081295033383597,4.248404364591083,-0.8483608177716785,0.028088682246647217,0.024514114314291634,-0.5281041630197602,0.08877191186522486,-0.1578025497922091,0.005841068613782344,0.0029601591450045817,-0.00029688409597383725,0.02353601266804617,22954,239000000,9.93,0,2,3,11.962819183267538,0.8729377202888522,4.092661492636543,11.962819183267538,0.8729377202888522,4.092661492636543,124.9440860748291
15.0,0.0,5.0,11.44567356919225,-1.0052123459193414,4.252997360799386,-0.8467869328517739,0.027645667962650278,0.024518307766437014,-0.530647208584625,0.08851581152300156,-0.15546838525812004,0.004523293872644818,0.0028085846452086116,-0.0013134283676663472,0.02246660278615309,22954,455000000,9.7,0,2,3,12.00556809119441,0.8748123784833116,4.099043701105003,12.00556809119441,0.8748123784833116,4.099043701105003,125.58925080299377
15.0,0.0,5.0,11.488093614794254,-1.0021420968078556,4.256890063762509,-0.8453952796263207,0.027248991547251654,0.024561863909918116,-0.5328799381534861,0.08784858268530485,-0.15358256497655903,0.003560214027956899,0.0020454039031392313,-0.0006812191998051276,0.02187617665185826,22954,688000000,9.4,0,2,3,12.050954410433388,0.8758526148954736,4.105834938661702,12.050954410433388,0.8758526148954736,4.105834938661702,126.24016737937927
15.0,0.0,5.0,11.526513324571015,-0.9992753218703424,4.2603248030357594,-0.8440989647448099,0.02703638427466208,0.024485006131983837,-0.5349452832924219,0.08589360456520759,-0.1521735667640759,0.0035189498734020273,0.002082987498397415,0.0010112436598319618,0.02224602321803104,22954,925000000,9.13,0,2,3,12.09207288012255,0.8761090740809352,4.112003387377594,12.09207288012255,0.8761090740809352,4.112003387377594,126.91707921028137
15.0,0.0,5.0,11.567884667460998,-0.9962392261662554,4.264028273275561,-0.8426809244200035,0.026855288986506357,0.0242863162987627,-0.5371944042083237,0.08369697089158408,-0.15068593093288934,0.003585460837234792,0.002235152146567998,0.0015700072367508255,0.02194837616116274,22955,160000000,8.87,0,2,3,12.12923169775722,0.8761189246032133,4.117575938463521,12.12923169775722,0.8761189246032133,4.117575938463521,127.57331442832947
15.0,0.0,5.0,11.61207648393117,-0.9930785995523762,4.267973741045366,-0.8411674369652139,0.026670021102211183,0.02403833265692926,-0.5395815151826971,0.08133667864176954,-0.14904241184505979,0.003500932725807205,0.002015024006141175,0.001617529835584719,0.021418254073068965,22955,404000000,8.58,0,2,3,12.169261950641339,0.876280636208882,4.1235654743496974,12.169261950641339,0.876280636208882,4.1235654743496974,128.22011971473694
15.0,0.0,5.0,11.655602579622395,-0.9900263297942677,4.27182188782343,-0.8396792888955382,0.02652338796108282,0.02379980201134678,-0.5419121433545937,0.07878893609494807,-0.14741474361919732,0.0035657116973555982,0.0017706312860354956,0.002352960859752784,0.02123177364410367,22955,639000000,8.28,0,2,3,12.212085152445267,0.8770064923178079,4.129949977776146,12.212085152445267,0.8770064923178079,4.129949977776146,128.9053828716278
15.0,0.0,5.0,11.701713851042388,-0.9871841248904603,4.27606044059328,-0.8380479616839474,0.02649076554261718,0.023376625390898,-0.5444514548090404,0.07485720532816573,-0.14615248640306566,0.004467515648583007,0.0019751575109694386,0.0035598920248958166,0.021704790924559347,22955,887000000,7.98,0,2,3,12.254419319273907,0.8783132034391601,4.136252030438694,12.254419319273907,0.8783132034391601,4.136252030438694,129.63229417800903
