x_ref,y_ref,z_ref,x,y,z,eta,e1,e2,e3,u,v,w,p,q,r,sec,nanosec,angle2,angle3,control_mode,std_test
0.0,0.0,5.0,1.6199999999998531,0.12000000000196966,4.630820871312503,0.009601687313541218,-8.224310918156088e-17,-7.006006030884876e-17,-0.9999539027378876,-2.773061551954276e-18,-2.3086342232174713e-18,-0.01671337444921761,2.2051245402611143e-16,3.5578308401289743e-17,0.0,450,303000000,10.79,0,2,0
0.0,0.0,5.0,1.6199999999998531,0.12000000000196966,4.6281467313867015,0.009601687313541218,-7.803110802971148e-17,-6.039749051016104e-17,-0.9999539027378876,-2.625625221539993e-18,-1.9948192067610233e-18,-0.016713374610333176,-1.7457581235094013e-17,-4.5968504001898185e-17,0.0,450,476000000,10.88,0,2,0
0.0,0.0,5.0,1.6199999999998531,0.12000000000196966,4.624804056445515,0.009601687313541218,-7.877395035551686e-17,-4.017471024768433e-17,-0.9999539027378876,-2.639650669687134e-18,-1.3101043236631075e-18,-0.016713374788590585,1.3963918567476735e-16,-7.758740952869211e-17,0.0,450,623000000,10.97,0,2,0
0.0,0.0,5.0,1.6199999999998531,0.12000000000196966,4.62212991646848,0.009601687313541218,-8.40216277646805e-17,-3.415421187192798e-17,-0.9999539027378876,-2.8234438574862162e-18,-1.1196449182056969e-18,-0.01671337491426783,-7.973174500497446e-17,4.466134824422989e-17,-0.0,450,821000000,11.08,0,2,0
0.0,0.0,5.0,1.6199999999998531,0.12000000000196966,4.619790043972917,0.009601687313541218,-8.457557463791986e-17,-2.807168485841986e-17,-0.9999539027378876,-2.8268616285166795e-18,-9.082532678056564e-19,-0.01671337501356618,2.475897784006829e-18,-1.0842871329817016e-16,0.0,450,979000000,11.16,0,2,0
0.002985000000000067,0.0,5.0,1.6199999999998531,0.12000000000196966,4.617450171464143,0.009601687313541218,-9.093326453298104e-17,-3.7185637490550787e-17,-0.9999539027378876,-3.0510599040332106e-18,-1.1966969556584916e-18,-0.016713375103805106,1.9781785008049706e-16,-6.01649786228702e-18,0.0,451,128000000,11.24,0,2,3
0.002985000000000067,0.0,5.0,1.6199999999998531,0.12000000000196966,4.6151102989433745,0.009601687313541218,-8.704084157719096e-17,-3.112282633492562e-17,-0.9999539027378876,-2.9243641165588806e-18,-1.0141016582917063e-18,-0.016713375185695156,-3.263864025540705e-17,7.644084801928382e-17,-0.0,451,263000000,11.31,0,2,3
0.011880000000000134,0.0,5.0,1.6199999999998531,0.12000000000196966,4.612770426411711,0.009601687313541218,-8.797920011747112e-17,-3.7992111857301675e-17,-0.9999539027378876,-2.9440459918642138e-18,-1.2406758222515625e-18,-0.016713375260124508,-1.9325704186618384e-17,-1.136222061944104e-16,0.0,451,411000000,11.39,0,2,3
0.011880000000000134,0.0,5.0,1.6199999999998531,0.12000000000196966,4.611099088882981,0.009601687313541218,-9.542387693181383e-17,-4.344640397114424e-17,-0.9999539027378876,-3.1925301350811947e-18,-1.437805762894953e-18,-0.01671337530906314,-1.4390482345399962e-16,-1.5531075455882995e-16,0.0,451,540000000,11.47,0,2,3
0.026595000000000202,0.0,5.0,1.6199999999998531,0.12000000000196966,4.608759216334914,0.009601687313541218,-1.0468216738501094e-16,-4.624004663428137e-17,-0.9999539027378876,-3.514701614656943e-18,-1.5061192845592425e-18,-0.016713375372123807,8.294886128675254e-17,1.8448156433475903e-18,0.0,451,651000000,11.52,0,2,3
0.026595000000000202,0.0,5.0,1.6199999999998531,0.12000000000196966,4.606085076269758,0.009601687313541218,-1.0013265883863496e-16,-3.264134939618218e-17,-0.9999539027378876,-3.366757853682632e-18,-1.0984256815903068e-18,-0.016713375437138467,-4.148544049810871e-16,1.0779389224459663e-16,-0.0,451,796000000,11.6,0,2,3
0.026595000000000202,0.0,5.0,1.6199999999998531,0.12000000000196966,4.603076668684777,0.009601687313541218,-9.43986240596245e-17,-3.812762334464915e-17,-0.9999539027378876,-3.165188287519164e-18,-1.2295154699696479e-18,-0.016713375502241945,2.0575223784427767e-16,-3.1512939005123195e-17,0.0,451,937000000,11.69,0,2,3
0.04704000000000026,0.0,5.0,1.6199999999998531,0.12000000000196966,4.601071063621942,0.009601687313541218,-9.397600593819156e-17,-6.384153504019758e-17,-0.9999539027378876,-3.1572090671469577e-18,-2.03930600990055e-18,-0.016713375541232978,7.632840897087858e-16,-5.041436000085036e-17,0.0,452,122000000,11.79,0,2,3
0.04704000000000026,0.0,5.0,1.6199999999998531,0.12000000000196966,4.598062656019381,0.009601687313541218,-9.478702792083405e-17,-5.5205410605938293e-17,-0.9999539027378876,-3.1951970508220715e-18,-1.822793066068173e-18,-0.01671337559416841,-1.1456914583833428e-16,1.3317200346405092e-16,-0.0,452,254000000,11.85,0,2,3
0.07312500000000033,0.0,5.0,1.6199999999998531,0.12000000000196966,4.595388515920683,0.009601687313541218,-9.1430508545855e-17,-2.6161104934395752e-17,-0.9999539027378876,-3.0675516429157546e-18,-8.265707308876556e-19,-0.016713375636090433,1.6303177213373413e-16,5.645523876935431e-17,0.0,452,426000000,11.95,0,2,3
0.07312500000000033,0.0,5.0,1.6199999999998531,0.12000000000196966,4.592714375815666,0.009601687313541218,-9.324860497927874e-17,-2.6744023733570974e-17,-0.9999539027378876,-3.1146953171041198e-18,-8.679451667349535e-19,-0.01671337567366038,-1.167759959387455e-16,-1.3864301868697698e-16,0.0,452,581000000,12.04,0,2,3
0.1047600000000004,0.0,5.0,1.6199999999998531,0.12000000000196966,4.590374503219111,0.009601687313541218,-1.0407788555233861e-16,-2.955649792970116e-17,-0.9999539027378876,-3.480452847140794e-18,-9.87423998298838e-19,-0.016713375703147904,-4.272332856325653e-16,-1.0174148795825885e-16,0.0,452,741000000,12.13,0,2,3
0.1047600000000004,0.0,5.0,1.6199999999998531,0.12000000000196966,4.588034630618621,0.009601687313541218,-1.0567248304968196e-16,-1.752899774729343e-17,-0.9999539027378876,-3.541183586784991e-18,-5.547421169386611e-19,-0.01671337573005971,5.0400422169087556e-17,4.1260491283152584e-17,0.0,452,877000000,12.21,0,2,3
0.14185500000000045,0.0,5.0,1.6199999999998531,0.12000000000196966,4.58569475801456,0.009601687313541218,-1.0271095746994425e-16,-1.7890008830689825e-17,-0.9999539027378876,-3.4475611813996285e-18,-5.912629354234367e-19,-0.0167133757543958,-3.4573387984693366e-16,1.123642279801352e-16,-0.0,453,32000000,12.29,0,2,3
0.14185500000000045,0.0,5.0,1.6199999999998531,0.12000000000196966,4.583689152922768,0.009601687313541218,-1.0093050924897792e-16,-8.479701752405594e-18,-0.9999539027378876,-3.3714354851390508e-18,-2.5107513496203265e-19,-0.016713375773580452,5.1241174844476276e-18,-6.884476347432613e-17,0.0,453,167000000,12.37,0,2,3
0.14185500000000045,0.0,5.0,1.6199999999998531,0.12000000000196966,4.581349280312915,0.009601687313541218,-1.0297723627365948e-16,-2.827115703600995e-17,-0.9999539027378876,-3.4476030084738015e-18,-9.028828215772619e-19,-0.016713375794008556,2.0839019129627614e-16,-5.500697823725701e-17,0.0,453,289000000,12.44,0,2,3
0.18432000000000054,0.0,5.0,1.6199999999998531,0.12000000000196966,4.579343675216586,0.009601687313541218,-1.0645706486054768e-16,-4.182775881091772e-17,-0.9999539027378876,-3.567384529322321e-18,-1.380430794415749e-18,-0.016713375809995767,-2.395896397140652e-16,-7.500026903855268e-17,0.0,453,423000000,12.52,0,2,3
0.18432000000000054,0.0,5.0,1.6199999999998531,0.12000000000196966,4.577003802601891,0.009601687313541218,-1.0128660251574596e-16,-3.1822919894251196e-17,-0.9999539027378876,-3.406972330608678e-18,-1.0558126627548483e-18,-0.016713375826959975,-3.819056595607953e-16,1.4860648671336063e-16,-0.0,453,544000000,12.59,0,2,3
0.2320650000000006,0.0,5.0,1.6199999999998531,0.12000000000196966,4.5743296624680445,0.009601687313541218,-9.021674427476786e-17,-3.84687308819953e-17,-0.9999539027378876,-3.041444271232391e-18,-1.283920898932664e-18,-0.016713375844634726,-3.019664508272882e-16,1.7508799418517987e-16,-0.0,453,694000000,12.68,0,2,3
0.2320650000000006,0.0,5.0,1.6199999999998531,0.12000000000196966,4.572324057365901,0.009601687313541218,-7.873305154526908e-17,-4.072854942155462e-17,-0.9999539027378876,-2.6545883426622536e-18,-1.3169672150665877e-18,-0.016713375856536317,2.2292459466316827e-16,1.403579088534066e-16,0.0,453,839000000,12.78,0,2,3
0.28500000000000064,0.0,5.0,1.6199999999998531,0.12000000000196966,4.568981382192661,0.009601687313541218,-6.699670089908638e-17,-3.6843729282287654e-17,-0.9999539027378876,-2.2638613895637075e-18,-1.2289640760037132e-18,-0.01671337587447752,-1.705614906210535e-16,1.6689243343261167e-16,-0.0,453,971000000,12.85,0,2,3
0.28500000000000064,0.0,5.0,1.6199999999998531,0.12000000000196966,4.5673100446047625,0.009601687313541218,-5.829350077238663e-17,-4.290847091187933e-17,-0.9999539027378876,-1.9754744951120477e-18,-1.4031661451969798e-18,-0.016713375882559944,5.976156005318867e-17,1.8110211810373235e-16,0.0,454,165000000,12.98,0,2,3
0.3430350000000007,0.0,5.0,1.6199999999998531,0.12000000000196966,4.564301636944627,0.009601687313541218,-5.806032447744223e-17,-4.6597114653069214e-17,-0.9999539027378876,-1.9494344698736916e-18,-1.5485519523386199e-18,-0.016713375895704985,-1.640743883825349e-16,-8.851456623315476e-17,0.0,454,266000000,13.04,0,2,3
0.3430350000000007,0.0,5.0,1.6199999999998531,0.12000000000196966,4.561961764318523,0.009601687313541218,-6.829347507369363e-17,-4.782784616995629e-17,-0.9999539027378876,-2.29026988898019e-18,-1.571913805036825e-18,-0.016713375904853223,4.9415037771387507e-17,-1.030623357764972e-16,0.0,454,442000000,13.16,0,2,3
0.4060800000000008,0.0,5.0,1.6199999999998531,0.12000000000196966,4.559621891691199,0.009601687313541218,-7.361682631719668e-17,-4.2094956085693344e-17,-0.9999539027378876,-2.4745053588614687e-18,-1.3875477254971031e-18,-0.016713375913379735,-4.5489678508587396e-17,6.0102125641152955e-18,-0.0,454,582000000,13.26,0,2,3
0.4060800000000008,0.0,5.0,1.6199999999998531,0.12000000000196966,4.557282019062764,0.009601687313541218,-6.493958060298747e-17,-4.252631563439491e-17,-0.9999539027378876,-2.193629878891559e-18,-1.4215202971850508e-18,-0.016713375920751616,-2.4462946313200843e-16,1.2697039518225418e-16,-0.0,454,719000000,13.35,0,2,3
0.4740450000000009,0.0,5.0,1.6199999999998531,0.12000000000196966,4.554942146433321,0.009601687313541218,-5.282137153540487e-17,-7.480981972482798e-17,-0.9999539027378876,-1.804187386819123e-18,-2.4113925609442935e-18,-0.016713375927679408,9.286642482810733e-16,2.056780366737161e-16,0.0,454,877000000,13.46,0,2,3
0.4740450000000009,0.0,5.0,1.6199999999998531,0.12000000000196966,4.552602273802964,0.009601687313541218,-4.639711557408528e-17,-8.348118474833762e-17,-0.9999539027378876,-1.5793200623689939e-18,-2.7964030506462226e-18,-0.016713375933896657,-3.1736306202826585e-16,2.5159821123468714e-17,-0.0,455,10000000,13.56,0,2,3
0.4740450000000009,0.0,5.0,1.6199999999998531,0.12000000000196966,4.550262401171775,0.009601687313541218,-4.712645174823592e-17,-7.56546961193023e-17,-0.9999539027378876,-1.5978629851885227e-18,-2.5166983267218864e-18,-0.016713375939669817,-2.662369626482541e-17,-3.0191322652085245e-17,0.0,455,140000000,13.66,0,2,3
0.5468400000000009,0.0,5.0,1.6199999999998531,0.12000000000196966,4.547922528539833,0.009601687313541218,-4.6034113355669195e-17,-7.796822624913236e-17,-0.9999539027378876,-1.5664783397682175e-18,-2.5911469213101115e-18,-0.016713375944554798,-2.3647019945245997e-17,3.70098035010225e-17,-0.0,455,293000000,13.77,0,2,3
0.5468400000000009,0.0,5.0,1.6199999999998531,0.12000000000196966,4.545582655907203,0.009601687313541218,-3.5105173901170696e-17,-8.365298463122219e-17,-0.9999539027378876,-1.219207773430023e-18,-2.765214748556868e-18,-0.016713375949528597,3.6830967004120923e-16,2.5513876502639594e-16,0.0,455,429000000,13.88,0,2,3
0.624375000000001,0.0,5.0,1.6199999999998531,0.12000000000196966,4.5432427832739535,0.009601687313541218,-3.3938019427478764e-17,-8.965561062600195e-17,-0.9999539027378876,-1.156120859950654e-18,-2.9626638653426675e-18,-0.016713375953436582,2.735281283861443e-16,-9.406919649131286e-17,0.0,455,575000000,14.0,0,2,3
0.624375000000001,0.0,5.0,1.6199999999998531,0.12000000000196966,4.540234375601803,0.009601687313541218,-3.8609451314820356e-17,-9.546757528343064e-17,-0.9999539027378876,-1.3278848152107611e-18,-3.2341117284488636e-18,-0.016713375958765653,-6.74153874271458e-16,7.253746671917705e-17,-0.0,455,709000000,14.11,0,2,3
0.7065600000000011,0.0,5.0,1.6199999999998531,0.12000000000196966,4.53722596792883,0.009601687313541218,-3.4997762426893595e-17,-7.716812068818587e-17,-0.9999539027378876,-1.2065198722192555e-18,-2.536878862295874e-18,-0.016713375963206545,3.623871080694417e-16,1.6103659698661975e-16,0.0,455,879000000,14.27,0,2,3
0.7065600000000011,0.0,5.0,1.6199999999998531,0.12000000000196966,4.534217560255128,0.009601687313541218,-1.481118657546577e-17,-7.912749006420364e-17,-0.9999539027378876,-5.36548804737201e-19,-2.61227742837601e-18,-0.01671337596675926,2.61498241535892e-16,2.1924381552169195e-16,0.0,456,76000000,14.43,0,2,3
0.7933050000000011,0.0,5.0,1.6199999999998531,0.12000000000196966,4.531543420100184,0.009601687313541218,-8.352394117099883e-18,-8.771930035256282e-17,-0.9999539027378876,-3.042127181767052e-19,-2.9180329158443855e-18,-0.01671337596960143,5.018487004900746e-17,-2.593371874338336e-17,0.0,456,255000000,14.6,0,2,3
0.7933050000000011,0.0,5.0,1.6199999999998531,0.12000000000196966,4.529203547464226,0.009601687313541218,-8.544797330457279e-18,-1.0317564372094912e-16,-0.9999539027378876,-3.2458279763047485e-19,-3.4331125945850164e-18,-0.01671337597208833,2.8399782747389805e-16,6.785802262966846e-17,0.0,456,410000000,14.76,0,2,3
0.8845200000000012,0.0,5.0,1.6199999999998531,0.12000000000196966,4.527197942347441,0.009601687313541218,7.358082108678582e-19,-1.0265969303764259e-16,-0.9999539027378876,-2.5749650504625933e-20,-3.4164679228691216e-18,-0.016713375973864686,1.2150197846967427e-16,2.3827279273580523e-16,0.0,456,550000000,14.9,0,2,3
0.8845200000000012,0.0,5.0,1.6199999999998531,0.12000000000196966,4.526195139788967,0.009601687313541218,6.8956385771812105e-18,-1.0057873718070944e-16,-0.9999539027378876,1.869339247857751e-19,-3.384399490086485e-18,-0.016713375974752864,-2.860771449031056e-16,1.5075488155931398e-16,-0.0,456,668000000,15.03,0,2,3
0.8845200000000012,0.0,5.0,1.6199999999998531,0.12000000000196966,4.524189534671863,0.009601687313541218,1.663217414629076e-17,-8.55846692387384e-17,-0.9999539027378876,5.202629406976334e-19,-2.900598394017442e-18,-0.01671337597652922,-4.5468030674969e-16,1.021954634192387e-16,-0.0,456,731000000,15.09,0,2,3
0.9801150000000013,0.0,5.0,1.6199999999998531,0.12000000000196966,4.522183929554572,0.009601687313541218,1.9169282613728202e-17,-7.959105044157072e-17,-0.9999539027378876,6.178348304543435e-19,-2.6599999715843386e-18,-0.016713375978305578,9.94232360971617e-17,-2.050202944701074e-17,0.0,456,848000000,15.22,0,2,3
0.9801150000000013,0.0,5.0,1.6199999999998531,0.12000000000196966,4.520512591956696,0.009601687313541218,9.580526635980486e-18,-7.8915829255816e-17,-0.9999539027378876,3.080754340306982e-19,-2.6230979469766497e-18,-0.016713375979193756,1.4179471459504557e-16,-1.8683822532593605e-16,0.0,456,965000000,15.36,0,2,3
1.0800000000000012,0.0,5.0,1.6199999999998531,0.12000000000196966,4.518841254358711,0.009601687313541218,-2.90698776172018e-19,-8.019010645524996e-17,-0.9999539027378876,-3.39258232428974e-20,-2.6705580968024024e-18,-0.016713375980081935,1.7295745707005229e-16,-2.6612200393015483e-17,0.0,457,60000000,15.47,0,2,3
1.0800000000000012,0.0,5.0,1.6199999999998531,0.12000000000196966,4.516835649240981,0.009601687313541218,1.5092194127254709e-18,-6.440717406689986e-17,-0.9999539027378876,2.0523479154373368e-20,-2.1624970168178337e-18,-0.01671337598185829,-8.581854114786337e-17,1.2368249054161456e-16,-0.0,457,171000000,15.58,0,2,3
1.0800000000000012,0.0,5.0,1.6199999999998531,0.12000000000196966,4.515164311642768,0.009601687313541218,4.078512898580033e-18,-6.87451868257496e-17,-0.9999539027378876,1.0789267214959419e-19,-2.2657554379010414e-18,-0.01671337598274647,4.1497166946514384e-16,9.501570501581005e-17,0.0,457,280000000,15.72,0,2,3
1.1840850000000014,0.0,5.0,1.6199999999998531,0.12000000000196966,4.513158706524792,0.009601687313541218,8.055333933812702e-18,-6.328799268747155e-17,-0.9999539027378876,2.4312237284145064e-19,-2.126987736613001e-18,-0.01671337598363465,-1.290830167285366e-16,7.454524861581463e-17,-0.0,457,384000000,15.84,0,2,3
1.1840850000000014,0.0,5.0,1.6199999999998531,0.12000000000196966,4.511487368926388,0.009601687313541218,1.0127111835691844e-17,-6.713303855778584e-17,-0.9999539027378876,3.1441501826820495e-19,-2.2276426706922105e-18,-0.016713375984522827,2.8262239405550493e-16,4.083327075290356e-17,0.0,457,506000000,15.98,0,2,3
1.1840850000000014,0.0,5.0,1.6199999999998531,0.12000000000196966,4.5094817638082,0.009601687313541218,1.1764664517791836e-17,-6.47877277253262e-17,-0.9999539027378876,3.656524991349386e-19,-2.1630029832520262e-18,-0.016713375985411005,1.569645716541893e-17,8.775987766153435e-17,0.0,457,609000000,16.11,0,2,3
1.2922800000000014,0.0,5.0,1.6199999999998531,0.12000000000196966,4.507141891170184,0.009601687313541218,2.3639699014606134e-17,-6.068661531527923e-17,-0.9999539027378876,7.508249189985757e-19,-2.0317109132439698e-18,-0.016713375986299184,5.523495931149621e-17,2.5754533586622416e-16,0.0,457,722000000,16.26,0,2,3
1.2922800000000014,0.0,5.0,1.6199999999998531,0.12000000000196966,4.504133483492552,0.009601687313541218,4.847303796556206e-17,-6.843972244724479e-17,-0.9999539027378876,1.5879621960651018e-18,-2.2684477887987057e-18,-0.016713375987187362,3.985999427604324e-16,1.449812604038613e-16,0.0,457,863000000,16.45,0,2,3
1.2922800000000014,0.0,5.0,1.6199999999998531,0.12000000000196966,4.501459343334496,0.009601687313541218,4.756816431865227e-17,-8.636634637880834e-17,-0.9999539027378876,1.5703230884545365e-18,-2.8647602155045086e-18,-0.01671337598807554,4.1620340731319036e-16,-9.962459673829897e-17,0.0,458,44000000,16.7,0,2,3
1.4044950000000016,0.0,5.0,1.6199999999998531,0.12000000000196966,4.499119470696083,0.009601687313541218,4.0630836345266655e-17,-6.716541633132044e-17,-0.9999539027378876,1.3252336571387441e-18,-2.299152095032506e-18,-0.01671337598896372,-5.630929966546662e-16,1.4996959635231706e-16,-0.0,458,199000000,16.93,0,2,3
1.4044950000000016,0.0,5.0,1.6199999999998531,0.12000000000196966,4.497113865577388,0.009601687313541218,5.000156889346256e-17,-5.167419128847112e-17,-0.9999539027378876,1.6444093942873889e-18,-1.7627834115072738e-18,-0.016713375989851897,-3.0554872836842013e-16,1.4538696729115927e-16,-0.0,458,342000000,17.14,0,2,3
1.5206400000000015,0.0,5.0,1.6199999999998531,0.12000000000196966,4.494439725419012,0.009601687313541218,6.312973930048592e-17,-4.131047366250034e-17,-0.9999539027378876,2.089221556592117e-18,-1.4140765429472728e-18,-0.016713375989851897,-1.77715787371252e-16,1.0112664460894818e-16,-0.0,458,475000000,17.33,0,2,3
1.5206400000000015,0.0,5.0,1.6199999999998531,0.12000000000196966,4.492434120300155,0.009601687313541218,7.518958159927954e-17,-3.2843450614812344e-17,-0.9999539027378876,2.489275665653349e-18,-1.1259164472795301e-18,-0.016713375990740076,-5.93363666808959e-17,1.7922803444347748e-16,-0.0,458,627000000,17.59,0,2,3
1.6406250000000018,0.0,5.0,1.6199999999998531,0.12000000000196966,4.490428515181266,0.009601687313541218,8.073764153593291e-17,-3.3644140892837946e-17,-0.9999539027378876,2.6799111954408477e-18,-1.1599107641640966e-18,-0.016713375990740076,-5.86486515468968e-17,1.0950661623179713e-16,-0.0,458,744000000,17.79,0,2,3
1.6406250000000018,0.0,5.0,1.6199999999998531,0.12000000000196966,4.48875717758215,0.009601687313541218,9.101951897378714e-17,-3.4011342151177247e-17,-0.9999539027378876,3.011471073355372e-18,-1.178333867817548e-18,-0.016713375991628254,-5.617492652563666e-17,2.497186007316266e-16,-0.0,458,868000000,18.0,0,2,3
1.6406250000000018,0.0,5.0,1.6199999999998531,0.12000000000196966,4.486751572463155,0.009601687313541218,1.1684579720570315e-16,-5.02607922583242e-17,-0.9999539027378876,3.857367811750293e-18,-1.707666635877417e-18,-0.016713375991628254,1.567602181378865e-16,4.325565625206803e-16,0.0,458,961000000,18.18,0,2,3
1.7643600000000017,0.0,5.0,1.6199999999998531,0.12000000000196966,4.48474596734416,0.009601687313541218,1.3559037631509003e-16,-5.15648775875673e-17,-0.9999539027378876,4.500878953275861e-18,-1.7634210674088892e-18,-0.016713375991628254,2.1731928321447673e-17,1.9715130511562435e-16,0.0,459,86000000,18.39,0,2,3
1.7643600000000017,0.0,5.0,1.6199999999998531,0.12000000000196966,4.48307462974493,0.009601687313541218,1.4438688358303486e-16,-6.522827687066561e-17,-0.9999539027378876,4.796696853182803e-18,-2.230624705564759e-18,-0.016713375992516433,2.8967400570306035e-18,1.1613775032512425e-16,0.0,459,208000000,18.61,0,2,3
1.8917550000000016,0.0,5.0,1.6199999999998531,0.12000000000196966,4.481069024625828,0.009601687313541218,1.5174531015877202e-16,-1.1542271940338885e-16,-0.9999539027378876,5.029914555529077e-18,-3.8363588522385215e-18,-0.016713375992516433,1.0996898163063374e-15,5.5325717261343973e-17,0.0,459,298000000,18.79,0,2,3
1.8917550000000016,0.0,5.0,1.6199999999998531,0.12000000000196966,4.479397687026577,0.009601687313541218,1.6311345355818117e-16,-1.5214647649489623e-16,-0.9999539027378876,5.374293235458871e-18,-5.084715128956638e-18,-0.016713375992516433,6.757389694600204e-16,3.7575087228660847e-16,0.0,459,420000000,19.02,0,2,3
1.8917550000000016,0.0,5.0,1.6199999999998531,0.12000000000196966,4.47739208190746,0.009601687313541218,1.9804171884600777e-16,-1.722605587929777e-16,-0.9999539027378876,6.5222961594702904e-18,-5.8280345954840786e-18,-0.01671337599340461,-2.2547607310700577e-16,5.839200706500137e-16,-0.0,459,528000000,19.21,0,2,3
2.0227200000000014,0.0,5.0,1.6199999999998531,0.12000000000196966,4.475386476788252,0.009601687313541218,2.370203500009402e-16,-1.9043130551037243e-16,-0.9999539027378876,7.816634080083524e-18,-6.426721746131953e-18,-0.01671337599340461,2.4014827177866764e-16,5.904367132530407e-16,0.0,459,646000000,19.44,0,2,3
2.0227200000000014,0.0,5.0,1.6199999999998531,0.12000000000196966,4.473715139188911,0.009601687313541218,2.701717130351333e-16,-1.9104714356013527e-16,-0.9999539027378876,8.92143637147726e-18,-6.444685945683349e-18,-0.01671337599340461,2.710030825028199e-16,6.327538051456663e-16,0.0,459,765000000,19.67,0,2,3
2.0227200000000014,0.0,5.0,1.6199999999998531,0.12000000000196966,4.471709534069703,0.009601687313541218,3.0424969230196995e-16,-1.9915598914791224e-16,-0.9999539027378876,1.007062315821238e-17,-6.765309154831368e-18,-0.01671337599340461,-1.0149229398261356e-16,4.661717169541875e-16,-0.0,459,865000000,19.88,0,2,3
2.1571650000000018,0.0,5.0,1.6199999999998531,0.12000000000196966,4.46870112639089,0.009601687313541218,3.4539403476320623e-16,-2.4593660757341394e-16,-0.9999539027378876,1.1425304016803056e-17,-8.341728979064527e-18,-0.01671337599340461,-6.499205409532161e-17,5.409936568386662e-16,-0.0,459,978000000,20.13,0,2,3
2.1571650000000018,0.0,5.0,1.6199999999998531,0.12000000000196966,4.466026986231816,0.009601687313541218,3.970009924566217e-16,-2.3658408950103507e-16,-0.9999539027378876,1.3145381452654558e-17,-8.030324233252963e-18,-0.01671337599429279,1.3397230862307294e-17,6.409885432399965e-16,0.0,460,164000000,20.53,0,2,3
2.2950000000000026,0.0,5.0,1.6199999999998531,0.12000000000196966,4.463352846072729,0.009601687313541218,4.546660425682071e-16,-2.44476654748046e-16,-0.9999539027378876,1.5066282943999552e-17,-8.316763548886594e-18,-0.01671337599429279,1.525723363055865e-16,6.882094461471721e-16,0.0,460,318000000,20.9,0,2,3
2.2950000000000026,0.0,5.0,1.6199999999998531,0.12000000000196966,4.461347240953414,0.009601687313541218,4.791378596700747e-16,-2.333305941884314e-16,-0.9999539027378876,1.591994643259317e-17,-7.967034313315253e-18,-0.01671337599429279,-1.6296582919836618e-16,2.747017622891552e-16,-0.0,460,493000000,21.31,0,2,3
2.2950000000000026,0.0,5.0,1.6199999999998531,0.12000000000196966,4.459007368314213,0.009601687313541218,4.909765096320562e-16,-2.2784864003417867e-16,-0.9999539027378876,1.6325522186111984e-17,-7.7562893983458e-18,-0.01671337599429279,1.8226727437481688e-16,1.592024687348906e-16,0.0,460,611000000,21.62,0,2,3
2.4361350000000024,0.0,5.0,1.6199999999998531,0.12000000000196966,4.457336030714783,0.009601687313541218,5.030211438076556e-16,-2.355994326242461e-16,-0.9999539027378876,1.6723690459181513e-17,-8.046679624465306e-18,-0.01671337599429279,-1.8793913575515743e-16,1.9588808529045194e-16,-0.0,460,751000000,22.0,0,2,3
2.4361350000000024,0.0,5.0,1.6199999999998531,0.12000000000196966,4.454327623035811,0.009601687313541218,5.217827967933522e-16,-2.241904150696594e-16,-0.9999539027378876,1.73462104339184e-17,-7.668027721666566e-18,-0.01671337599429279,1.7492729625661554e-17,2.819314707693547e-16,0.0,460,843000000,22.29,0,2,3
2.5804800000000023,0.0,5.0,1.6199999999998531,0.12000000000196966,4.452322017916435,0.009601687313541218,5.351046836047207e-16,-2.1089144998187685e-16,-0.9999539027378876,1.7806730746813232e-17,-7.215475331399488e-18,-0.016713375995180968,4.643836048245581e-17,1.601045492594406e-16,0.0,461,30000000,22.81,0,2,3
2.5804800000000023,0.0,5.0,1.6199999999998531,0.12000000000196966,4.449647877757206,0.009601687313541218,5.498171526595427e-16,-1.9881670998707803e-16,-0.9999539027378876,1.8297223082489654e-17,-6.817372717697153e-18,-0.016713375995180968,4.2599470674235904e-17,2.183194528193913e-16,0.0,461,149000000,23.18,0,2,3
2.727945000000002,0.0,5.0,1.6199999999998531,0.12000000000196966,4.447308005117881,0.009601687313541218,5.524484582456927e-16,-1.8576777139450255e-16,-0.9999539027378876,1.840583448301959e-17,-6.374855013144243e-18,-0.016713375995180968,1.4186656396046504e-16,1.0091087638420963e-17,0.0,461,304000000,23.67,0,2,3
2.727945000000002,0.0,5.0,1.6199999999998531,0.12000000000196966,4.445970935038266,0.009601687313541218,5.531351048082804e-16,-1.7292159232350126e-16,-0.9999539027378876,1.843030323450562e-17,-5.9819437674908416e-18,-0.016713375995180968,-3.655749791090424e-16,3.5756573012657667e-17,-0.0,461,441000000,24.12,0,2,3
2.878440000000002,0.0,5.0,1.6199999999998531,0.12000000000196966,4.443631062398941,0.009601687313541218,5.459490354162983e-16,-1.6441279553745494e-16,-0.9999539027378876,1.8212989590904548e-17,-5.622403805439612e-18,-0.016713375995180968,6.265519254452311e-16,-2.22745464925085e-16,0.0,461,537000000,24.44,0,2,3
2.878440000000002,0.0,5.0,1.6199999999998531,0.12000000000196966,4.441959724799423,0.009601687313541218,5.365421396484452e-16,-1.65065489515119e-16,-0.9999539027378876,1.7888551602746295e-17,-5.703156885979495e-18,-0.016713375995180968,-2.4355170237004924e-16,-1.081290451492878e-16,0.0,461,667000000,24.84,0,2,3
2.878440000000002,0.0,5.0,1.6199999999998531,0.12000000000196966,4.439954119680001,0.009601687313541218,5.286583688468585e-16,-1.662999696297315e-16,-0.9999539027378876,1.7616867867945092e-17,-5.73146765485116e-18,-0.016713375995180968,-6.719890314560119e-17,-8.473013851345323e-18,0.0,461,769000000,25.18,0,2,3
3.0318750000000025,0.0,5.0,1.6199999999998531,0.12000000000196966,4.4379485145605795,0.009601687313541218,5.379572224861886e-16,-1.536539360550564e-16,-0.9999539027378876,1.7917542504541533e-17,-5.314833812327073e-18,-0.016713375995180968,-6.422222617978692e-17,1.785664592669667e-16,-0.0,461,882000000,25.58,0,2,3
3.0318750000000025,0.0,5.0,1.6199999999998531,0.12000000000196966,4.436277176961061,0.009601687313541218,5.487707885174974e-16,-1.4542494215335556e-16,-0.9999539027378876,1.8274665000758567e-17,-5.047380969373798e-18,-0.016713375995180968,-1.5325570235980052e-16,2.8076198730969075e-16,-0.0,461,998000000,25.99,0,2,3
3.0318750000000025,0.0,5.0,1.6199999999998531,0.12000000000196966,4.434605839361543,0.009601687313541218,5.528166841950736e-16,-1.333209115596499e-16,-0.9999539027378876,1.8459595177697505e-17,-4.638015439132748e-18,-0.016713375995180968,-9.956258299162e-17,-3.1997110831689204e-16,0.0,462,98000000,26.34,0,2,3
3.188160000000002,0.0,5.0,1.6199999999998531,0.12000000000196966,4.431597431682411,0.009601687313541218,5.421249879778471e-16,-1.5511474802610973e-16,-0.9999539027378876,1.807054889562012e-17,-5.3442564411807234e-18,-0.016713375995180968,1.336037109644469e-16,-5.3341747099576054e-18,0.0,462,216000000,26.77,0,2,3
3.188160000000002,0.0,5.0,1.6199999999998531,0.12000000000196966,4.429591826562989,0.009601687313541218,5.451309523695371e-16,-1.587992845158569e-16,-0.9999539027378876,1.8166050691436377e-17,-5.459030564650078e-18,-0.016713375995180968,2.6071814931061955e-16,8.09089868422215e-17,0.0,462,385000000,27.37,0,2,3
3.188160000000002,0.0,5.0,1.6199999999998531,0.12000000000196966,4.427251953923664,0.009601687313541218,5.436370625412876e-16,-1.5058129526461172e-16,-0.9999539027378876,1.8121645014453616e-17,-5.22345971290287e-18,-0.016713375995180968,-2.660204910975361e-16,1.6138251846618285e-17,-0.0,462,506000000,27.83,0,2,3
3.347205000000003,0.0,5.0,1.6199999999998531,0.12000000000196966,4.425246348804242,0.009601687313541218,5.530238816414486e-16,-1.4793456711745562e-16,-0.9999539027378876,1.842086498347084e-17,-5.13859410836253e-18,-0.016713375995180968,-2.1036686663784808e-16,2.1406799650246163e-16,-0.0,462,649000000,28.4,0,2,3
3.347205000000003,0.0,5.0,1.6199999999998531,0.12000000000196966,4.422572208645013,0.009601687313541218,5.460190703735173e-16,-1.4617921609929097e-16,-0.9999539027378876,1.8213784305798792e-17,-5.0288036641339694e-18,-0.016713375995180968,3.435929732473459e-16,-1.389411513818473e-16,0.0,462,768000000,28.9,0,2,3
3.5089200000000025,0.0,5.0,1.6199999999998531,0.12000000000196966,4.420566603525591,0.009601687313541218,5.437769135366332e-16,-1.4448227845439707e-16,-0.9999539027378876,1.81260473137219e-17,-5.022817402992905e-18,-0.016713375995180968,-2.3796786245806907e-16,3.336152744832521e-17,-0.0,462,921000000,29.61,0,2,3
3.5089200000000025,0.0,5.0,1.6199999999998531,0.12000000000196966,4.418226730886266,0.009601687313541218,5.540363325719815e-16,-1.4085059244832626e-16,-0.9999539027378876,1.8486227170125398e-17,-4.911379151475959e-18,-0.016713375995180968,-2.483451771844074e-16,-1.7159737471826735e-16,0.0,463,50000000,30.16,0,2,3
3.6732150000000026,0.0,5.0,1.6199999999998531,0.12000000000196966,4.415552590727037,0.009601687313541218,5.531844546974849e-16,-1.2095446897515888e-16,-0.9999539027378876,1.8438548429493287e-17,-4.253761068800246e-18,-0.016713375995180968,-4.403409330832181e-16,1.6019291282837658e-16,-0.0,463,189000000,30.83,0,2,3
3.6732150000000026,0.0,5.0,1.6199999999998531,0.12000000000196966,4.413881253127519,0.009601687313541218,5.514495968498252e-16,-1.2253827296104493e-16,-0.9999539027378876,1.8391521296886816e-17,-4.249082170857843e-18,-0.016713375995180968,2.315672225655473e-16,-1.2033695273803016e-17,0.0,463,340000000,31.63,0,2,3
3.6732150000000026,0.0,5.0,1.6199999999998531,0.12000000000196966,4.412878450567808,0.009601687313541218,5.514719480089672e-16,-1.2181203727723626e-16,-0.9999539027378876,1.8392331188518462e-17,-4.22879067381089e-18,-0.016713375995180968,1.8465888100037614e-16,8.61733182663525e-18,0.0,463,449000000,32.15,0,2,3
3.8400000000000025,0.0,5.0,1.6199999999998531,0.12000000000196966,4.4115413804881936,0.009601687313541218,5.511332805664543e-16,-1.1553840133774516e-16,-0.9999539027378876,1.8392447215884665e-17,-4.039041309033228e-18,-0.016713375995180968,-1.1798719741249825e-16,-9.956927224936853e-17,0.0,463,511000000,32.47,0,2,3
3.8400000000000025,0.0,5.0,1.6199999999998531,0.12000000000196966,4.410538577928483,0.009601687313541218,5.50106412341353e-16,-1.0245423880056553e-16,-0.9999539027378876,1.8357537654698795e-17,-3.6505583171802826e-18,-0.016713375995180968,-6.170427191618674e-16,-4.3923071452950414e-17,0.0,463,592000000,32.9,0,2,3
4.009185000000003,0.0,5.0,1.6199999999998531,0.12000000000196966,4.408532972809061,0.009601687313541218,5.535863656708622e-16,-9.278233351299229e-17,-0.9999539027378876,1.845947448472125e-17,-3.2875877699635415e-18,-0.016713375995180968,-8.977033491540316e-17,1.806641388940826e-16,-0.0,463,646000000,33.23,0,2,3
4.009185000000003,0.0,5.0,1.6199999999998531,0.12000000000196966,4.406527367689628,0.009601687313541218,5.535832037748144e-16,-9.576813790816705e-17,-0.9999539027378876,1.8464448511105815e-17,-3.3842083358622605e-18,-0.016713375996069146,-1.3693529074142933e-16,1.1198925731494211e-16,-0.0,463,763000000,33.9,0,2,3
4.180680000000002,0.0,5.0,1.6199999999998531,0.12000000000196966,4.404187495050178,0.009601687313541218,5.526162554771441e-16,-1.1344240943856933e-16,-0.9999539027378876,1.8421552299589662e-17,-3.910800073166381e-18,-0.016713375996069146,6.485485475237279e-16,1.4972986066998844e-16,0.0,463,891000000,34.59,0,2,3
4.180680000000002,0.0,5.0,1.6199999999998531,0.12000000000196966,4.402516157450571,0.009601687313541218,5.498121015911268e-16,-1.3288500535256655e-16,-0.9999539027378876,1.8342897384101312e-17,-4.6125638926508646e-18,-0.016713375996069146,7.49220907165591e-17,-1.0834111939494477e-16,0.0,464,21000000,35.42,0,2,3
4.180680000000002,0.0,5.0,1.6199999999998531,0.12000000000196966,4.400510552331043,0.009601687313541218,5.520096182011048e-16,-1.4338333160913856e-16,-0.9999539027378876,1.8390963213984555e-17,-4.9421708132694825e-18,-0.016713375996069146,4.0428642690070115e-16,1.8413645569747267e-16,0.0,464,125000000,36.03,0,2,3
4.354395000000002,0.0,5.0,1.6199999999998531,0.12000000000196966,4.397836412171672,0.009601687313541218,5.487629760430059e-16,-1.358243652652459e-16,-0.9999539027378876,1.829923988934504e-17,-4.742722699183794e-18,-0.016713375996069146,-2.129124439275358e-16,-2.2136377352992873e-17,0.0,464,249000000,36.79,0,2,3
4.354395000000002,0.0,5.0,1.6199999999998531,0.12000000000196966,4.3958308070521435,0.009601687313541218,5.542569334167915e-16,-1.3028839655371558e-16,-0.9999539027378876,1.8490547081820544e-17,-4.5353010656765464e-18,-0.016713375996069146,-9.071560167391238e-18,-6.923817396638933e-17,0.0,464,400000000,37.83,0,2,3
4.530240000000003,0.0,5.0,1.6199999999998531,0.12000000000196966,4.393825201932615,0.009601687313541218,5.51721170613159e-16,-1.368791665571797e-16,-0.9999539027378876,1.839970670815122e-17,-4.743289494005077e-18,-0.016713375996069146,4.9497154834229e-17,-3.5319501318690695e-17,0.0,464,523000000,38.63,0,2,3
4.530240000000003,0.0,5.0,1.6199999999998531,0.12000000000196966,4.391819596813087,0.009601687313541218,5.539848823759839e-16,-1.5119190301072945e-16,-0.9999539027378876,1.8468185233528288e-17,-5.204995074397788e-18,-0.016713375996069146,3.4564585749000036e-16,2.7529509946760532e-17,0.0,464,641000000,39.46,0,2,3
4.530240000000003,0.0,5.0,1.6199999999998531,0.12000000000196966,4.389479724173637,0.009601687313541218,5.46912240659497e-16,-1.670863106242849e-16,-0.9999539027378876,1.822700127215226e-17,-5.7307307626642735e-18,-0.016713375996069146,3.035720466856687e-16,9.016890072029375e-18,0.0,464,758000000,40.31,0,2,3
4.708125000000003,0.0,5.0,1.6199999999998531,0.12000000000196966,4.386805584014266,0.009601687313541218,5.537810996795772e-16,-1.6541330533005191e-16,-0.9999539027378876,1.8469816983622865e-17,-5.721719592108789e-18,-0.016713375996069146,-3.2575934568914505e-16,-1.3758879896826317e-16,0.0,464,910000000,41.34,0,2,3
4.708125000000003,0.0,5.0,1.6199999999998531,0.12000000000196966,4.384465711374816,0.009601687313541218,5.527250084241495e-16,-1.4526834991537553e-16,-0.9999539027378876,1.8418499195608122e-17,-5.0241814479843966e-18,-0.016713375996069146,7.37006285479448e-17,1.296197745511397e-16,0.0,465,73000000,42.56,0,2,3
4.887960000000002,0.0,5.0,1.6199999999998531,0.12000000000196966,4.381791571215445,0.009601687313541218,5.4946251045045e-16,-1.524365611282764e-16,-0.9999539027378876,1.8316904237259207e-17,-5.280451982943018e-18,-0.016713375996069146,-1.1118189440294118e-16,1.1716983468256821e-17,-0.0,465,212000000,43.67,0,2,3
4.887960000000002,0.0,5.0,1.6199999999998531,0.12000000000196966,4.379451698575996,0.009601687313541218,5.513641414527627e-16,-1.6137097012136797e-16,-0.9999539027378876,1.837575331073203e-17,-5.533676725921386e-18,-0.016713375996069146,3.4155036240210683e-16,3.166878193279146e-17,0.0,465,371000000,45.0,0,2,3
5.069655000000004,0.0,5.0,1.6199999999998531,0.12000000000196966,4.377111825936546,0.009601687313541218,5.497662003586676e-16,-1.7218630183694788e-16,-0.9999539027378876,1.8332767370400496e-17,-5.909181812330112e-18,-0.016713375996069146,2.3306583133586457e-16,-1.5256225568810586e-16,0.0,465,513000000,46.22,0,2,3
5.069655000000004,0.0,5.0,1.6199999999998531,0.12000000000196966,4.374771953297096,0.009601687313541218,5.447425442769166e-16,-1.5998663559087018e-16,-0.9999539027378876,1.8154168724804227e-17,-5.530602050158153e-18,-0.016713375996069146,-1.4628616754696696e-16,4.402820206983807e-17,-0.0,465,642000000,47.49,0,2,3
5.253120000000004,0.0,5.0,1.6199999999998531,0.12000000000196966,4.371763545617804,0.009601687313541218,5.498877354412353e-16,-1.8316120761793678e-16,-0.9999539027378876,1.832665744112207e-17,-6.3396682659689036e-18,-0.016713375996069146,-4.424861961135124e-16,-8.971862099566203e-17,0.0,465,786000000,48.82,0,2,3
5.253120000000004,0.0,5.0,1.6199999999998531,0.12000000000196966,4.3687551379385114,0.009601687313541218,5.521430942826414e-16,-1.556194977136764e-16,-0.9999539027378876,1.838232715063183e-17,-5.396689280094258e-18,-0.016713375996069146,-3.842459454454593e-16,2.836949009281047e-16,-0.0,465,958000000,50.64,0,2,3
5.438265000000004,0.0,5.0,1.6199999999998531,0.12000000000196966,4.365746730259219,0.009601687313541218,5.517815160132693e-16,-1.3368634422973634e-16,-0.9999539027378876,1.839098628096193e-17,-4.656421848708233e-18,-0.016713375996069146,-1.2880588117341065e-16,1.079314342858883e-16,-0.0,466,149000000,52.56,0,2,3
5.438265000000004,0.0,5.0,1.6199999999998531,0.12000000000196966,4.363072590099848,0.009601687313541218,5.509392218224649e-16,-1.262687857482375e-16,-0.9999539027378876,1.8376420940613557e-17,-4.37448045754359e-18,-0.016713375996069146,2.8942769296550965e-16,-3.66772320016487e-17,0.0,466,328000000,54.61,0,2,3
5.6250000000000036,0.0,5.0,1.6199999999998531,0.12000000000196966,4.360398449940477,0.009601687313541218,5.509289558625366e-16,-1.4739295258888328e-16,-0.9999539027378876,1.8373199739442094e-17,-5.098359630873177e-18,-0.016713375996069146,6.7552246430509e-17,-8.725749436326167e-17,0.0,466,493000000,56.53,0,2,3
5.6250000000000036,0.0,5.0,1.6199999999998531,0.12000000000196966,4.354715902101813,0.009601687313541218,5.541238061598783e-16,-1.2606758438296778e-16,-0.9999539027378876,1.8469621030753764e-17,-4.3810325875127224e-18,-0.016713375996069146,4.317427784576157e-17,1.6227907267299297e-16,0.0,466,638000000,58.55,0,2,3
5.813235000000003,0.0,5.0,1.6199999999998531,0.12000000000196966,4.350704691862757,0.009601687313541218,5.531775615193994e-16,-1.234839712631464e-16,-0.9999539027378876,1.8446629796528628e-17,-4.2826389126437236e-18,-0.016713375996069146,2.896843011936298e-16,5.138929898149494e-17,0.0,466,987000000,63.19,0,2,3
6.002880000000004,0.0,5.0,1.6199999999998531,0.12000000000196966,4.346024946583857,0.009601687313541218,5.505748898047255e-16,-1.0439677670015708e-16,-0.9999539027378876,1.8362799078872884e-17,-3.653924314121552e-18,-0.016713375996069146,1.2158409310913507e-16,9.721250866840851e-17,0.0,467,230000000,66.73,0,2,3
6.193845000000003,0.0,5.0,1.6199999999998531,0.12000000000196966,4.339673863705351,0.009601687313541218,5.516226890754042e-16,-1.267690359004221e-16,-0.9999539027378876,1.8385590851255945e-17,-4.383755115118686e-18,-0.016713375996069146,3.43839315065465e-16,1.6214306608571335e-16,0.0,467,516000000,71.11,0,2,3
6.386040000000003,0.0,5.0,1.6199999999998531,0.12000000000196966,4.333322780826845,0.009601687313541218,5.496871949825729e-16,-9.37488713696028e-17,-0.9999539027378876,1.8340104016449215e-17,-3.3099852897675413e-18,-0.016713375996069146,-7.522566961624228e-17,3.421212623872208e-17,-0.0,467,893000000,77.44,0,2,3
6.579375000000004,0.0,5.0,1.6199999999998531,0.12000000000196966,4.326637430428417,0.009601687313541218,5.531796628245081e-16,-9.767842650454942e-17,-0.9999539027378876,1.846644349936018e-17,-3.4635127688412806e-18,-0.016713375996069146,-2.4873522709367337e-16,-1.1175273406607052e-16,0.0,468,274000000,84.04,0,2,3
6.773760000000003,0.0,5.0,1.6199999999998531,0.12000000000196966,4.322960487709282,0.009601687313541218,5.450105773709471e-16,-1.1407919185116804e-16,-0.9999539027378876,1.8191179781530737e-17,-3.960913400159708e-18,-0.016713375996069146,4.790523692426495e-16,-1.619126898227688e-16,0.0,468,657000000,90.86,0,2,3
6.969105000000003,0.0,5.0,1.6199999999998531,0.12000000000196966,4.3172779398706185,0.009601687313541218,5.529610258697051e-16,-1.0827752124609682e-16,-0.9999539027378876,1.8439971196229333e-17,-3.797629871989433e-18,-0.016713375996069146,4.76486115062977e-18,1.1360900490882195e-16,0.0,468,888000000,94.43,0,2,3
7.165320000000004,0.0,5.0,1.6199999999998531,0.12000000000196966,4.312598194591719,0.009601687313541218,5.428646104848701e-16,-8.880482814518547e-17,-0.9999539027378876,1.8133669483793444e-17,-3.1503354067267314e-18,-0.016713375996069146,-1.2823107223483655e-16,-2.291706782210307e-16,0.0,469,233000000,99.6,0,2,3
7.362315000000003,0.0,5.0,1.6199999999998531,0.12000000000196966,4.306581379233134,0.009601687313541218,5.054493357518259e-16,-5.628242731496824e-17,-0.9999539027378876,1.6885444852552568e-17,-2.0732900800441948e-18,-0.016713375996069146,-4.771388394069335e-16,-1.1918144863071835e-16,0.0,469,515000000,103.53,0,2,3
7.560000000000004,0.0,5.0,1.6199999999998531,0.12000000000196966,4.301233098914392,0.009601687313541218,4.880561478115012e-16,-1.3355659700351704e-17,-0.9999539027378876,1.6310621208674874e-17,-6.411570731691111e-19,-0.016713375996069146,-4.444056385134623e-16,-2.5451943955369972e-17,0.0,469,869000000,108.14,0,2,3
7.758285000000004,0.0,5.0,1.6199999999998531,0.12000000000196966,4.296553353635493,0.009601687313541218,4.759322793338612e-16,1.33925601029809e-17,-0.9999539027378876,1.5922686513624963e-17,2.7821036279535597e-19,-0.016713375996069146,-3.5641912596566804e-16,-1.3355863866835072e-16,0.0,470,188000000,111.85,0,2,3
7.758285000000004,0.0,5.0,1.6199999999998531,0.12000000000196966,4.292207875876515,0.009601687313541218,4.792920063298945e-16,1.446277901618251e-17,-0.9999539027378876,1.6019840470642167e-17,3.4013407689504304e-19,-0.016713375996069146,3.8237099292244385e-17,8.087287204782014e-17,0.0,470,472000000,114.81,0,2,3
7.957080000000003,0.0,5.0,1.6199999999998531,0.12000000000196966,4.287193863077694,0.009601687313541218,4.755773687512436e-16,3.87436720709189e-17,-0.9999539027378876,1.5920723468825606e-17,1.0936749940830726e-18,-0.016713375996069146,-6.461217934769534e-16,-1.569888985190166e-16,0.0,470,726000000,117.34,0,2,3
8.156295000000004,0.0,5.0,1.6199999999998531,0.12000000000196966,4.281177047719109,0.009601687313541218,4.716560992310577e-16,4.809563315247093e-17,-0.9999539027378876,1.579011646365561e-17,1.50683216129234e-18,-0.016713375996069146,5.858124841156549e-16,-1.1308587585616295e-16,0.0,471,35000000,120.02,0,2,3
8.355840000000004,0.0,5.0,1.6199999999998531,0.12000000000196966,4.275828767400367,0.009601687313541218,4.2802712537589055e-16,3.946034265693201e-17,-0.9999539027378876,1.4332351567616076e-17,1.1882121030264694e-18,-0.016713375996069146,-4.917460472087254e-17,-1.8123518561489799e-16,0.0,471,379000000,122.91,0,2,3
8.555625000000004,0.0,5.0,1.6199999999998531,0.12000000000196966,4.271483289641389,0.009601687313541218,4.0903241189808446e-16,4.050730004103044e-17,-0.9999539027378876,1.3699301697110612e-17,1.2395448264588556e-18,-0.016713375996069146,1.2707555261788826e-16,-1.8089248727205668e-16,0.0,471,708000000,125.23,0,2,3
8.755560000000003,0.0,5.0,1.6199999999998531,0.12000000000196966,4.265132206762883,0.009601687313541218,4.005295147809147e-16,4.975016661811794e-17,-0.9999539027378876,1.3399591296480217e-17,1.5421745272314113e-18,-0.016713375996069146,1.8644488634379836e-16,4.781555489082487e-17,0.0,471,961000000,126.95,0,2,3
8.955555000000006,0.0,5.0,1.6199999999998531,0.12000000000196966,4.260118193964062,0.009601687313541218,3.8558502548694927e-16,2.6184140073981405e-17,-0.9999539027378876,1.290393798949704e-17,7.423784384331915e-19,-0.016713375996069146,-1.0842076670973468e-16,-1.1315041920839681e-16,0.0,472,354000000,129.23,0,2,3
9.155520000000006,0.0,5.0,1.6199999999998531,0.12000000000196966,4.2571097862847695,0.009601687313541218,3.8691899758244027e-16,3.449016134791506e-17,-0.9999539027378876,1.2943149672307376e-17,9.960971035891888e-19,-0.016713375996069146,-3.623006360299221e-16,2.2863896595782613e-17,-0.0,472,648000000,130.86,0,2,3
9.355365000000004,0.0,5.0,1.6199999999998531,0.12000000000196966,4.253767111085556,0.009601687313541218,3.9739404726356517e-16,2.2166375911086728e-17,-0.9999539027378876,1.3280881202859652e-17,6.022997200127936e-19,-0.016713375996069146,-1.808772272437835e-16,1.1463786831058674e-16,-0.0,472,836000000,131.88,0,2,3
9.355365000000004,0.0,5.0,1.6199999999998531,0.12000000000196966,4.250758703406263,0.009601687313541218,3.936437608549899e-16,2.030043078951968e-18,-0.9999539027378876,1.3174215650835225e-17,-7.628455067983554e-20,-0.016713375996069146,-2.949558515053615e-16,-2.0917431328053666e-16,0.0,473,32000000,132.74,0,2,3
9.555000000000007,0.0,5.0,1.6199999999998531,0.12000000000196966,4.246413225647285,0.009601687313541218,3.9489507249451906e-16,1.1380302441648619e-17,-0.9999539027378876,1.3189586910263446e-17,2.585585761931341e-19,-0.016713375996069146,-1.0788701671657554e-16,1.7821607460677718e-16,-0.0,473,205000000,133.56,0,2,3
9.555000000000007,0.0,5.0,1.6199999999998531,0.12000000000196966,4.24273628292815,0.009601687313541218,4.113484596802284e-16,3.534830439963724e-18,-0.9999539027378876,1.375189483554623e-17,-2.5039090121344094e-20,-0.016713375996069146,-1.7453382194886055e-16,-3.0491760244534956e-17,0.0,473,472000000,134.67,0,2,3
9.754335000000006,0.0,5.0,1.6199999999998531,0.12000000000196966,4.2387250726890935,0.009601687313541218,4.061773011698405e-16,-8.454733066159462e-18,-0.9999539027378876,1.3576171917168226e-17,-3.871951658925826e-19,-0.016713375996069146,2.269995640194483e-16,-1.3787141750300413e-17,0.0,473,692000000,135.55,0,2,3
9.953280000000005,0.0,5.0,1.6199999999998531,0.12000000000196966,4.236050932529722,0.009601687313541218,4.127954951564794e-16,-3.2692079385067285e-17,-0.9999539027378876,1.3781593276458698e-17,-1.196361355496572e-18,-0.016713375996069146,3.98374119868266e-16,8.55200444612118e-17,0.0,473,927000000,136.45,0,2,3
9.953280000000005,0.0,5.0,1.6199999999998531,0.12000000000196966,4.233376792370351,0.009601687313541218,4.1543916816742943e-16,-3.498011101906598e-17,-0.9999539027378876,1.38805562313991e-17,-1.2767529271621721e-18,-0.016713375996069146,2.508129858851935e-16,-9.02441931391849e-17,0.0,474,95000000,137.03,0,2,3
10.151745000000005,0.0,5.0,1.6199999999998531,0.12000000000196966,4.23070265221098,0.009601687313541218,4.205480787923802e-16,-4.340550424618914e-17,-0.9999539027378876,1.4034141984764005e-17,-1.5781173462970961e-18,-0.016713375996069146,3.9509885816630136e-17,1.2396909699163682e-16,0.0,474,240000000,137.57,0,2,3
10.151745000000005,0.0,5.0,1.6199999999998531,0.12000000000196966,4.226357174452002,0.009601687313541218,4.3664866711359783e-16,-2.487191725348735e-17,-0.9999539027378876,1.457127404132356e-17,-1.003594041398372e-18,-0.016713375996069146,-4.592274504088041e-16,2.1810430443453597e-16,-0.0,474,413000000,138.1,0,2,3
10.349640000000004,0.0,5.0,1.6199999999998531,0.12000000000196966,4.2230144992527885,0.009601687313541218,4.574564012184322e-16,-2.4206978019331667e-17,-0.9999539027378876,1.526748582782325e-17,-9.735449055123946e-19,-0.016713375996069146,-2.6585625600250084e-16,2.0130748315068499e-16,-0.0,474,664000000,138.91,0,2,3
10.546875000000004,0.0,5.0,1.6199999999998531,0.12000000000196966,4.219671824053575,0.009601687313541218,4.659986020612823e-16,-4.765320437489144e-17,-0.9999539027378876,1.5551118934788658e-17,-1.7195042227846106e-18,-0.016713375996069146,3.453071270291599e-16,1.2164781622778106e-16,0.0,474,868000000,139.5,0,2,3
10.546875000000004,0.0,5.0,1.6199999999998531,0.12000000000196966,4.2159948813344394,0.009601687313541218,4.859664359908262e-16,-3.009240171977266e-17,-0.9999539027378876,1.6221610376987833e-17,-1.1929084299787255e-18,-0.016713375996069146,-4.188883270140821e-16,1.6972776171072939e-16,-0.0,475,75000000,140.07,0,2,3
10.743360000000003,0.0,5.0,1.6199999999998531,0.12000000000196966,4.212652206135226,0.009601687313541218,5.065613668666794e-16,-2.945450083602497e-17,-0.9999539027378876,1.6890996882043836e-17,-1.161948691228198e-18,-0.016713375996069146,-1.7110550921535374e-16,3.9288655715567976e-16,-0.0,475,279000000,140.65,0,2,3
10.743360000000003,0.0,5.0,1.6199999999998531,0.12000000000196966,4.209643798455933,0.009601687313541218,5.261335741256905e-16,-3.695325906134249e-17,-0.9999539027378876,1.755358578781698e-17,-1.3574234884989366e-18,-0.016713375996069146,6.371242578560603e-16,2.697587635930856e-16,0.0,475,486000000,141.16,0,2,3
10.939005000000002,0.0,5.0,1.6199999999998531,0.12000000000196966,4.206301123256719,0.009601687313541218,5.517767308426769e-16,-5.224468555967801e-17,-0.9999539027378876,1.8401057176796157e-17,-1.8671359162034634e-18,-0.016713375996069146,6.371550574091808e-16,3.391766679122701e-16,0.0,475,667000000,141.6,0,2,3
11.133720000000002,0.0,5.0,1.6199999999998531,0.12000000000196966,4.2029584480575055,0.009601687313541218,5.43160654414976e-16,-6.272919424427932e-17,-0.9999539027378876,1.8139024314994917e-17,-2.289262861698943e-18,-0.016713375996069146,-1.9445703601198878e-16,-6.306730077578647e-17,0.0,475,872000000,142.07,0,2,3
11.133720000000002,0.0,5.0,1.6199999999998531,0.12000000000196966,4.199615772858292,0.009601687313541218,5.384042052841365e-16,-3.926147422654392e-17,-0.9999539027378876,1.7984708603725126e-17,-1.505067118183954e-18,-0.016713375996069146,-2.8115023099254104e-16,-1.487055989450571e-17,0.0,476,68000000,142.52,0,2,3
11.327415000000002,0.0,5.0,1.6199999999998531,0.12000000000196966,4.196273097659078,0.009601687313541218,5.559128954158616e-16,-2.6742455374029887e-17,-0.9999539027378876,1.857648234181662e-17,-1.0496925051694842e-18,-0.016713375996069146,2.030013790854271e-16,-2.4977853152200866e-17,0.0,476,272000000,142.95,0,2,3
11.327415000000002,0.0,5.0,1.6199999999998531,0.12000000000196966,4.191259084860257,0.009601687313541218,5.525547748725999e-16,-5.031075768780144e-17,-0.9999539027378876,1.84313073348696e-17,-1.8431260395121063e-18,-0.016713375996069146,1.629599169572497e-16,2.934072472602749e-16,0.0,476,473000000,143.36,0,2,3
11.520000000000007,0.0,5.0,1.6199999999998531,0.12000000000196966,4.1872478746212005,0.009601687313541218,5.377454076176795e-16,-3.1401703251004226e-17,-0.9999539027378876,1.795316244022376e-17,-1.2340617148015509e-18,-0.016713375996069146,-1.371919030085173e-16,1.3566847461929688e-16,-0.0,476,766000000,143.95,0,2,3
11.711385000000007,0.0,5.0,1.6199999999998531,0.12000000000196966,4.183905199421987,0.009601687313541218,5.558171701918977e-16,-3.155589460833777e-17,-0.9999539027378876,1.857518252013689e-17,-1.2223735441388861e-18,-0.016713375996069146,-9.482131627939038e-18,-5.5282057957755086e-17,0.0,477,14000000,144.4,0,2,3
11.901480000000008,0.0,5.0,1.6199999999998531,0.12000000000196966,4.178556919103245,0.009601687313541218,5.413688316053317e-16,-8.179806908427741e-17,-0.9999539027378876,1.8076453111124867e-17,-2.899712920359334e-18,-0.016713375996069146,7.281788886320948e-17,-1.0494333479591998e-16,0.0,477,211000000,144.76,0,2,3
11.901480000000008,0.0,5.0,1.6199999999998531,0.12000000000196966,4.175214243904031,0.009601687313541218,5.3768448329624e-16,-5.734057963444857e-17,-0.9999539027378876,1.7948712694019472e-17,-2.1028584589124756e-18,-0.016713375996069146,-1.4951945609324467e-16,5.578905262638404e-17,-0.0,477,523000000,145.31,0,2,3
12.090195000000008,0.0,5.0,1.6199999999998531,0.12000000000196966,4.172205836224738,0.009601687313541218,5.357012262913783e-16,-5.387258225789248e-17,-0.9999539027378876,1.790279071187522e-17,-1.9515018146148852e-18,-0.016713375996069146,3.731442045178991e-16,-1.9337561594517133e-16,0.0,477,719000000,145.64,0,2,3
12.277440000000006,0.0,5.0,1.6199999999998531,0.12000000000196966,4.169197428545446,0.009601687313541218,5.186980678662187e-16,-6.574252606540038e-17,-0.9999539027378876,1.7323144694133865e-17,-2.356522834448037e-18,-0.016713375996069146,4.12650971605126e-17,-9.136449360284919e-17,0.0,477,917000000,145.96,0,2,3
12.277440000000006,0.0,5.0,1.6199999999998531,0.12000000000196966,4.165520485826311,0.009601687313541218,5.382691355837828e-16,-5.726245986356707e-17,-0.9999539027378876,1.7943282307981034e-17,-2.117029763092473e-18,-0.016713375996069146,-2.911682907179209e-16,4.0314444461146517e-16,-0.0,478,94000000,146.2,0,2,3
12.463125000000007,0.0,5.0,1.6199999999998531,0.12000000000196966,4.160840740547411,0.009601687313541218,5.342445037942797e-16,-9.355060650889249e-17,-0.9999539027378876,1.783789946601428e-17,-3.296441356776707e-18,-0.016713375996069146,-1.1596604475518186e-17,-1.6527973884592356e-16,0.0,478,312000000,146.53,0,2,3
12.647160000000005,0.0,5.0,1.6199999999998531,0.12000000000196966,4.1558267277485905,0.009601687313541218,5.311181410487988e-16,-9.438074107707514e-17,-0.9999539027378876,1.7696083722528048e-17,-3.3424824932485873e-18,-0.016713375996069146,-2.4747270714084737e-16,3.548724045258273e-16,-0.0,478,595000000,146.93,0,2,3
12.829455000000008,0.0,5.0,1.6199999999998531,0.12000000000196966,4.151815517509534,0.009601687313541218,5.489244792403865e-16,-8.327289512445429e-17,-0.9999539027378876,1.8319801232342174e-17,-2.907110518396726e-18,-0.016713375996069146,6.510735861369102e-16,1.0967811026079917e-17,0.0,478,895000000,147.35,0,2,3
12.829455000000008,0.0,5.0,1.6199999999998531,0.12000000000196966,4.14847284231032,0.009601687313541218,5.53988412273477e-16,-9.204392041442807e-17,-0.9999539027378876,1.8484434730936117e-17,-3.2601182803961573e-18,-0.016713375996069146,-7.584153627844355e-17,4.3123048052324554e-17,-0.0,479,125000000,147.67,0,2,3
13.009920000000006,0.0,5.0,1.6199999999998531,0.12000000000196966,4.143793097031421,0.009601687313541218,5.514739693572726e-16,-9.081477060587414e-17,-0.9999539027378876,1.8409689983691028e-17,-3.2294549797468957e-18,-0.016713375996069146,-2.2603035657649926e-16,-6.486224183067206e-17,0.0,479,329000000,147.93,0,2,3
13.188465000000008,0.0,5.0,1.6199999999998531,0.12000000000196966,4.1401161543122855,0.009601687313541218,5.414240895933646e-16,-7.178403305661421e-17,-0.9999539027378876,1.8092784364485633e-17,-2.606713900562249e-18,-0.016713375996069146,-4.995255055785826e-16,-2.4640317165610425e-16,0.0,479,604000000,148.28,0,2,3
13.365000000000007,0.0,5.0,1.6199999999998531,0.12000000000196966,4.136104944073229,0.009601687313541218,5.268882127511014e-16,-6.795053942836457e-17,-0.9999539027378876,1.7596325840450785e-17,-2.501496537007593e-18,-0.016713375996069146,-9.019826897630475e-16,-7.757588425319635e-17,0.0,479,823000000,148.55,0,2,3
13.365000000000007,0.0,5.0,1.6199999999998531,0.12000000000196966,4.130422396234565,0.009601687313541218,5.521214279362226e-16,-6.194416752455795e-17,-0.9999539027378876,1.8420025995105434e-17,-2.2395402333827917e-18,-0.016713375996069146,8.050593182003478e-17,1.9504824364464803e-16,0.0,480,68000000,148.83,0,2,3
13.539435000000006,0.0,5.0,1.6199999999998531,0.12000000000196966,4.12674545351543,0.009601687313541218,5.41874165638255e-16,-7.192562506061875e-17,-0.9999539027378876,1.809816385733493e-17,-2.5608519206431644e-18,-0.016713375996069146,2.3855728858279577e-16,-1.2946700269305424e-16,0.0,480,406000000,149.22,0,2,3
13.711680000000007,0.0,5.0,1.6199999999998531,0.12000000000196966,4.122065708236531,0.009601687313541218,5.496423905330126e-16,-5.304381742638352e-17,-0.9999539027378876,1.8341946310707463e-17,-1.9265855267361335e-18,-0.016713375996069146,2.4536258943150506e-16,1.5499558065087135e-16,0.0,480,627000000,149.47,0,2,3
13.881645000000006,0.0,5.0,1.6199999999998531,0.12000000000196966,4.11705169543771,0.009601687313541218,5.418849693085246e-16,-8.132349766318571e-17,-0.9999539027378876,1.8091216518794516e-17,-2.89335904125404e-18,-0.016713375996069146,2.915309631703437e-17,-8.977548037314903e-17,0.0,480,898000000,149.77,0,2,3
14.049240000000006,0.0,5.0,1.6199999999998531,0.12000000000196966,4.112371950158811,0.009601687313541218,5.525433897706622e-16,-3.794163960955949e-17,-0.9999539027378876,1.8450299344138222e-17,-1.4225368235662105e-18,-0.016713375996069146,3.7277468936733975e-16,7.729067593227976e-17,0.0,481,209000000,150.09,0,2,3
14.214375000000006,0.0,5.0,1.6199999999998531,0.12000000000196966,4.108360739919754,0.009601687313541218,5.548501199522762e-16,-5.75679660977383e-17,-0.9999539027378876,1.8519689556682593e-17,-2.104203510118688e-18,-0.016713375996069146,-1.2266776611221074e-16,1.1415916531917038e-16,-0.0,481,480000000,150.37,0,2,3
14.376960000000006,0.0,5.0,1.6199999999998531,0.12000000000196966,4.1043495296806976,0.009601687313541218,5.528251632796887e-16,-7.290246368515924e-17,-0.9999539027378876,1.8453078046461702e-17,-2.6239302507043887e-18,-0.016713375996069146,-1.3202890528878156e-16,9.459478067095988e-18,-0.0,481,728000000,150.61,0,2,3
14.376960000000006,0.0,5.0,1.6199999999998531,0.12000000000196966,4.099669784401798,0.009601687313541218,5.400553040658656e-16,-8.274381676831711e-17,-0.9999539027378876,1.8031064855880668e-17,-2.9746556674079173e-18,-0.016713375996069146,-4.733102106772771e-16,-9.499279211284233e-17,0.0,481,958000000,150.85,0,2,3
14.536905000000008,0.0,5.0,1.6199999999998531,0.12000000000196966,4.095658574162742,0.009601687313541218,5.428904395867928e-16,-6.764333832631976e-17,-0.9999539027378876,1.8111135327379952e-17,-2.4187933322246666e-18,-0.016713375996069146,2.140869370805639e-16,1.5866537131587197e-16,0.0,482,251000000,151.11,0,2,3
14.694120000000009,0.0,5.0,1.6199999999998531,0.12000000000196966,4.090978828883842,0.009601687313541218,5.444303736025504e-16,-7.350334546287612e-17,-0.9999539027378876,1.8187928666850957e-17,-2.6547201711599538e-18,-0.016713375996069146,-3.1407845070141415e-16,-1.8753898818396654e-16,0.0,482,494000000,151.34,0,2,3
14.84851500000001,0.0,5.0,1.6199999999998531,0.12000000000196966,4.086633351124864,0.009601687313541218,5.238626616739896e-16,-4.302067503757959e-17,-0.9999539027378876,1.7510359036171117e-17,-1.5946501405991716e-18,-0.016713375996069146,1.434062225683248e-16,-1.8438247601375213e-16,0.0,482,760000000,151.59,0,2,3
15.0,0.0,5.0,1.6199999999998531,0.12000000000196966,4.083624943445572,0.009601687313541218,5.193492465883148e-16,-2.630935676983823e-17,-0.9999539027378876,1.7351081243025847e-17,-1.0182205450611787e-18,-0.016713375996069146,3.0960752325391434e-16,-1.1518730701796762e-18,0.0,483,31000000,151.82,0,2,3
15.0,0.0,5.0,1.6199999999998531,0.12000000000196966,4.079613733206515,0.009601687313541218,5.199667980768334e-16,-3.48539238250506e-17,-0.9999539027378876,1.7356924781640894e-17,-1.35223936972849e-18,-0.016713375996069146,-1.4462333353669592e-16,1.6184954492275803e-16,-0.0,483,215000000,151.98,0,2,3
15.0,0.0,5.0,1.6199999999998531,0.12000000000196966,4.074933987927616,0.009601687313541218,5.512012907563596e-16,-1.9766158313336375e-17,-0.9999539027378876,1.8402874137536515e-17,-8.324620721313124e-19,-0.016713375996069146,7.638989999434038e-17,2.0317081087803725e-16,0.0,483,454000000,152.19,0,2,3
15.0,0.0,5.0,1.6199999999998531,0.12000000000196966,4.070922777688559,0.009601687313541218,5.356609945482834e-16,-2.656425452282958e-17,-0.9999539027378876,1.7916225090711124e-17,-1.0412754046403876e-18,-0.016713375996069146,1.2456077128663969e-16,-2.744852193294859e-16,0.0,483,720000000,152.43,0,2,3
15.0,0.0,5.0,1.6199999999998531,0.12000000000196966,4.066577299929581,0.009601687313541218,5.311878609607861e-16,-2.4481632248829555e-17,-0.9999539027378876,1.7731611291189392e-17,-9.908321830635883e-19,-0.016713375996069146,-1.2603452109850713e-18,1.9025738414274223e-16,-0.0,483,961000000,152.63,0,2,3
15.0,0.0,5.0,1.6199999999998531,0.12000000000196966,4.0632346247303675,0.009601687313541218,5.454180593433714e-16,3.910261976276675e-18,-0.9999539027378876,1.8219819419268743e-17,-5.588551770322297e-20,-0.016713375996069146,-2.0787262260985587e-16,1.573821737864367e-16,-0.0,484,219000000,152.84,0,2,3
15.0,0.0,5.0,1.6199999999998531,0.12000000000196966,4.059557682011232,0.009601687313541218,5.468919474313729e-16,-2.9549141302158806e-17,-0.9999539027378876,1.8295532332225423e-17,-1.1413791433705651e-18,-0.016713375996069146,3.000616231901102e-16,-3.336106548734014e-16,0.0,484,425000000,153.0,0,2,3
15.0,0.0,5.0,1.6199999999998531,0.12000000000196966,4.055546471772176,0.009601687313541218,5.270765332474396e-16,3.0820801358645897e-18,-0.9999539027378876,1.7627969433131916e-17,-1.3047665091405977e-19,-0.016713375996069146,-8.693726657563082e-16,-1.156238404588861e-16,0.0,484,650000000,153.18,0,2,3
15.0,0.0,5.0,1.6199999999998531,0.12000000000196966,4.05186952905304,0.009601687313541218,5.121008203457463e-16,-2.7984870638943633e-18,-0.9999539027378876,1.7132601380634078e-17,-2.53018554976204e-19,-0.016713375996069146,1.081993034794491e-16,-2.3326768699289966e-16,0.0,484,889000000,153.36,0,2,3
15.0,0.0,5.0,1.6199999999998531,0.12000000000196966,4.048861121373748,0.009601687313541218,5.013608169396866e-16,-2.5431325541658383e-17,-0.9999539027378876,1.675479087478963e-17,-9.921666653700294e-19,-0.016713375996069146,2.4051778773702057e-16,-7.595306284323557e-17,0.0,485,97000000,153.53,0,2,3
15.0,0.0,5.0,1.6199999999998531,0.12000000000196966,4.044849911134691,0.009601687313541218,4.962067706743927e-16,-2.3952122558604217e-17,-0.9999539027378876,1.6583856883587027e-17,-9.611773310740194e-19,-0.016713375996069146,-3.787348820389164e-17,-7.614746385811746e-17,0.0,485,296000000,153.67,0,2,3
15.0,0.0,5.0,1.6199999999998531,0.12000000000196966,4.041172968415556,0.009601687313541218,4.88866402110714e-16,-2.0425106961282265e-17,-0.9999539027378876,1.6344906097572917e-17,-8.598658426968355e-19,-0.016713375996069146,-3.2186914144081973e-16,-1.4623924184931077e-16,0.0,485,521000000,153.85,0,2,3
15.0,0.0,5.0,1.6199999999998531,0.12000000000196966,4.0371617581765,0.009601687313541218,4.64690507455521e-16,-1.3520387624016379e-17,-0.9999539027378876,1.5530047010368255e-17,-5.932055219633574e-19,-0.016713375996069146,8.570998395144408e-17,-4.3546564970238166e-17,0.0,485,746000000,154.01,0,2,3
15.0,0.0,5.0,1.6199999999998531,0.12000000000196966,4.033484815457364,0.009601687313541218,4.639483280116449e-16,1.123516852541292e-18,-0.9999539027378876,1.551453370134235e-17,-1.3868099518881427e-19,-0.016713375996069146,-3.797603963689423e-16,-7.148799618040203e-17,0.0,485,988000000,154.19,0,2,3
15.0,0.0,5.0,1.6199999999998531,0.12000000000196966,4.029139337698386,0.009601687313541218,4.505177942087656e-16,-1.573830575686968e-17,-0.9999539027378876,1.506154482914337e-17,-6.841184124693737e-19,-0.016713375996069146,-1.872103648362357e-16,-1.0433861794676456e-16,0.0,486,205000000,154.34,0,2,3
15.0,0.0,5.0,1.6199999999998531,0.12000000000196966,4.02512812745933,0.009601687313541218,4.468121788236071e-16,3.198585383746654e-18,-0.9999539027378876,1.494295838740375e-17,-4.9440036905865446e-20,-0.016713375996069146,-2.3794733593885683e-16,-7.991099573538794e-17,0.0,486,466000000,154.53,0,2,3
15.0,0.0,5.0,1.6199999999998531,0.12000000000196966,4.021785452260116,0.009601687313541218,4.404614950961592e-16,1.619770408219304e-17,-0.9999539027378876,1.4726601781947052e-17,4.0477899568410804e-19,-0.016713375996069146,2.098262708668394e-17,1.8440470176712213e-18,0.0,486,702000000,154.69,0,2,3
15.0,0.0,5.0,1.6199999999998531,0.12000000000196966,4.018108509540981,0.009601687313541218,4.3545772018879403e-16,3.1783543077253354e-18,-0.9999539027378876,1.455654464425995e-17,-3.671168336741223e-20,-0.016713375996069146,-3.4681257441825624e-17,-1.0184968172835236e-17,0.0,486,905000000,154.83,0,2,3
15.0,0.0,5.0,1.6199999999998531,0.12000000000196966,4.0144315668218455,0.009601687313541218,4.311479112166535e-16,2.840640583040568e-17,-0.9999539027378876,1.4423668433365205e-17,7.7601910090367045e-19,-0.016713375996069146,-2.8639533705094776e-16,-5.3036847396826406e-17,0.0,487,119000000,154.98,0,2,3
15.0,0.0,5.0,1.6199999999998531,0.12000000000196966,4.011088891622632,0.009601687313541218,4.1066019648286604e-16,1.4528531155204562e-17,-0.9999539027378876,1.3748531464127265e-17,3.8504496362523063e-19,-0.016713375996069146,3.9677287785565263e-16,-2.392579894022803e-16,0.0,487,343000000,155.13,0,2,3
15.0,0.0,5.0,1.6199999999998531,0.12000000000196966,4.0074119489034965,0.009601687313541218,3.877901051399118e-16,5.7777524513626355e-18,-0.9999539027378876,1.296240796643458e-17,1.2547891337684368e-20,-0.016713375996069146,-6.525678413845778e-16,-6.456011556596548e-18,0.0,487,547000000,155.26,0,2,3
15.0,0.0,5.0,1.6199999999998531,0.12000000000196966,4.004069273704283,0.009601687313541218,3.8075237563078116e-16,2.379570334556415e-17,-0.9999539027378876,1.273529566663415e-17,6.603616419353235e-19,-0.016713375996069146,-8.293424066242857e-17,-3.6931565947565623e-17,0.0,487,759000000,155.41,0,2,3
15.0,0.0,5.0,1.6199999999998531,0.12000000000196966,4.0003923309851475,0.009601687313541218,3.748580910289568e-16,-6.134402213461816e-18,-0.9999539027378876,1.2538038484902598e-17,-2.8604786087492485e-19,-0.016713375996069146,4.56080627883984e-16,-1.0462292153888617e-16,0.0,487,969000000,155.54,0,2,3
15.0,0.0,5.0,1.6199999999998531,0.12000000000196966,3.9970496557860122,0.009601687313541218,3.5968592836061173e-16,1.2651831590191369e-17,-0.9999539027378876,1.2035934064659873e-17,2.9759515000643052e-19,-0.016713375995625057,-2.3520673438116064e-16,-1.424564970867266e-16,0.0,488,192000000,155.68,0,2,3
15.0,0.0,5.0,1.6199999999998531,0.12000000000196966,3.9933727130669747,0.009601687313541218,3.6302335833971716e-16,1.998314964211531e-17,-0.9999539027378876,1.2129356391883807e-17,5.338285444480354e-19,-0.016713375995625057,-2.824127515916019e-16,1.5504321979180586e-16,-0.0,488,395000000,155.8,0,2,3
15.0,0.0,5.0,1.6199999999998531,0.12000000000196966,3.989695770347937,0.009601687313541218,3.495627851418755e-16,2.700094289393295e-17,-0.9999539027378876,1.1713879424621011e-17,8.047206024447995e-19,-0.016713375995625057,1.236780276437159e-16,-2.9890438717339086e-16,0.0,488,616000000,155.94,0,2,3
15.0,0.0,5.0,1.6199999999998531,0.12000000000196966,3.9853502925890747,0.009601687313541218,3.4031533836695126e-16,5.183720358517622e-17,-0.9999539027378876,1.1395442641779017e-17,1.6128336138134354e-18,-0.016713375995625057,-1.5892165545721306e-16,-3.7725304845507095e-17,0.0,488,818000000,156.08,0,2,3
15.0,0.0,5.0,1.6199999999998531,0.12000000000196966,3.9806705473102997,0.009601687313541218,3.4584763234100624e-16,4.4441617346711254e-17,-0.9999539027378876,1.1569938576643403e-17,1.4366475037079048e-18,-0.016713375995625057,5.694407461018335e-16,5.323879372868939e-17,0.0,489,91000000,156.24,0,2,3
15.0,0.0,5.0,1.6199999999998531,0.12000000000196966,3.975656534511612,0.009601687313541218,3.3059768718800917e-16,4.269964490724958e-17,-0.9999539027378876,1.1071582270979181e-17,1.335483671295365e-18,-0.016713375995625057,2.3189478560344214e-17,-9.445185088891475e-17,0.0,489,371000000,156.41,0,2,3
15.0,0.0,5.0,1.6199999999998531,0.12000000000196966,3.971645324272662,0.009601687313541218,3.476261772389959e-16,5.682872643478336e-17,-0.9999539027378876,1.1620125218112129e-17,1.7530602908702704e-18,-0.016713375995625057,-4.803208015981507e-16,2.3413735366966495e-16,-0.0,489,660000000,156.59,0,2,3
15.0,0.0,5.0,1.6199999999998531,0.12000000000196966,3.9672998465137996,0.009601687313541218,3.521968830458912e-16,5.736602136698278e-17,-0.9999539027378876,1.178080206520335e-17,1.7775851267256515e-18,-0.016713375995625057,-3.740431165529621e-16,1.2075034335773692e-16,-0.0,489,900000000,156.73,0,2,3
15.0,0.0,5.0,1.6199999999998531,0.12000000000196966,3.9626201012350246,0.009601687313541218,3.7943151566024547e-16,5.4859661035176e-17,-0.9999539027378876,1.2696073184227822e-17,1.6857078381795743e-18,-0.016713375995625057,-4.0317351225517816e-16,4.687889797433209e-17,-0.0,490,176000000,156.88,0,2,3
15.0,0.0,5.0,1.6199999999998531,0.12000000000196966,3.9586088909960746,0.009601687313541218,3.5680164352087885e-16,4.3982076804202246e-17,-0.9999539027378876,1.1966580039810814e-17,1.3236817995270415e-18,-0.016713375995625057,-4.161990432892243e-16,-3.508170274956942e-16,0.0,490,455000000,157.04,0,2,3
15.0,0.0,5.0,1.6199999999998531,0.12000000000196966,3.9545976807571246,0.009601687313541218,3.3558546926849074e-16,4.1163219185264826e-17,-0.9999539027378876,1.1228667758923218e-17,1.2623193970198658e-18,-0.016713375995625057,-1.1938315573451648e-16,-5.279470566096896e-19,0.0,490,693000000,157.18,0,2,3
15.0,0.0,5.0,1.6199999999998531,0.12000000000196966,3.949583667958437,0.009601687313541218,3.1598328141637753e-16,4.0299651236614976e-17,-0.9999539027378876,1.0587532899751523e-17,1.2233096998157277e-18,-0.016713375995625057,-1.6981218827557362e-16,-1.7781050924491213e-16,0.0,490,937000000,157.32,0,2,3
15.0,0.0,5.0,1.6199999999998531,0.12000000000196966,3.944235387639837,0.009601687313541218,2.9293249467251855e-16,7.5165537705088e-17,-0.9999539027378876,9.815730683739421e-18,2.3877105393299168e-18,-0.016713375995625057,-3.343917137044561e-16,-1.5020394251674637e-17,0.0,491,232000000,157.48,0,2,3
15.0,0.0,5.0,1.6199999999998531,0.12000000000196966,3.940224177400887,0.009601687313541218,2.7130955124255064e-16,6.375070925484746e-17,-0.9999539027378876,9.10901679218928e-18,2.0436975565923893e-18,-0.016713375995625057,4.221968761925741e-17,-2.6838196799240054e-16,0.0,491,548000000,157.65,0,2,3
